timestamp,open,high,low,close,volume
2025-02-12 04:00:00,232.92,233.12,232.57,232.69,8802
2025-02-12 04:05:00,232.69,232.75,232.35,232.36,2273
2025-02-12 04:10:00,232.36,232.49,232.35,232.49,1489
2025-02-12 04:15:00,232.5,232.52,232.4,232.47,1822
2025-02-12 04:20:00,232.45,232.5,232.35,232.43,2007
2025-02-12 04:25:00,232.43,232.5,232.41,232.48,2900
2025-02-12 04:30:00,232.48,232.58,232.43,232.56,4802
2025-02-12 04:35:00,232.57,232.58,232.41,232.43,1117
2025-02-12 04:40:00,232.46,232.55,232.46,232.5,493
2025-02-12 04:45:00,232.5,232.55,232.42,232.44,1219
2025-02-12 04:50:00,232.43,232.44,232.32,232.36,2645
2025-02-12 04:55:00,232.36,232.43,232.34,232.41,735
2025-02-12 05:00:00,232.41,232.47,232.39,232.4,1354
2025-02-12 05:05:00,232.39,232.5,232.39,232.49,1147
2025-02-12 05:10:00,232.5,232.56,232.47,232.49,1368
2025-02-12 05:15:00,232.52,232.56,232.52,232.55,412
2025-02-12 05:20:00,232.56,232.6,232.5,232.51,1797
2025-02-12 05:25:00,232.49,232.56,232.47,232.56,525
2025-02-12 05:30:00,232.58,232.58,232.52,232.55,553
2025-02-12 05:35:00,232.54,232.56,232.5,232.51,797
2025-02-12 05:40:00,232.52,232.64,232.51,232.64,1152
2025-02-12 05:45:00,232.63,232.69,232.61,232.63,329
2025-02-12 05:50:00,232.63,232.64,232.55,232.59,1031
2025-02-12 05:55:00,232.6,232.67,232.6,232.6,454
2025-02-12 06:00:00,232.6,232.6,232.56,232.6,833
2025-02-12 06:05:00,232.56,232.57,232.51,232.51,696
2025-02-12 06:10:00,232.51,232.63,232.5,232.58,2372
2025-02-12 06:15:00,232.57,232.73,232.57,232.72,1466
2025-02-12 06:20:00,232.73,232.77,232.7,232.73,435
2025-02-12 06:25:00,232.74,232.87,232.71,232.85,1667
2025-02-12 06:30:00,232.85,232.89,232.84,232.85,807
2025-02-12 06:35:00,232.86,232.88,232.81,232.84,773
2025-02-12 06:40:00,232.82,232.84,232.8,232.82,1964
2025-02-12 06:45:00,232.82,232.83,232.75,232.77,446
2025-02-12 06:50:00,232.78,232.84,232.77,232.78,702
2025-02-12 06:55:00,232.79,232.83,232.75,232.77,1715
2025-02-12 07:00:00,232.77,232.84,232.71,232.79,1818
2025-02-12 07:05:00,232.79,232.81,232.71,232.72,3354
2025-02-12 07:10:00,232.71,232.84,232.71,232.84,1273
2025-02-12 07:15:00,232.82,232.84,232.73,232.73,2438
2025-02-12 07:20:00,232.73,232.81,232.72,232.76,2263
2025-02-12 07:25:00,232.75,232.8,232.75,232.76,435
2025-02-12 07:30:00,232.8,232.84,232.76,232.83,1181
2025-02-12 07:35:00,232.82,232.85,232.76,232.84,1302
2025-02-12 07:40:00,232.85,232.86,232.81,232.81,665
2025-02-12 07:45:00,232.82,232.85,232.81,232.83,1459
2025-02-12 07:50:00,232.81,232.91,232.81,232.9,3761
2025-02-12 07:55:00,232.9,232.95,232.86,232.94,2147
2025-02-12 08:00:00,232.75,233.0,232.3012,232.97,2211567
2025-02-12 08:05:00,232.98,233.0,232.62,232.95,3323
2025-02-12 08:10:00,232.99,233.1,232.94,233.02,7462
2025-02-12 08:15:00,233.02,233.11,232.87,232.87,7620
2025-02-12 08:20:00,232.87,233.0,232.8412,232.9,4180
2025-02-12 08:25:00,232.89,233.0,232.86,232.97,6892
2025-02-12 08:30:00,232.98,233.2,230.51,231.5,109544
2025-02-12 08:35:00,231.4143,231.4143,230.71,230.94,56325
2025-02-12 08:40:00,230.9,231.39,230.77,230.94,46081
2025-02-12 08:45:00,230.9301,232.62,230.82,231.24,31715
2025-02-12 08:50:00,231.23,231.24,230.85,230.87,15563
2025-02-12 08:55:00,230.868,231.25,230.85,231.06,15953
2025-02-12 09:00:00,231.005,231.0878,230.64,230.8,31870
2025-02-12 09:05:00,230.74,231.07,230.41,230.9,29609
2025-02-12 09:10:00,230.9,231.37,230.8,231.34,19904
2025-02-12 09:15:00,231.34,234.93,228.33,231.5381,20403
2025-02-12 09:20:00,231.51,231.93,231.42,231.89,24068
2025-02-12 09:25:00,231.81,231.8687,230.8,231.11,82744
2025-02-12 09:30:00,231.2,232.6539,230.68,231.24,1729404
2025-02-12 09:35:00,231.245,232.04,231.205,231.5,656812
2025-02-12 09:40:00,231.48,231.9,231.25,231.6,517105
2025-02-12 09:45:00,231.61,232.02,231.22,231.9901,581330
2025-02-12 09:50:00,232.03,232.74,231.785,232.73,607126
2025-02-12 09:55:00,232.73,233.03,232.33,232.56,593131
2025-02-12 10:00:00,232.56,232.69,231.795,231.82,510205
2025-02-12 10:05:00,231.82,232.24,231.46,232.0895,491441
2025-02-12 10:10:00,232.11,232.64,231.36,231.88,700610
2025-02-12 10:15:00,231.88,232.78,231.85,232.76,596370
2025-02-12 10:20:00,232.735,233.9,232.71,233.8598,935933
2025-02-12 10:25:00,233.86,234.05,233.43,233.605,639960
2025-02-12 10:30:00,233.6,234.323,233.58,233.82,670754
2025-02-12 10:35:00,233.8,234.3152,233.65,234.3152,601671
2025-02-12 10:40:00,234.305,234.6699,232.03,234.09,602005
2025-02-12 10:45:00,234.12,234.34,233.72,234.01,499872
2025-02-12 10:50:00,234.0048,234.59,233.95,234.4601,411818
2025-02-12 10:55:00,234.4794,234.84,234.44,234.6347,405987
2025-02-12 11:00:00,234.65,234.88,234.53,234.61,376710
2025-02-12 11:05:00,234.6,234.6,233.99,234.21,433135
2025-02-12 11:10:00,234.21,234.66,234.21,234.36,343702
2025-02-12 11:15:00,234.35,234.7954,234.23,234.75,342594
2025-02-12 11:20:00,234.76,234.96,234.55,234.69,395293
2025-02-12 11:25:00,234.705,235.14,234.59,235.07,378531
2025-02-12 11:30:00,235.07,235.34,234.79,234.865,337454
2025-02-12 11:35:00,234.85,234.98,234.72,234.905,280069
2025-02-12 11:40:00,234.92,235.16,234.92,235.02,255184
2025-02-12 11:45:00,235.02,235.2,234.93,235.14,190629
2025-02-12 11:50:00,235.14,235.2,234.86,235.04,281086
2025-02-12 11:55:00,235.05,235.5,235.03,235.4024,402910
2025-02-12 12:00:00,235.385,235.66,235.28,235.31,422360
2025-02-12 12:05:00,235.31,235.32,234.98,235.18,248293
2025-02-12 12:10:00,235.185,235.46,234.9632,235.3103,327000
2025-02-12 12:15:00,235.31,235.6,235.24,235.47,328731
2025-02-12 12:20:00,235.47,235.5536,235.24,235.375,249621
2025-02-12 12:25:00,235.375,235.44,235.1711,235.28,199355
2025-02-12 12:30:00,235.2733,235.42,235.14,235.265,187124
2025-02-12 12:35:00,235.27,235.325,234.91,235.02,250080
2025-02-12 12:40:00,235.02,235.11,234.86,235.0508,183593
2025-02-12 12:45:00,235.05,235.54,235.02,235.4902,223559
2025-02-12 12:50:00,235.5,235.53,235.23,235.48,208514
2025-02-12 12:55:00,235.485,235.6869,235.43,235.66,223274
2025-02-12 13:00:00,235.67,235.89,235.53,235.65,365420
2025-02-12 13:05:00,235.65,235.81,235.5625,235.76,236003
2025-02-12 13:10:00,235.76,235.87,235.52,235.615,238939
2025-02-12 13:15:00,235.61,235.674,235.27,235.28,208960
2025-02-12 13:20:00,235.28,235.4499,235.0899,235.39,216694
2025-02-12 13:25:00,235.4,235.51,235.18,235.48,276529
2025-02-12 13:30:00,235.47,235.66,235.45,235.61,186997
2025-02-12 13:35:00,235.61,235.61,235.46,235.495,143416
2025-02-12 13:40:00,235.5001,235.59,235.32,235.46,188749
2025-02-12 13:45:00,235.46,235.65,235.45,235.5113,191882
2025-02-12 13:50:00,235.51,235.7899,235.4332,235.75,192871
2025-02-12 13:55:00,235.75,235.885,235.53,235.61,269506
2025-02-12 14:00:00,235.6024,235.915,235.55,235.85,213276
2025-02-12 14:05:00,235.861,236.05,235.76,235.88,501227
2025-02-12 14:10:00,235.88,236.085,235.82,236.045,206432
2025-02-12 14:15:00,236.04,236.16,235.955,236.16,243351
2025-02-12 14:20:00,236.16,236.41,236.07,236.39,398113
2025-02-12 14:25:00,236.4,236.44,236.153,236.21,300419
2025-02-12 14:30:00,236.21,236.35,236.0801,236.23,176893
2025-02-12 14:35:00,236.2198,236.325,236.07,236.24,175373
2025-02-12 14:40:00,236.25,236.5,236.23,236.39,414717
2025-02-12 14:45:00,236.4,236.51,236.2701,236.4694,320263
2025-02-12 14:50:00,236.47,236.48,236.25,236.46,256977
2025-02-12 14:55:00,236.47,236.48,236.26,236.47,276965
2025-02-12 15:00:00,236.48,236.51,236.18,236.19,272957
2025-02-12 15:05:00,236.19,236.4,236.16,236.27,234545
2025-02-12 15:10:00,236.27,236.44,236.25,236.36,255907
2025-02-12 15:15:00,236.36,236.37,236.26,236.3053,250865
2025-02-12 15:20:00,236.31,236.48,236.295,236.3642,322073
2025-02-12 15:25:00,236.365,236.66,236.31,236.465,385334
2025-02-12 15:30:00,236.46,236.67,236.42,236.65,250917
2025-02-12 15:35:00,236.65,236.72,236.43,236.49,362767
2025-02-12 15:40:00,236.5,236.72,236.32,236.325,477593
2025-02-12 15:45:00,236.33,236.4379,235.91,236.345,618149
2025-02-12 15:50:00,236.36,236.79,235.91,236.73,925382
2025-02-12 15:55:00,236.75,236.96,236.51,236.89,1724363
2025-02-12 16:00:00,236.89,236.93,236.4982,236.8709,18777240
2025-02-12 16:05:00,236.8706,236.96,236.87,236.94,83195
2025-02-12 16:10:00,236.93,236.99,236.87,236.92,21764
2025-02-12 16:15:00,236.87,236.95,236.83,236.9,4474
2025-02-12 16:20:00,236.87,236.94,236.83,236.88,18666
2025-02-12 16:25:00,236.9,236.93,236.83,236.93,8728
2025-02-12 16:30:00,236.93,236.99,236.87,236.92,11538
2025-02-12 16:35:00,236.881,237.13,236.7,236.92,153718
2025-02-12 16:40:00,236.92,236.95,236.7,236.8019,3891
2025-02-12 16:45:00,236.84,236.9463,236.77,236.78,2913
2025-02-12 16:50:00,236.83,236.91,236.78,236.8201,4381
2025-02-12 16:55:00,236.82,236.91,236.78,236.9,4203
2025-02-12 17:00:00,236.87,236.95,236.8605,236.9,1613
2025-02-12 17:05:00,236.86,236.95,236.74,236.8,2628
2025-02-12 17:10:00,236.82,236.9,236.78,236.8203,1367
2025-02-12 17:15:00,236.83,236.9,234.1131,234.1131,2214
2025-02-12 17:20:00,234.1131,236.9,229.701,236.87,1200
2025-02-12 17:25:00,236.87,236.9,221.4843,236.858,1438
2025-02-12 17:30:00,236.85,236.8883,236.82,236.85,1302
2025-02-12 17:35:00,236.85,236.86,236.8,236.8,1897
2025-02-12 17:40:00,236.82,236.85,236.52,236.77,1086
2025-02-12 17:45:00,236.77,236.77,236.6022,236.67,1066
2025-02-12 17:50:00,236.68,236.88,236.65,236.77,3620
2025-02-12 17:55:00,236.78,236.8,236.75,236.79,1540
2025-02-12 18:00:00,236.7713,236.88,236.76,236.8,901
2025-02-12 18:05:00,236.76,236.87,236.76,236.76,603
2025-02-12 18:10:00,236.8,236.89,236.7627,236.85,1999
2025-02-12 18:15:00,236.82,236.9,236.81,236.86,2060
2025-02-12 18:20:00,236.9,236.9,236.77,236.83,2655
2025-02-12 18:25:00,236.84,236.87,236.75,236.82,733
2025-02-12 18:30:00,236.8,236.83,236.7617,236.77,1224
2025-02-12 18:35:00,236.81,236.87,236.76,236.82,2426
2025-02-12 18:40:00,236.85,236.9,236.76,236.8377,1083
2025-02-12 18:45:00,236.9,236.9,236.76,236.85,1098
2025-02-12 18:50:00,236.89,237.0,236.8,236.996,2982
2025-02-12 18:55:00,236.95,236.99,236.87,236.94,1962
2025-02-12 19:00:00,236.95,237.0,236.87,236.87,1888
2025-02-12 19:05:00,236.93,237.0,236.87,236.8991,1585
2025-02-12 19:10:00,236.89,236.9,236.84,236.8985,1753
2025-02-12 19:15:00,236.88,236.9,236.84,236.84,602
2025-02-12 19:20:00,236.85,236.9,236.84,236.9,183
2025-02-12 19:25:00,236.87,236.9,236.85,236.8998,2161
2025-02-12 19:30:00,236.9,236.9999,236.87,236.88,2694
2025-02-12 19:35:00,236.89,236.9998,236.89,236.9,1488
2025-02-12 19:40:00,236.91,237.09,236.91,237.0,6520
2025-02-12 19:45:00,236.97,237.1,236.91,236.92,1052
2025-02-12 19:50:00,237.01,237.1,237.0,237.08,2619
2025-02-12 19:55:00,237.09,237.1,237.0,237.08,2944
2025-02-13 04:00:00,236.61,237.13,235.3,236.11,16915
2025-02-13 04:05:00,236.01,236.01,235.42,235.68,5763
2025-02-13 04:10:00,235.82,235.99,235.67,235.9,1827
2025-02-13 04:15:00,235.9,236.35,235.85,236.23,4115
2025-02-13 04:20:00,236.25,236.31,236.07,236.12,1144
2025-02-13 04:25:00,236.12,236.16,236.02,236.08,1532
2025-02-13 04:30:00,236.03,236.17,236.01,236.12,2785
2025-02-13 04:35:00,236.12,236.16,236.07,236.11,813
2025-02-13 04:40:00,236.1,236.33,236.03,236.32,3255
2025-02-13 04:45:00,236.25,236.38,236.21,236.32,3031
2025-02-13 04:50:00,236.31,236.32,236.01,236.02,1060
2025-02-13 04:55:00,236.07,236.08,235.66,235.7,3182
2025-02-13 05:00:00,235.68,235.99,235.65,235.96,1279
2025-02-13 05:05:00,235.93,235.96,235.8,235.91,1199
2025-02-13 05:10:00,235.9,235.91,235.81,235.87,515
2025-02-13 05:15:00,235.87,235.95,235.87,235.93,1144
2025-02-13 05:20:00,235.9,235.95,235.83,235.85,2749
2025-02-13 05:25:00,235.85,235.87,235.8,235.81,563
2025-02-13 05:30:00,235.83,235.99,235.83,235.98,2131
2025-02-13 05:35:00,235.92,236.02,235.89,236.0,653
2025-02-13 05:40:00,236.02,236.25,236.0,236.25,550
2025-02-13 05:45:00,236.25,236.3,236.2,236.27,999
2025-02-13 05:50:00,236.28,236.31,236.21,236.31,1193
2025-02-13 05:55:00,236.28,236.38,236.22,236.26,2324
2025-02-13 06:00:00,236.31,236.36,236.28,236.31,2302
2025-02-13 06:05:00,236.26,236.32,236.21,236.29,561
2025-02-13 06:10:00,236.29,236.3,236.24,236.3,1400
2025-02-13 06:15:00,236.31,236.37,236.3,236.32,1451
2025-02-13 06:20:00,236.37,236.45,236.35,236.35,1580
2025-02-13 06:25:00,236.34,236.42,236.34,236.36,460
2025-02-13 06:30:00,236.39,236.42,236.36,236.37,1806
2025-02-13 06:35:00,236.39,236.39,236.22,236.22,983
2025-02-13 06:40:00,236.29,236.31,236.2,236.29,2815
2025-02-13 06:45:00,236.28,236.29,235.62,235.95,5436
2025-02-13 06:50:00,235.93,236.01,235.87,235.93,2883
2025-02-13 06:55:00,235.9,235.9,235.66,235.83,3261
2025-02-13 07:00:00,235.84,236.07,235.8,235.9,4276
2025-02-13 07:05:00,235.89,236.0,235.86,235.96,6008
2025-02-13 07:10:00,235.97,236.03,235.83,235.83,3415
2025-02-13 07:15:00,235.83,235.97,235.83,235.85,2209
2025-02-13 07:20:00,235.88,235.95,235.86,235.92,2771
2025-02-13 07:25:00,235.94,236.05,235.93,235.98,3105
2025-02-13 07:30:00,235.98,235.98,235.81,235.93,5758
2025-02-13 07:35:00,235.93,235.96,235.91,235.96,452
2025-02-13 07:40:00,235.97,236.21,235.97,236.21,3192
2025-02-13 07:45:00,236.21,236.21,235.94,236.07,1965
2025-02-13 07:50:00,236.1,236.17,235.9,236.08,4731
2025-02-13 07:55:00,236.07,236.14,236.07,236.07,481
2025-02-13 08:00:00,235.99,237.43,235.3,236.15,60689
2025-02-13 08:05:00,236.15,236.2,236.1031,236.2,5583
2025-02-13 08:10:00,236.2,236.87,236.06,236.07,6429
2025-02-13 08:15:00,236.1,236.27,236.0,236.04,11225
2025-02-13 08:20:00,236.1,236.28,236.0095,236.18,13164
2025-02-13 08:25:00,236.18,236.29,236.1,236.27,13136
2025-02-13 08:30:00,236.3,236.88,236.0,236.5786,44812
2025-02-13 08:35:00,236.58,236.73,236.52,236.5799,20480
2025-02-13 08:40:00,236.55,236.6495,236.4,236.6,14372
2025-02-13 08:45:00,236.57,236.87,236.5,236.87,1012798
2025-02-13 08:50:00,236.5483,236.86,232.76,236.84,8832
2025-02-13 08:55:00,236.84,237.2,236.6738,237.13,24109
2025-02-13 09:00:00,237.2,237.2,237.0,237.1,17392
2025-02-13 09:05:00,237.099,237.1,229.74,237.0,15468
2025-02-13 09:10:00,237.02,237.1178,236.94,237.05,9987
2025-02-13 09:15:00,237.07,237.1,236.93,236.9885,12273
2025-02-13 09:20:00,236.99,237.22,236.97,237.2009,21466
2025-02-13 09:25:00,237.22,237.46,236.8,236.94,28073
2025-02-13 09:30:00,236.91,239.0,236.82,238.32,2291694
2025-02-13 09:35:00,238.36,238.75,236.4,236.515,1045610
2025-02-13 09:40:00,236.51,237.06,235.9,236.7799,684709
2025-02-13 09:45:00,236.75,236.8,236.37,236.69,562764
2025-02-13 09:50:00,236.65,237.229,236.57,236.92,347861
2025-02-13 09:55:00,236.92,236.96,236.24,236.31,405493
2025-02-13 10:00:00,236.29,236.72,235.85,236.41,703841
2025-02-13 10:05:00,236.42,236.425,235.57,236.06,541910
2025-02-13 10:10:00,236.04,236.42,235.8,236.34,411158
2025-02-13 10:15:00,236.34,236.98,236.19,236.97,412725
2025-02-13 10:20:00,236.975,237.6535,236.78,237.4282,493171
2025-02-13 10:25:00,237.43,238.03,237.4,237.88,474629
2025-02-13 10:30:00,237.896,238.21,237.73,238.14,378740
2025-02-13 10:35:00,238.15,238.51,238.13,238.36,481004
2025-02-13 10:40:00,238.3774,239.03,238.3774,238.99,544154
2025-02-13 10:45:00,239.0099,239.42,238.95,239.04,695936
2025-02-13 10:50:00,239.03,239.26,238.77,239.2299,427514
2025-02-13 10:55:00,239.2,239.51,238.89,239.2801,585830
2025-02-13 11:00:00,239.28,239.7199,239.12,239.705,601675
2025-02-13 11:05:00,239.6972,241.61,239.68,240.8601,2780072
2025-02-13 11:10:00,240.86,241.3,240.7,241.11,766713
2025-02-13 11:15:00,241.08,241.4,240.8,241.39,518779
2025-02-13 11:20:00,241.39,241.43,240.66,241.05,556671
2025-02-13 11:25:00,241.0579,241.19,240.36,240.48,605856
2025-02-13 11:30:00,240.4903,240.75,239.95,240.61,593606
2025-02-13 11:35:00,240.63,240.64,239.82,239.87,363196
2025-02-13 11:40:00,239.87,240.25,239.86,240.08,486655
2025-02-13 11:45:00,240.085,240.4799,240.0657,240.2999,183114
2025-02-13 11:50:00,240.285,240.53,240.09,240.235,289489
2025-02-13 11:55:00,240.24,240.56,240.15,240.39,362034
2025-02-13 12:00:00,240.42,240.75,240.3,240.7,369906
2025-02-13 12:05:00,240.6901,240.84,240.52,240.595,318576
2025-02-13 12:10:00,240.5987,240.6434,240.071,240.435,233261
2025-02-13 12:15:00,240.44,240.58,240.34,240.37,241377
2025-02-13 12:20:00,240.365,240.54,240.34,240.42,193982
2025-02-13 12:25:00,240.42,240.48,240.265,240.345,159141
2025-02-13 12:30:00,240.3499,240.48,240.19,240.48,179646
2025-02-13 12:35:00,240.4913,240.535,240.34,240.38,172448
2025-02-13 12:40:00,240.4076,240.66,240.39,240.54,216093
2025-02-13 12:45:00,240.54,240.99,240.54,240.95,360650
2025-02-13 12:50:00,240.9488,241.13,240.89,241.0806,362372
2025-02-13 12:55:00,241.07,241.15,240.58,240.6891,296033
2025-02-13 13:00:00,240.68,241.14,240.38,241.14,283096
2025-02-13 13:05:00,241.13,241.27,240.9,241.1416,311333
2025-02-13 13:10:00,241.13,241.35,241.06,241.18,258733
2025-02-13 13:15:00,241.17,241.2,240.3,240.63,319004
2025-02-13 13:20:00,240.63,241.22,240.495,241.155,194717
2025-02-13 13:25:00,241.14,241.35,241.0198,241.03,234852
2025-02-13 13:30:00,241.04,241.19,240.9,241.01,187875
2025-02-13 13:35:00,241.0,241.0699,240.85,241.02,229264
2025-02-13 13:40:00,241.05,241.14,240.53,241.0,438929
2025-02-13 13:45:00,240.98,241.22,240.8,241.1532,273869
2025-02-13 13:50:00,241.15,241.36,237.0,241.28,467325
2025-02-13 13:55:00,241.3,241.6,241.17,241.59,264907
2025-02-13 14:00:00,241.585,241.64,241.39,241.59,293431
2025-02-13 14:05:00,241.5957,241.74,241.4,241.6602,262998
2025-02-13 14:10:00,241.67,241.89,241.67,241.785,363300
2025-02-13 14:15:00,241.785,242.07,241.605,241.88,450399
2025-02-13 14:20:00,241.88,241.98,241.61,241.67,300294
2025-02-13 14:25:00,241.67,241.9,241.55,241.7699,229327
2025-02-13 14:30:00,241.7501,241.92,241.59,241.87,190622
2025-02-13 14:35:00,241.87,242.08,241.8,241.81,284721
2025-02-13 14:40:00,241.82,241.96,241.66,241.82,219809
2025-02-13 14:45:00,241.81,241.94,241.725,241.9,183202
2025-02-13 14:50:00,241.9084,242.2367,241.895,242.215,372662
2025-02-13 14:55:00,242.23,242.3399,242.03,242.23,394342
2025-02-13 15:00:00,242.22,242.2306,242.0,242.07,278353
2025-02-13 15:05:00,242.07,242.13,241.9001,241.99,294622
2025-02-13 15:10:00,241.9911,242.01,241.69,241.77,326852
2025-02-13 15:15:00,241.7706,241.89,241.51,241.88,372772
2025-02-13 15:20:00,241.87,242.0,241.4211,241.4398,399300
2025-02-13 15:25:00,241.4371,241.73,241.26,241.545,387450
2025-02-13 15:30:00,241.545,241.545,241.2,241.34,373322
2025-02-13 15:35:00,241.34,241.47,241.24,241.415,287565
2025-02-13 15:40:00,241.42,241.48,241.02,241.23,419867
2025-02-13 15:45:00,241.2235,241.6193,241.09,241.58,483687
2025-02-13 15:50:00,241.57,241.769,241.12,241.34,940165
2025-02-13 15:55:00,241.3,241.66,241.01,241.52,1752620
2025-02-13 16:00:00,241.52,242.0,241.21,241.53,25276639
2025-02-13 16:05:00,241.53,241.5914,241.51,241.55,54502
2025-02-13 16:10:00,241.55,241.59,241.5,241.53,6700
2025-02-13 16:15:00,241.5499,241.55,241.5,241.51,428078
2025-02-13 16:20:00,241.53,241.55,241.31,241.32,42592
2025-02-13 16:25:00,241.42,241.53,241.3245,241.4972,31262
2025-02-13 16:30:00,241.42,241.53,241.32,241.33,23576
2025-02-13 16:35:00,241.36,241.4,241.21,241.27,3747
2025-02-13 16:40:00,241.25,241.39,241.21,241.2101,13107
2025-02-13 16:45:00,241.26,241.53,241.21,241.22,77305
2025-02-13 16:50:00,241.23,241.33,241.21,241.3,2832
2025-02-13 16:55:00,241.2227,241.4,241.21,241.3199,3973
2025-02-13 17:00:00,241.32,241.53,241.31,241.38,1244914
2025-02-13 17:05:00,241.32,241.38,241.31,241.36,1155
2025-02-13 17:10:00,241.33,241.38,241.1905,241.1905,5509
2025-02-13 17:15:00,241.21,241.21,241.13,241.13,4962
2025-02-13 17:20:00,241.1982,252.5918,241.09,241.12,5615
2025-02-13 17:25:00,241.13,241.21,241.12,241.21,2614
2025-02-13 17:30:00,241.21,241.28,241.13,241.13,2333
2025-02-13 17:35:00,241.21,241.28,241.13,241.28,2593
2025-02-13 17:40:00,241.2803,241.35,241.15,241.29,1311
2025-02-13 17:45:00,241.29,241.3,241.15,241.23,1378
2025-02-13 17:50:00,241.2962,241.3,241.15,241.15,2114
2025-02-13 17:55:00,241.19,241.3,241.15,241.29,772
2025-02-13 18:00:00,241.2,241.3,241.18,241.3,330
2025-02-13 18:05:00,241.29,241.3,241.2,241.25,1243
2025-02-13 18:10:00,241.27,241.32,241.2,241.27,5310
2025-02-13 18:15:00,241.27,241.4,241.27,241.348,1066
2025-02-13 18:20:00,241.3,241.4,241.27,241.35,4593
2025-02-13 18:25:00,241.2927,241.4962,241.2927,241.4,606
2025-02-13 18:30:00,241.478,241.4975,241.3,241.4,946
2025-02-13 18:35:00,241.39,241.39,241.3,241.33,223
2025-02-13 18:40:00,241.33,241.35,241.3,241.3,696
2025-02-13 18:45:00,241.3,241.35,241.3,241.346,1017
2025-02-13 18:50:00,241.35,241.41,241.31,241.36,1543
2025-02-13 18:55:00,241.36,241.4,241.31,241.31,525
2025-02-13 19:00:00,241.32,241.48,241.3,241.4,812
2025-02-13 19:05:00,241.4,241.44,241.3,241.3,1476
2025-02-13 19:10:00,241.3001,241.53,241.3,241.37,35756
2025-02-13 19:15:00,241.37,241.44,241.3,241.33,1543
2025-02-13 19:20:00,241.33,241.48,241.3015,241.32,1381
2025-02-13 19:25:00,241.35,241.49,241.2,241.33,1696
2025-02-13 19:30:00,241.3,241.37,241.22,241.34,1014
2025-02-13 19:35:00,241.3337,241.5,241.33,241.4,981
2025-02-13 19:40:00,241.42,241.5,241.34,241.46,1044
2025-02-13 19:45:00,241.46,241.5,241.34,241.5,1833
2025-02-13 19:50:00,241.49,241.53,241.34,241.53,2477
2025-02-13 19:55:00,241.51,241.62,241.38,241.38,7926
2025-02-14 04:00:00,242.0,242.0,241.58,241.83,7584
2025-02-14 04:05:00,241.83,241.83,241.24,241.24,5258
2025-02-14 04:10:00,241.22,241.5,241.1,241.48,9852
2025-02-14 04:15:00,241.4,241.49,241.02,241.11,4945
2025-02-14 04:20:00,241.11,241.24,241.02,241.22,2299
2025-02-14 04:25:00,241.21,241.48,241.21,241.33,4090
2025-02-14 04:30:00,241.39,241.42,241.22,241.28,1497
2025-02-14 04:35:00,241.27,241.38,241.2,241.31,4149
2025-02-14 04:40:00,241.36,241.5,241.36,241.45,816
2025-02-14 04:45:00,241.45,241.45,241.25,241.25,2658
2025-02-14 04:50:00,241.25,241.25,241.06,241.09,3003
2025-02-14 04:55:00,241.07,241.13,241.02,241.07,3738
2025-02-14 05:00:00,241.06,241.2,241.0,241.0,2789
2025-02-14 05:05:00,241.02,241.07,241.0,241.01,2161
2025-02-14 05:10:00,241.0,241.06,240.62,240.71,2291
2025-02-14 05:15:00,240.71,240.83,240.7,240.83,2108
2025-02-14 05:20:00,240.8,241.02,240.8,240.96,2128
2025-02-14 05:25:00,240.97,241.01,240.93,240.97,596
2025-02-14 05:30:00,240.99,240.99,240.91,240.91,475
2025-02-14 05:35:00,240.91,240.99,240.68,240.75,6126
2025-02-14 05:40:00,240.84,240.98,240.78,240.78,977
2025-02-14 05:45:00,240.79,240.92,240.7,240.91,2999
2025-02-14 05:50:00,240.88,241.21,240.88,241.21,4697
2025-02-14 05:55:00,241.25,241.59,241.01,241.51,14270
2025-02-14 06:00:00,241.51,241.71,241.45,241.65,7052
2025-02-14 06:05:00,241.65,241.7,241.5,241.56,3579
2025-02-14 06:10:00,241.51,241.58,241.5,241.55,2520
2025-02-14 06:15:00,241.5,241.57,241.47,241.53,1820
2025-02-14 06:20:00,241.52,241.52,241.01,241.07,3601
2025-02-14 06:25:00,241.1,241.26,240.99,241.0,3596
2025-02-14 06:30:00,241.05,241.08,240.86,240.93,4797
2025-02-14 06:35:00,240.95,241.09,240.91,240.91,5938
2025-02-14 06:40:00,240.91,240.94,240.55,240.65,19855
2025-02-14 06:45:00,240.69,240.69,240.44,240.52,4871
2025-02-14 06:50:00,240.5,240.69,240.44,240.66,4868
2025-02-14 06:55:00,240.67,240.77,240.61,240.69,2511
2025-02-14 07:00:00,240.72,240.91,240.66,240.79,4554
2025-02-14 07:05:00,240.8,240.8,240.68,240.72,3758
2025-02-14 07:10:00,240.7,240.73,240.64,240.65,1730
2025-02-14 07:15:00,240.67,240.83,240.67,240.82,2516
2025-02-14 07:20:00,240.81,240.81,240.65,240.71,4542
2025-02-14 07:25:00,240.71,240.79,240.7,240.74,2206
2025-02-14 07:30:00,240.77,241.02,240.77,240.94,5745
2025-02-14 07:35:00,240.94,240.97,240.83,240.85,2708
2025-02-14 07:40:00,240.86,240.88,240.84,240.86,1149
2025-02-14 07:45:00,240.87,240.95,240.83,240.9,3386
2025-02-14 07:50:00,240.85,240.9,240.85,240.85,813
2025-02-14 07:55:00,240.87,241.0,240.82,240.95,4366
2025-02-14 08:00:00,241.7335,242.46,240.44,240.9593,41079
2025-02-14 08:05:00,241.53,241.53,240.83,240.91,5877
2025-02-14 08:10:00,240.9745,241.53,240.72,240.8,159300
2025-02-14 08:15:00,240.8196,240.93,240.74,240.75,2815
2025-02-14 08:20:00,240.8,240.8,240.73,240.74,2126
2025-02-14 08:25:00,240.73,240.78,240.72,240.78,14639
2025-02-14 08:30:00,240.78,240.99,240.72,240.97,8187
2025-02-14 08:35:00,240.98,240.99,240.88,240.89,5051
2025-02-14 08:40:00,240.89,240.9,240.72,240.74,5277
2025-02-14 08:45:00,240.76,240.88,240.72,240.87,3764
2025-02-14 08:50:00,240.87,240.93,240.85,240.92,6032
2025-02-14 08:55:00,240.9,240.92,240.74,240.82,4073
2025-02-14 09:00:00,240.83,240.89,240.75,240.89,6672
2025-02-14 09:05:00,240.86,240.89,240.7,240.76,10707
2025-02-14 09:10:00,240.76,240.87,240.64,240.7,10004
2025-02-14 09:15:00,240.7,240.81,236.86,240.77,2904
2025-02-14 09:20:00,240.76,240.95,240.75,240.95,12433
2025-02-14 09:25:00,240.91,241.45,240.77,241.2999,29878
2025-02-14 09:30:00,241.25,243.0,240.99,242.68,2083674
2025-02-14 09:35:00,242.7,243.5443,242.31,243.405,1097094
2025-02-14 09:40:00,243.42,243.74,242.92,243.575,993198
2025-02-14 09:45:00,243.58,244.06,243.3,243.8,924744
2025-02-14 09:50:00,243.79,244.11,243.51,243.655,563776
2025-02-14 09:55:00,243.655,244.42,243.6406,244.32,682782
2025-02-14 10:00:00,244.31,244.5,243.85,244.2707,725382
2025-02-14 10:05:00,244.275,244.9,244.27,244.86,986655
2025-02-14 10:10:00,244.85,245.05,244.5,244.62,1092583
2025-02-14 10:15:00,244.6499,244.88,244.2601,244.278,578187
2025-02-14 10:20:00,244.28,244.65,244.05,244.4006,542028
2025-02-14 10:25:00,244.42,244.47,244.05,244.38,491664
2025-02-14 10:30:00,244.38,244.38,243.7,243.78,623151
2025-02-14 10:35:00,243.815,244.15,243.18,244.06,673467
2025-02-14 10:40:00,244.055,244.1188,243.5564,243.71,494188
2025-02-14 10:45:00,243.695,243.92,243.345,243.72,364396
2025-02-14 10:50:00,243.72,243.825,243.34,243.418,342211
2025-02-14 10:55:00,243.38,244.3,243.32,244.28,550285
2025-02-14 11:00:00,244.28,244.315,243.9,243.9748,260010
2025-02-14 11:05:00,243.9633,244.15,243.78,243.965,353789
2025-02-14 11:10:00,243.97,244.25,243.83,243.885,347442
2025-02-14 11:15:00,243.9,244.0108,243.3692,243.47,300392
2025-02-14 11:20:00,243.455,243.54,243.16,243.44,318334
2025-02-14 11:25:00,243.4296,244.0,243.39,243.945,295835
2025-02-14 11:30:00,243.94,244.0,243.71,243.93,343906
2025-02-14 11:35:00,243.93,243.98,243.76,243.92,182298
2025-02-14 11:40:00,243.92,244.115,243.855,244.0645,448347
2025-02-14 11:45:00,244.0652,244.41,243.93,244.035,354647
2025-02-14 11:50:00,244.05,244.42,244.02,244.38,290998
2025-02-14 11:55:00,244.37,244.45,244.24,244.38,243686
2025-02-14 12:00:00,244.37,244.44,244.195,244.285,228917
2025-02-14 12:05:00,244.29,244.32,243.9121,243.95,695191
2025-02-14 12:10:00,243.9316,244.04,243.69,243.89,291134
2025-02-14 12:15:00,243.9,244.44,243.895,244.4,578407
2025-02-14 12:20:00,244.415,244.53,244.09,244.165,265839
2025-02-14 12:25:00,244.165,244.18,243.7901,243.81,254255
2025-02-14 12:30:00,243.815,243.8697,243.52,243.54,209040
2025-02-14 12:35:00,243.53,243.75,243.5,243.63,396268
2025-02-14 12:40:00,243.6173,243.7,243.34,243.42,224211
2025-02-14 12:45:00,243.44,243.69,243.345,243.65,182717
2025-02-14 12:50:00,243.6203,243.97,243.6203,243.93,233791
2025-02-14 12:55:00,243.93,244.01,243.72,243.91,225332
2025-02-14 13:00:00,243.915,244.06,243.83,244.06,152471
2025-02-14 13:05:00,244.0506,244.3,243.94,244.29,175320
2025-02-14 13:10:00,244.29,244.32,243.9432,244.0,183109
2025-02-14 13:15:00,243.9846,244.18,243.93,244.13,179549
2025-02-14 13:20:00,244.135,244.23,244.051,244.17,124153
2025-02-14 13:25:00,244.18,244.18,243.8,243.9999,140109
2025-02-14 13:30:00,243.98,244.42,243.98,244.395,173609
2025-02-14 13:35:00,244.4,244.47,244.19,244.29,153263
2025-02-14 13:40:00,244.2979,244.38,244.23,244.36,132773
2025-02-14 13:45:00,244.36,244.54,244.28,244.4,226177
2025-02-14 13:50:00,244.4,244.45,244.09,244.29,147970
2025-02-14 13:55:00,244.28,244.33,244.08,244.16,138787
2025-02-14 14:00:00,244.1602,244.24,244.07,244.09,143869
2025-02-14 14:05:00,244.0705,244.21,243.98,244.0861,160440
2025-02-14 14:10:00,244.08,244.3,244.08,244.29,204683
2025-02-14 14:15:00,244.285,244.285,243.97,244.08,146844
2025-02-14 14:20:00,244.0738,244.17,243.94,244.09,164833
2025-02-14 14:25:00,244.09,244.17,244.0001,244.14,185731
2025-02-14 14:30:00,244.14,244.34,244.12,244.21,202519
2025-02-14 14:35:00,244.2157,244.32,244.125,244.32,136356
2025-02-14 14:40:00,244.32,244.37,244.2,244.25,150882
2025-02-14 14:45:00,244.262,244.29,244.075,244.11,158609
2025-02-14 14:50:00,244.105,244.3,244.0,244.24,181244
2025-02-14 14:55:00,244.2201,244.29,244.16,244.2683,151307
2025-02-14 15:00:00,244.265,244.265,243.93,244.155,335219
2025-02-14 15:05:00,244.15,244.18,243.9101,244.14,187458
2025-02-14 15:10:00,244.141,244.16,243.99,244.14,186233
2025-02-14 15:15:00,244.15,244.24,243.9608,244.1488,266819
2025-02-14 15:20:00,244.1487,244.239,244.11,244.18,238465
2025-02-14 15:25:00,244.18,244.25,244.05,244.09,232835
2025-02-14 15:30:00,244.09,244.34,243.91,244.3034,370467
2025-02-14 15:35:00,244.31,244.3667,244.15,244.2701,396352
2025-02-14 15:40:00,244.28,244.38,244.05,244.31,367781
2025-02-14 15:45:00,244.31,244.38,244.2,244.32,405861
2025-02-14 15:50:00,244.33,245.55,244.25,245.03,1392617
2025-02-14 15:55:00,245.04,245.11,244.5,244.57,1949557
2025-02-14 16:00:00,244.57,244.71,244.51,244.67,12431043
2025-02-14 16:05:00,244.67,244.87,244.6,244.81,229595
2025-02-14 16:10:00,244.84,245.0,244.2976,244.95,23415
2025-02-14 16:15:00,244.9467,245.0,244.6,244.9,4286
2025-02-14 16:20:00,244.6,244.9,244.6,244.8885,15317
2025-02-14 16:25:00,244.83,244.88,244.71,244.721,20551
2025-02-14 16:30:00,244.72,244.7888,244.66,244.7,8245
2025-02-14 16:35:00,244.66,244.77,244.66,244.72,5694
2025-02-14 16:40:00,244.72,244.8,244.7,244.76,9830
2025-02-14 16:45:00,244.77,244.8632,244.76,244.78,7385
2025-02-14 16:50:00,244.78,244.88,244.6,244.87,5714
2025-02-14 16:55:00,244.85,244.8785,244.6,244.81,50252
2025-02-14 17:00:00,244.79,244.79,244.18,244.26,518529
2025-02-14 17:05:00,244.32,244.5,244.08,244.35,18227
2025-02-14 17:10:00,244.3988,244.4,244.1,244.13,7963
2025-02-14 17:15:00,243.2133,244.46,243.2133,244.3,3418
2025-02-14 17:20:00,244.28,244.5,244.28,244.47,1790
2025-02-14 17:25:00,244.39,244.4888,243.2133,244.42,781
2025-02-14 17:30:00,244.36,244.5,244.36,244.4,1086
2025-02-14 17:35:00,244.4,244.5,244.36,244.4,2230
2025-02-14 17:40:00,244.5,244.5,244.4,244.45,1234
2025-02-14 17:45:00,244.45,244.4988,244.4,244.49,916
2025-02-14 17:50:00,244.48,244.6,244.41,244.59,3398
2025-02-14 17:55:00,244.5,244.6,244.41,244.49,1125
2025-02-14 18:00:00,244.58,244.58,244.41,244.45,974
2025-02-14 18:05:00,244.48,244.6,244.45,244.5,3235
2025-02-14 18:10:00,244.5,244.57,244.45,244.5,916
2025-02-14 18:15:00,244.5,244.59,244.45,244.46,288
2025-02-14 18:20:00,244.5,244.5,244.45,244.45,1512
2025-02-14 18:25:00,244.46,244.46,244.45,244.45,446
2025-02-14 18:30:00,244.4582,244.5654,244.356,244.356,1297
2025-02-14 18:35:00,244.36,244.5847,244.25,244.44,508
2025-02-14 18:40:00,244.4,244.6,244.36,244.41,385
2025-02-14 18:45:00,244.555,244.58,244.36,244.4812,1541
2025-02-14 18:50:00,244.6,244.6,244.48,244.51,573
2025-02-14 18:55:00,244.5,244.7925,244.5,244.67,42348
2025-02-14 19:00:00,244.5075,244.8,244.5,244.78,565
2025-02-14 19:05:00,244.68,244.78,244.5,244.55,989
2025-02-14 19:10:00,244.5,244.59,244.5,244.51,725
2025-02-14 19:15:00,244.6463,244.65,244.5,244.5037,650
2025-02-14 19:20:00,244.52,244.7828,244.5,244.55,828
2025-02-14 19:25:00,244.55,244.78,244.5,244.65,295
2025-02-14 19:30:00,244.65,244.77,244.51,244.77,492
2025-02-14 19:35:00,244.5101,244.78,244.5101,244.6014,330
2025-02-14 19:40:00,244.62,244.78,244.51,244.78,456
2025-02-14 19:45:00,244.67,244.78,244.65,244.71,725
2025-02-14 19:50:00,244.75,244.75,244.66,244.74,626
2025-02-14 19:55:00,244.71,244.75,244.5,244.64,2096
2025-02-18 04:00:00,243.89,245.88,243.89,244.94,11385
2025-02-18 04:05:00,244.81,244.91,244.7,244.74,2627
2025-02-18 04:10:00,244.72,244.95,244.72,244.91,3726
2025-02-18 04:15:00,244.91,245.07,244.9,245.07,4128
2025-02-18 04:20:00,245.07,245.09,244.92,244.96,3058
2025-02-18 04:25:00,244.94,244.96,244.9,244.93,1630
2025-02-18 04:30:00,244.96,244.96,244.9,244.92,1996
2025-02-18 04:35:00,244.91,244.96,244.86,244.92,2715
2025-02-18 04:40:00,244.92,244.96,244.86,244.87,3358
2025-02-18 04:45:00,244.86,244.96,244.84,244.92,2525
2025-02-18 04:50:00,244.91,244.96,244.88,244.95,506
2025-02-18 04:55:00,244.92,244.96,244.87,244.94,988
2025-02-18 05:00:00,244.94,244.96,244.89,244.93,1567
2025-02-18 05:05:00,244.91,244.96,244.9,244.93,1296
2025-02-18 05:10:00,244.92,244.96,244.9,244.95,924
2025-02-18 05:15:00,244.93,244.95,244.9,244.93,860
2025-02-18 05:20:00,244.92,244.92,244.79,244.82,3020
2025-02-18 05:25:00,244.82,244.95,244.82,244.92,2806
2025-02-18 05:30:00,244.89,244.95,244.87,244.9,570
2025-02-18 05:35:00,244.92,244.95,244.82,244.84,1038
2025-02-18 05:40:00,244.89,244.9,244.85,244.86,250
2025-02-18 05:45:00,244.84,244.9,244.84,244.9,1134
2025-02-18 05:50:00,244.86,244.91,244.84,244.86,631
2025-02-18 05:55:00,244.87,244.94,244.84,244.94,764
2025-02-18 06:00:00,244.94,244.95,244.9,244.93,499
2025-02-18 06:05:00,244.93,245.09,244.93,245.07,2936
2025-02-18 06:10:00,245.09,245.18,245.04,245.11,1290
2025-02-18 06:15:00,245.16,245.2,245.12,245.18,952
2025-02-18 06:20:00,245.16,245.2,244.97,245.0,5008
2025-02-18 06:25:00,244.97,245.0,244.97,244.99,139
2025-02-18 06:30:00,245.0,245.0,244.97,244.97,1134
2025-02-18 06:35:00,244.97,245.0,244.94,245.0,2506
2025-02-18 06:40:00,245.0,245.0,244.9,244.93,4929
2025-02-18 06:45:00,244.93,244.95,244.84,244.88,1826
2025-02-18 06:50:00,244.87,244.88,244.75,244.75,2727
2025-02-18 06:55:00,244.74,244.78,244.64,244.71,2403
2025-02-18 07:00:00,244.74,244.9,244.64,244.71,9482
2025-02-18 07:05:00,244.72,244.75,244.65,244.74,3558
2025-02-18 07:10:00,244.73,244.85,244.7,244.71,5258
2025-02-18 07:15:00,244.75,244.84,244.64,244.84,3353
2025-02-18 07:20:00,244.84,244.94,244.82,244.92,3289
2025-02-18 07:25:00,244.92,244.93,244.72,244.75,1656
2025-02-18 07:30:00,244.77,244.87,244.75,244.87,5243
2025-02-18 07:35:00,244.86,244.95,244.8,244.8,3164
2025-02-18 07:40:00,244.78,244.85,244.78,244.79,3183
2025-02-18 07:45:00,244.8,244.83,244.79,244.81,5802
2025-02-18 07:50:00,244.78,244.92,244.73,244.92,5270
2025-02-18 07:55:00,244.92,245.0,244.91,244.95,6487
2025-02-18 08:00:00,244.75,245.57,244.6,244.8693,1132738
2025-02-18 08:05:00,244.826,244.87,244.6,244.78,3904
2025-02-18 08:10:00,244.77,244.81,244.6,244.7083,3354
2025-02-18 08:15:00,244.77,244.78,244.7,244.71,6114
2025-02-18 08:20:00,244.71,244.85,244.7,244.85,6325
2025-02-18 08:25:00,244.83,244.85,244.6,244.65,8896
2025-02-18 08:30:00,244.61,244.79,244.2,244.32,35069
2025-02-18 08:35:00,244.2,244.64,241.375,244.59,10025
2025-02-18 08:40:00,244.6,244.75,244.5822,244.75,8782
2025-02-18 08:45:00,244.7112,244.82,244.64,244.7,3491
2025-02-18 08:50:00,244.69,244.84,244.69,244.76,7925
2025-02-18 08:55:00,244.75,244.8,244.7,244.75,2678
2025-02-18 09:00:00,244.73,244.84,244.69,244.7508,7310
2025-02-18 09:05:00,244.7988,244.8,244.6,244.63,8571
2025-02-18 09:10:00,244.63,244.74,244.31,244.38,15569
2025-02-18 09:15:00,244.4,244.4,244.01,244.15,28384
2025-02-18 09:20:00,244.16,244.35,244.07,244.34,13719
2025-02-18 09:25:00,244.34,244.34,242.82,244.05,115312
2025-02-18 09:30:00,244.15,245.005,242.8601,243.755,2745129
2025-02-18 09:35:00,243.765,243.96,242.97,243.64,1173307
2025-02-18 09:40:00,243.66,243.8534,242.92,243.6,733874
2025-02-18 09:45:00,243.6,244.6,243.23,244.4532,698886
2025-02-18 09:50:00,244.44,245.1,244.3,244.9857,625395
2025-02-18 09:55:00,245.0,245.18,244.7706,244.93,740523
2025-02-18 10:00:00,244.984,245.0972,244.11,244.66,531721
2025-02-18 10:05:00,244.68,244.84,244.205,244.37,348746
2025-02-18 10:10:00,244.39,244.65,244.2,244.46,305385
2025-02-18 10:15:00,244.48,244.75,244.35,244.58,320642
2025-02-18 10:20:00,244.55,244.93,244.4032,244.48,692509
2025-02-18 10:25:00,244.51,244.53,243.86,244.0905,355039
2025-02-18 10:30:00,244.095,244.69,244.027,244.098,362301
2025-02-18 10:35:00,244.12,244.49,244.06,244.23,247981
2025-02-18 10:40:00,244.23,244.47,244.175,244.37,238885
2025-02-18 10:45:00,244.34,244.41,243.94,244.23,260459
2025-02-18 10:50:00,244.212,244.42,243.96,244.315,311165
2025-02-18 10:55:00,244.3305,244.45,243.95,244.33,327576
2025-02-18 11:00:00,244.33,244.45,244.27,244.338,193507
2025-02-18 11:05:00,244.37,244.45,244.22,244.27,186976
2025-02-18 11:10:00,244.29,244.67,244.29,244.3609,227529
2025-02-18 11:15:00,244.375,244.9699,244.28,244.77,360941
2025-02-18 11:20:00,244.76,244.76,244.34,244.6162,260341
2025-02-18 11:25:00,244.615,244.8,244.6101,244.725,182242
2025-02-18 11:30:00,244.72,244.76,244.47,244.6,170369
2025-02-18 11:35:00,244.6,244.86,244.48,244.81,456548
2025-02-18 11:40:00,244.82,244.82,244.35,244.47,207157
2025-02-18 11:45:00,244.455,245.0,244.44,244.98,274983
2025-02-18 11:50:00,244.9863,245.02,244.8512,244.9524,253447
2025-02-18 11:55:00,244.965,245.05,244.87,244.89,648181
2025-02-18 12:00:00,244.895,244.95,244.61,244.77,187825
2025-02-18 12:05:00,244.77,244.78,244.173,244.365,192578
2025-02-18 12:10:00,244.36,244.47,244.2402,244.41,175737
2025-02-18 12:15:00,244.42,244.425,244.245,244.3336,182348
2025-02-18 12:20:00,244.3169,244.51,244.24,244.49,141892
2025-02-18 12:25:00,244.4705,244.57,244.34,244.43,181580
2025-02-18 12:30:00,244.45,244.5,244.2301,244.275,150226
2025-02-18 12:35:00,244.28,244.41,244.02,244.365,209893
2025-02-18 12:40:00,244.3775,244.38,243.93,244.2,300781
2025-02-18 12:45:00,244.2,244.2,243.9801,244.1,167350
2025-02-18 12:50:00,244.08,244.31,244.0759,244.18,136561
2025-02-18 12:55:00,244.18,244.18,243.95,243.975,191689
2025-02-18 13:00:00,243.97,244.1155,243.86,244.063,484964
2025-02-18 13:05:00,244.065,244.08,243.88,243.92,195112
2025-02-18 13:10:00,243.9298,243.9778,243.62,243.69,200937
2025-02-18 13:15:00,243.68,243.87,243.51,243.525,164311
2025-02-18 13:20:00,243.525,243.58,243.25,243.445,238659
2025-02-18 13:25:00,243.445,243.55,243.3,243.435,212642
2025-02-18 13:30:00,243.43,243.4833,243.035,243.165,241697
2025-02-18 13:35:00,243.16,243.165,242.8312,242.8312,362177
2025-02-18 13:40:00,242.88,242.93,242.38,242.77,411264
2025-02-18 13:45:00,242.795,242.8325,242.3101,242.529,253350
2025-02-18 13:50:00,242.55,242.6922,242.45,242.61,216276
2025-02-18 13:55:00,242.6199,242.8115,242.58,242.62,203211
2025-02-18 14:00:00,242.61,242.75,242.57,242.615,175775
2025-02-18 14:05:00,242.615,242.68,241.84,242.12,377116
2025-02-18 14:10:00,242.12,242.31,241.91,242.055,200776
2025-02-18 14:15:00,242.0501,242.33,242.0,242.1818,217370
2025-02-18 14:20:00,242.19,242.955,242.12,242.83,353752
2025-02-18 14:25:00,242.84,243.09,242.79,243.05,290451
2025-02-18 14:30:00,243.055,243.32,242.975,243.22,461987
2025-02-18 14:35:00,243.235,243.34,243.14,243.21,228499
2025-02-18 14:40:00,243.21,243.4599,243.1318,243.275,200483
2025-02-18 14:45:00,243.27,243.54,243.24,243.515,172654
2025-02-18 14:50:00,243.53,243.835,243.41,243.6,318484
2025-02-18 14:55:00,243.61,243.75,243.5801,243.695,287922
2025-02-18 15:00:00,243.6989,243.79,243.605,243.76,220384
2025-02-18 15:05:00,243.76,243.79,243.595,243.6442,170355
2025-02-18 15:10:00,243.65,243.835,243.52,243.71,227157
2025-02-18 15:15:00,243.72,243.735,243.52,243.65,225628
2025-02-18 15:20:00,243.65,243.67,243.45,243.61,218873
2025-02-18 15:25:00,243.6,243.64,243.5,243.52,190886
2025-02-18 15:30:00,243.53,243.64,243.33,243.39,219833
2025-02-18 15:35:00,243.39,243.46,243.265,243.27,259781
2025-02-18 15:40:00,243.28,243.42,243.185,243.27,313034
2025-02-18 15:45:00,243.28,243.42,243.15,243.28,322168
2025-02-18 15:50:00,243.29,244.5,243.29,244.08,1013427
2025-02-18 15:55:00,244.05,244.953,244.03,244.46,2795016
2025-02-18 16:00:00,244.47,244.5,243.7517,244.35,20918700
2025-02-18 16:05:00,244.3025,244.47,243.9552,244.3012,2667378
2025-02-18 16:10:00,244.47,244.69,244.3,244.42,564417
2025-02-18 16:15:00,244.47,244.68,244.42,244.4215,7891
2025-02-18 16:20:00,244.4201,244.63,244.42,244.55,3317
2025-02-18 16:25:00,244.63,244.66,244.12,244.57,2188
2025-02-18 16:30:00,244.57,244.64,244.42,244.5701,9066
2025-02-18 16:35:00,244.58,244.61,244.47,244.57,9161
2025-02-18 16:40:00,244.5707,244.75,244.42,244.42,23473
2025-02-18 16:45:00,244.51,244.52,244.42,244.52,1791
2025-02-18 16:50:00,244.52,244.57,244.44,244.53,2432
2025-02-18 16:55:00,244.53,244.6,244.53,244.55,904
2025-02-18 17:00:00,244.53,244.6,244.47,244.54,5526
2025-02-18 17:05:00,244.54,244.79,244.53,244.55,3316
2025-02-18 17:10:00,244.53,244.77,244.53,244.6958,1528
2025-02-18 17:15:00,244.53,244.67,227.4311,244.55,1682
2025-02-18 17:20:00,244.6,244.65,244.54,244.57,1669
2025-02-18 17:25:00,244.65,244.65,241.7383,244.6489,605
2025-02-18 17:30:00,244.6,247.6583,228.4912,244.64,3528
2025-02-18 17:35:00,244.61,244.7,228.7977,244.55,647
2025-02-18 17:40:00,244.54,244.6863,227.4311,244.672,1906
2025-02-18 17:45:00,244.54,244.7,229.248,244.7,576651
2025-02-18 17:50:00,244.65,244.69,228.4912,244.6699,1055
2025-02-18 17:55:00,244.58,244.68,244.54,244.55,681
2025-02-18 18:00:00,244.58,244.99,244.58,244.68,6391
2025-02-18 18:05:00,244.6801,244.94,244.68,244.85,2863
2025-02-18 18:10:00,244.85,244.9,244.7245,244.8499,4402
2025-02-18 18:15:00,244.73,244.84,244.7,244.8,438
2025-02-18 18:20:00,244.78,244.84,244.76,244.79,1867
2025-02-18 18:25:00,244.84,244.84,244.76,244.76,989
2025-02-18 18:30:00,244.76,244.8,244.7,244.78,1681
2025-02-18 18:35:00,244.73,244.89,244.72,244.7512,1813
2025-02-18 18:40:00,244.81,244.9,244.75,244.76,774
2025-02-18 18:45:00,244.75,244.9,244.75,244.85,1960
2025-02-18 18:50:00,244.9358,244.95,244.81,244.94,1317
2025-02-18 18:55:00,244.87,244.95,244.78,244.9012,1147
2025-02-18 19:00:00,244.95,244.95,244.8,244.8232,1324
2025-02-18 19:05:00,244.82,245.0,244.82,244.93,1108
2025-02-18 19:10:00,244.88,245.0,244.85,244.9988,4527
2025-02-18 19:15:00,244.99,245.02,244.86,245.0,1750
2025-02-18 19:20:00,244.98,245.0,244.87,244.92,1153
2025-02-18 19:25:00,244.91,245.0,244.9,244.96,498
2025-02-18 19:30:00,244.99,244.99,244.9,244.902,1804
2025-02-18 19:35:00,244.9,245.18,244.9,245.11,9592
2025-02-18 19:40:00,245.18,245.18,244.9,245.05,4266
2025-02-18 19:45:00,245.04,245.24,245.0,245.2001,5522
2025-02-18 19:50:00,245.24,245.4091,245.0201,245.38,6036
2025-02-18 19:55:00,245.3,245.45,245.02,245.4,2162
2025-02-19 04:00:00,245.21,245.55,244.68,244.78,2713
2025-02-19 04:05:00,244.7,244.89,244.7,244.8,2001
2025-02-19 04:10:00,244.85,244.85,244.57,244.79,2866
2025-02-19 04:15:00,244.75,244.75,244.6,244.64,1561
2025-02-19 04:20:00,244.6,244.8,244.54,244.7,1478
2025-02-19 04:25:00,244.71,244.77,244.7,244.72,5637
2025-02-19 04:30:00,244.77,244.8,244.72,244.74,908
2025-02-19 04:35:00,244.8,244.8,244.71,244.78,762
2025-02-19 04:40:00,244.79,244.79,244.7,244.72,713
2025-02-19 04:45:00,244.72,244.79,244.69,244.69,1200
2025-02-19 04:50:00,244.68,244.68,244.53,244.54,1824
2025-02-19 04:55:00,244.54,244.65,244.52,244.56,362
2025-02-19 05:00:00,244.6,244.61,244.55,244.57,404
2025-02-19 05:05:00,244.57,244.66,244.52,244.59,884
2025-02-19 05:10:00,244.58,244.62,244.53,244.59,1365
2025-02-19 05:15:00,244.59,244.62,244.53,244.62,550
2025-02-19 05:20:00,244.54,244.64,244.46,244.47,1153
2025-02-19 05:25:00,244.46,244.49,244.11,244.18,3158
2025-02-19 05:30:00,244.15,244.27,244.01,244.14,2050
2025-02-19 05:35:00,244.09,244.14,244.04,244.07,1097
2025-02-19 05:40:00,244.1,244.16,244.06,244.06,1765
2025-02-19 05:45:00,244.1,244.17,244.06,244.15,592
2025-02-19 05:50:00,244.15,244.17,244.08,244.15,1130
2025-02-19 05:55:00,244.13,244.15,244.0,244.04,1482
2025-02-19 06:00:00,244.11,244.12,244.01,244.06,1850
2025-02-19 06:05:00,244.04,244.12,244.0,244.06,1524
2025-02-19 06:10:00,244.06,244.16,244.06,244.12,362
2025-02-19 06:15:00,244.12,244.18,244.1,244.15,308
2025-02-19 06:20:00,244.15,244.15,244.09,244.12,856
2025-02-19 06:25:00,244.09,244.14,244.06,244.09,644
2025-02-19 06:30:00,244.09,244.1,244.05,244.08,318
2025-02-19 06:35:00,244.09,244.12,244.04,244.04,2077
2025-02-19 06:40:00,244.11,244.17,244.0,244.07,2866
2025-02-19 06:45:00,244.04,244.1,243.74,243.81,2913
2025-02-19 06:50:00,243.89,243.92,243.82,243.85,297
2025-02-19 06:55:00,243.85,243.88,243.82,243.82,2282
2025-02-19 07:00:00,243.84,244.21,243.82,244.2,2923
2025-02-19 07:05:00,244.2,244.27,244.12,244.2,3326
2025-02-19 07:10:00,244.2,244.26,244.11,244.2,1961
2025-02-19 07:15:00,244.22,244.27,244.2,244.26,1473
2025-02-19 07:20:00,244.26,244.27,244.19,244.2,559
2025-02-19 07:25:00,244.2,244.25,244.2,244.21,684
2025-02-19 07:30:00,244.21,244.26,244.2,244.2,373
2025-02-19 07:35:00,244.2,244.34,244.2,244.33,1807
2025-02-19 07:40:00,244.34,244.34,244.29,244.29,851
2025-02-19 07:45:00,244.3,244.34,244.3,244.34,1359
2025-02-19 07:50:00,244.32,244.34,244.28,244.29,2911
2025-02-19 07:55:00,244.33,244.34,244.23,244.23,1204
2025-02-19 08:00:00,244.649,245.25,233.22,244.1247,26883
2025-02-19 08:05:00,244.15,244.47,244.0,244.13,5768
2025-02-19 08:10:00,244.11,244.47,244.05,244.47,958534
2025-02-19 08:15:00,244.06,244.16,244.0,244.02,4495
2025-02-19 08:20:00,244.03,244.1078,244.0,244.039,3393
2025-02-19 08:25:00,244.0792,244.08,243.8,243.866,13997
2025-02-19 08:30:00,243.9,243.99,243.79,243.86,1986
2025-02-19 08:35:00,243.83,243.95,243.81,243.85,4306
2025-02-19 08:40:00,243.85,244.47,243.84,244.03,693279
2025-02-19 08:45:00,244.03,244.12,244.02,244.11,2341
2025-02-19 08:50:00,244.13,244.18,244.04,244.17,13264
2025-02-19 08:55:00,244.18,244.32,244.1012,244.11,1848
2025-02-19 09:00:00,244.12,244.32,244.09,244.32,9198
2025-02-19 09:05:00,244.3163,244.34,244.2,244.28,4923
2025-02-19 09:10:00,244.28,244.32,244.2,244.221,1820
2025-02-19 09:15:00,244.22,244.26,244.04,244.1,9660
2025-02-19 09:20:00,244.18,244.24,243.9912,244.0501,10466
2025-02-19 09:25:00,244.04,244.72,243.73,244.72,43167
2025-02-19 09:30:00,244.66,246.01,244.1181,244.55,1651325
2025-02-19 09:35:00,244.54,245.0,244.21,244.56,589731
2025-02-19 09:40:00,244.54,245.1,244.4201,244.7,533987
2025-02-19 09:45:00,244.7,244.88,244.33,244.456,335844
2025-02-19 09:50:00,244.48,245.2,244.467,244.96,464933
2025-02-19 09:55:00,244.96,245.09,244.63,245.07,308019
2025-02-19 10:00:00,245.07,245.58,244.61,244.66,507931
2025-02-19 10:05:00,244.68,244.84,244.25,244.66,403608
2025-02-19 10:10:00,244.69,244.7997,244.3306,244.4657,343473
2025-02-19 10:15:00,244.47,244.7,244.12,244.3015,315168
2025-02-19 10:20:00,244.33,244.49,243.97,244.13,340136
2025-02-19 10:25:00,244.13,244.13,243.79,243.93,276875
2025-02-19 10:30:00,243.93,244.49,243.61,243.735,602557
2025-02-19 10:35:00,243.73,243.9404,243.37,243.8775,305415
2025-02-19 10:40:00,243.88,244.025,243.83,243.98,211515
2025-02-19 10:45:00,243.975,244.3,243.8402,244.01,194956
2025-02-19 10:50:00,243.995,244.01,243.56,243.72,347609
2025-02-19 10:55:00,243.72,243.84,243.26,243.42,322046
2025-02-19 11:00:00,243.41,244.05,243.1604,243.2006,602918
2025-02-19 11:05:00,243.22,243.92,243.2,243.76,305017
2025-02-19 11:10:00,243.765,244.3699,243.68,244.2099,283151
2025-02-19 11:15:00,244.23,244.44,243.98,244.315,295102
2025-02-19 11:20:00,244.315,244.35,244.06,244.27,199577
2025-02-19 11:25:00,244.27,244.4,244.18,244.3957,206139
2025-02-19 11:30:00,244.39,244.4,244.16,244.2421,161579
2025-02-19 11:35:00,244.24,244.35,244.03,244.27,222711
2025-02-19 11:40:00,244.29,244.85,244.29,244.75,295564
2025-02-19 11:45:00,244.76,244.89,244.62,244.69,623058
2025-02-19 11:50:00,244.69,244.77,244.58,244.71,199476
2025-02-19 11:55:00,244.69,244.9499,244.65,244.78,225858
2025-02-19 12:00:00,244.79,245.2299,244.745,245.06,328216
2025-02-19 12:05:00,245.05,245.64,245.045,245.6001,333277
2025-02-19 12:10:00,245.6027,245.66,245.26,245.49,301214
2025-02-19 12:15:00,245.4843,245.56,245.36,245.37,205723
2025-02-19 12:20:00,245.37,245.4511,245.14,245.19,214612
2025-02-19 12:25:00,245.18,245.235,244.9,245.15,217098
2025-02-19 12:30:00,245.14,245.25,244.975,245.13,176409
2025-02-19 12:35:00,245.1363,245.28,244.8831,245.045,143058
2025-02-19 12:40:00,245.04,245.05,244.72,244.8,165967
2025-02-19 12:45:00,244.825,244.84,244.69,244.78,173275
2025-02-19 12:50:00,244.775,244.955,244.66,244.8112,173340
2025-02-19 12:55:00,244.825,244.94,244.6273,244.72,165970
2025-02-19 13:00:00,244.73,244.76,244.53,244.62,181651
2025-02-19 13:05:00,244.63,244.64,244.37,244.43,155651
2025-02-19 13:10:00,244.42,244.44,244.23,244.3322,177840
2025-02-19 13:15:00,244.34,244.55,244.3,244.543,149453
2025-02-19 13:20:00,244.55,244.75,244.49,244.61,139920
2025-02-19 13:25:00,244.615,244.8202,244.567,244.71,162605
2025-02-19 13:30:00,244.715,245.0002,244.715,244.9501,149632
2025-02-19 13:35:00,244.96,244.98,244.77,244.907,160583
2025-02-19 13:40:00,244.9,245.1899,244.89,245.0,144370
2025-02-19 13:45:00,244.9911,245.0737,244.91,244.96,132471
2025-02-19 13:50:00,244.955,245.0,244.71,244.765,142231
2025-02-19 13:55:00,244.76,244.84,244.54,244.73,129234
2025-02-19 14:00:00,244.74,244.9,244.5932,244.6086,127597
2025-02-19 14:05:00,244.615,244.695,244.22,244.43,199597
2025-02-19 14:10:00,244.43,244.9477,244.42,244.9477,248758
2025-02-19 14:15:00,244.94,245.08,244.76,244.84,236730
2025-02-19 14:20:00,244.84,245.07,244.84,244.9,211465
2025-02-19 14:25:00,244.9,244.99,244.79,244.9001,142384
2025-02-19 14:30:00,244.9,244.9,244.7202,244.82,164130
2025-02-19 14:35:00,244.81,244.851,244.61,244.68,171790
2025-02-19 14:40:00,244.66,244.71,244.53,244.55,170099
2025-02-19 14:45:00,244.55,244.57,244.4501,244.57,207861
2025-02-19 14:50:00,244.56,244.854,244.52,244.8,217122
2025-02-19 14:55:00,244.7913,244.85,244.7327,244.835,157185
2025-02-19 15:00:00,244.84,245.01,244.635,244.81,241496
2025-02-19 15:05:00,244.81,244.9998,244.78,244.87,176641
2025-02-19 15:10:00,244.87,245.02,244.8,244.99,210078
2025-02-19 15:15:00,245.0,245.18,244.945,245.076,307062
2025-02-19 15:20:00,245.075,245.145,244.97,245.03,288917
2025-02-19 15:25:00,245.03,245.08,244.81,244.88,363894
2025-02-19 15:30:00,244.88,245.025,244.845,244.94,281434
2025-02-19 15:35:00,244.95,245.07,244.81,245.04,224051
2025-02-19 15:40:00,245.04,245.0529,244.8249,244.905,242950
2025-02-19 15:45:00,244.91,245.01,244.78,244.8505,360507
2025-02-19 15:50:00,244.9,245.0896,244.535,244.72,622099
2025-02-19 15:55:00,244.725,245.05,244.69,244.89,1232610
2025-02-19 16:00:00,244.89,245.04,243.675,244.6427,11656416
2025-02-19 16:05:00,244.65,244.87,244.52,244.57,3051
2025-02-19 16:10:00,244.55,244.87,244.52,244.58,50994
2025-02-19 16:15:00,244.5505,244.87,244.55,244.59,1573
2025-02-19 16:20:00,244.6,244.87,244.56,244.63,7908
2025-02-19 16:25:00,244.63,244.66,244.58,244.66,1020
2025-02-19 16:30:00,244.65,244.69,244.59,244.59,3549
2025-02-19 16:35:00,244.6,244.87,244.59,244.6,3892
2025-02-19 16:40:00,244.61,244.69,244.59,244.6,565
2025-02-19 16:45:00,244.6899,244.69,244.48,244.48,3664
2025-02-19 16:50:00,244.55,244.6,244.51,244.54,1528
2025-02-19 16:55:00,244.52,244.58,244.5,244.58,595
2025-02-19 17:00:00,244.56,244.6,244.5,244.531,648
2025-02-19 17:05:00,244.58,244.6,244.5,244.52,2594
2025-02-19 17:10:00,244.51,244.58,244.5,244.53,1254
2025-02-19 17:15:00,244.51,244.6,244.34,244.34,3305
2025-02-19 17:20:00,244.34,244.35,244.29,244.29,3244
2025-02-19 17:25:00,244.28,244.2988,244.25,244.28,1875
2025-02-19 17:30:00,244.25,244.4,244.25,244.29,3721
2025-02-19 17:35:00,244.35,244.45,244.25,244.3003,797
2025-02-19 17:40:00,244.35,244.4,244.26,244.33,828
2025-02-19 17:45:00,244.35,244.4,244.3,244.36,193
2025-02-19 17:50:00,244.36,244.4,244.33,244.38,281
2025-02-19 17:55:00,244.36,244.38,244.25,244.33,1285
2025-02-19 18:00:00,244.37,244.87,244.3,244.3,7949
2025-02-19 18:05:00,244.5,244.7799,244.3,244.5,836
2025-02-19 18:10:00,244.53,244.98,244.41,244.47,1352
2025-02-19 18:15:00,244.65,244.7,244.46,244.69,370
2025-02-19 18:20:00,244.61,244.7,244.6,244.6865,563
2025-02-19 18:25:00,244.7,244.7,244.49,244.62,508
2025-02-19 18:30:00,244.53,244.7,244.49,244.6,553
2025-02-19 18:35:00,244.55,244.74,244.49,244.5236,3710
2025-02-19 18:40:00,244.57,244.74,244.52,244.68,572
2025-02-19 18:45:00,244.63,244.73,244.53,244.6,963
2025-02-19 18:50:00,244.59,244.73,244.53,244.6,699
2025-02-19 18:55:00,244.61,244.73,244.53,244.72,109
2025-02-19 19:00:00,244.65,244.73,244.53,244.58,679
2025-02-19 19:05:00,244.73,244.73,244.53,244.71,435
2025-02-19 19:10:00,244.7,258.4298,244.6,244.63,911
2025-02-19 19:15:00,244.64,244.7288,244.52,244.56,771
2025-02-19 19:20:00,244.56,244.615,236.4454,244.55,425
2025-02-19 19:25:00,244.5491,251.4986,244.4,244.5,920
2025-02-19 19:30:00,244.49,251.4986,244.41,244.5,822
2025-02-19 19:35:00,244.57,258.4298,244.5,244.5561,1099
2025-02-19 19:40:00,244.51,244.56,244.5,244.51,421
2025-02-19 19:45:00,244.5,250.5416,244.42,244.84,4058
2025-02-19 19:50:00,244.56,244.83,244.47,244.57,107
2025-02-19 19:55:00,244.527,244.83,244.51,244.8,1181
2025-02-20 04:00:00,244.4,244.4,243.95,244.26,9446
2025-02-20 04:05:00,244.27,244.3,244.09,244.13,4247
2025-02-20 04:10:00,244.08,244.08,243.78,243.94,3020
2025-02-20 04:15:00,243.9,244.0,243.82,243.95,1258
2025-02-20 04:20:00,243.97,243.98,243.77,243.77,2322
2025-02-20 04:25:00,243.79,243.85,243.77,243.79,1063
2025-02-20 04:30:00,243.77,243.9,243.77,243.85,958
2025-02-20 04:35:00,243.85,244.03,243.85,244.0,1947
2025-02-20 04:40:00,244.03,244.14,244.0,244.01,2451
2025-02-20 04:45:00,244.05,244.1,244.0,244.01,1446
2025-02-20 04:50:00,244.02,244.04,244.0,244.02,662
2025-02-20 04:55:00,244.01,244.13,244.0,244.13,674
2025-02-20 05:00:00,244.1,244.15,244.04,244.06,815
2025-02-20 05:05:00,244.06,244.15,244.06,244.07,189
2025-02-20 05:10:00,244.12,244.13,244.04,244.06,447
2025-02-20 05:15:00,244.06,244.11,244.05,244.09,344
2025-02-20 05:20:00,244.05,244.08,244.04,244.08,725
2025-02-20 05:25:00,244.1,244.1,244.03,244.03,612
2025-02-20 05:30:00,244.06,244.09,244.03,244.03,693
2025-02-20 05:35:00,244.05,244.08,244.0,244.07,1551
2025-02-20 05:40:00,244.08,244.08,244.01,244.03,321
2025-02-20 05:45:00,244.03,244.2,244.0,244.2,4161
2025-02-20 05:50:00,244.19,244.24,244.13,244.21,1283
2025-02-20 05:55:00,244.13,244.21,244.1,244.13,641
2025-02-20 06:00:00,244.12,244.16,244.02,244.13,992
2025-02-20 06:05:00,244.12,244.13,244.01,244.03,622
2025-02-20 06:10:00,244.03,244.08,244.0,244.08,761
2025-02-20 06:15:00,244.08,244.08,244.01,244.04,325
2025-02-20 06:20:00,244.03,244.06,244.0,244.01,1420
2025-02-20 06:25:00,244.02,244.05,243.9,243.94,1068
2025-02-20 06:30:00,243.94,243.95,243.85,243.86,495
2025-02-20 06:35:00,243.85,243.94,243.81,243.9,1116
2025-02-20 06:40:00,243.91,244.02,243.9,244.0,725
2025-02-20 06:45:00,244.0,244.0,243.91,243.93,471
2025-02-20 06:50:00,243.93,243.98,243.91,243.98,1313
2025-02-20 06:55:00,243.97,244.0,243.8,243.83,1373
2025-02-20 07:00:00,243.82,244.18,243.82,244.09,2478
2025-02-20 07:05:00,244.1,244.21,244.08,244.2,1373
2025-02-20 07:10:00,244.17,244.17,244.1,244.15,1972
2025-02-20 07:15:00,244.15,244.16,244.11,244.14,400
2025-02-20 07:20:00,244.1,244.2,244.1,244.2,1328
2025-02-20 07:25:00,244.22,244.25,244.16,244.25,1293
2025-02-20 07:30:00,244.22,244.3,244.21,244.3,1493
2025-02-20 07:35:00,244.3,244.36,244.27,244.34,817
2025-02-20 07:40:00,244.35,244.42,244.35,244.38,586
2025-02-20 07:45:00,244.38,244.61,244.35,244.6,3492
2025-02-20 07:50:00,244.58,244.58,244.45,244.48,1021
2025-02-20 07:55:00,244.48,244.52,244.36,244.46,1746
2025-02-20 08:00:00,244.1262,244.87,243.56,244.38,31761
2025-02-20 08:05:00,244.32,244.902,244.3,244.3167,1300
2025-02-20 08:10:00,244.36,244.45,244.32,244.43,10660
2025-02-20 08:15:00,244.44,244.5,244.3,244.4,3413
2025-02-20 08:20:00,244.39,244.42,243.94,244.06,10492
2025-02-20 08:25:00,244.1,244.2,244.07,244.1,1344
2025-02-20 08:30:00,244.1,244.2,244.1,244.18,1279
2025-02-20 08:35:00,244.2,244.87,244.0,244.02,36639
2025-02-20 08:40:00,244.08,244.2,244.05,244.18,5663
2025-02-20 08:45:00,244.1789,244.18,244.0,244.01,7037
2025-02-20 08:50:00,244.01,244.028,243.5,243.72,24796
2025-02-20 08:55:00,243.72,243.8,243.67,243.78,14097
2025-02-20 09:00:00,243.7967,244.0,243.77,243.77,7199
2025-02-20 09:05:00,243.85,243.91,243.76,243.9,10069
2025-02-20 09:10:00,243.87,244.15,243.85,244.15,8230
2025-02-20 09:15:00,244.12,244.2,244.0,244.08,9081
2025-02-20 09:20:00,244.08,244.975,243.99,244.07,8984
2025-02-20 09:25:00,244.07,245.0,243.8,244.98,38455
2025-02-20 09:30:00,244.94,246.78,244.41,245.72,1649218
2025-02-20 09:35:00,245.725,246.21,245.59,246.1001,561852
2025-02-20 09:40:00,246.15,246.31,245.66,245.72,441514
2025-02-20 09:45:00,245.7331,246.5,245.26,246.415,694483
2025-02-20 09:50:00,246.4,246.47,245.13,245.42,591996
2025-02-20 09:55:00,245.4114,245.44,244.675,244.9,521338
2025-02-20 10:00:00,244.9,245.26,244.29,244.99,721444
2025-02-20 10:05:00,245.025,245.14,244.55,244.79,308755
2025-02-20 10:10:00,244.78,245.23,244.6482,244.97,372806
2025-02-20 10:15:00,244.97,245.18,244.85,245.04,287329
2025-02-20 10:20:00,245.05,245.179,244.43,244.78,312284
2025-02-20 10:25:00,244.85,244.88,244.5,244.745,295914
2025-02-20 10:30:00,244.74,245.1699,244.59,244.98,275188
2025-02-20 10:35:00,244.97,245.165,244.81,244.97,229430
2025-02-20 10:40:00,244.96,245.06,244.75,244.8432,187332
2025-02-20 10:45:00,244.83,245.05,244.66,244.935,229221
2025-02-20 10:50:00,244.938,244.9999,244.73,244.8715,198328
2025-02-20 10:55:00,244.89,245.3539,244.88,245.07,484542
2025-02-20 11:00:00,245.11,245.93,245.08,245.92,377280
2025-02-20 11:05:00,245.92,246.55,245.9,246.37,793486
2025-02-20 11:10:00,246.41,246.7,246.33,246.575,495867
2025-02-20 11:15:00,246.5793,246.58,245.72,245.8,378630
2025-02-20 11:20:00,245.8099,246.25,245.65,246.192,381219
2025-02-20 11:25:00,246.19,246.39,245.97,246.1306,256124
2025-02-20 11:30:00,246.125,246.21,245.95,246.045,225124
2025-02-20 11:35:00,246.05,246.12,245.75,245.92,307193
2025-02-20 11:40:00,245.9099,245.95,245.67,245.8242,454192
2025-02-20 11:45:00,245.83,245.88,245.41,245.5704,852144
2025-02-20 11:50:00,245.58,245.74,245.31,245.32,271258
2025-02-20 11:55:00,245.32,245.4477,245.09,245.275,241884
2025-02-20 12:00:00,245.265,245.44,245.03,245.36,202175
2025-02-20 12:05:00,245.39,245.75,245.38,245.7,174473
2025-02-20 12:10:00,245.7199,246.19,245.68,246.18,330865
2025-02-20 12:15:00,246.18,246.39,246.05,246.27,362950
2025-02-20 12:20:00,246.285,246.315,246.09,246.19,239481
2025-02-20 12:25:00,246.18,246.46,246.13,246.38,410408
2025-02-20 12:30:00,246.37,246.42,246.14,246.15,208274
2025-02-20 12:35:00,246.17,246.3,245.72,245.8022,197209
2025-02-20 12:40:00,245.7802,245.97,245.51,245.92,194154
2025-02-20 12:45:00,245.9,245.99,245.6201,245.655,169320
2025-02-20 12:50:00,245.67,245.888,245.54,245.54,152883
2025-02-20 12:55:00,245.52,245.58,245.34,245.36,176837
2025-02-20 13:00:00,245.369,245.465,245.16,245.34,229742
2025-02-20 13:05:00,245.32,245.69,245.31,245.67,205590
2025-02-20 13:10:00,245.66,245.8178,245.6,245.77,157462
2025-02-20 13:15:00,245.76,245.79,245.48,245.64,222365
2025-02-20 13:20:00,245.63,245.64,245.225,245.385,197908
2025-02-20 13:25:00,245.38,245.5,245.33,245.445,136376
2025-02-20 13:30:00,245.44,245.57,245.3903,245.54,145664
2025-02-20 13:35:00,245.54,245.59,245.37,245.41,120670
2025-02-20 13:40:00,245.41,245.48,245.2,245.45,156136
2025-02-20 13:45:00,245.44,245.44,245.1101,245.15,204427
2025-02-20 13:50:00,245.16,245.28,245.02,245.2799,146773
2025-02-20 13:55:00,245.27,245.4853,245.17,245.3506,142957
2025-02-20 14:00:00,245.33,245.45,245.17,245.23,108286
2025-02-20 14:05:00,245.25,245.41,245.25,245.26,129742
2025-02-20 14:10:00,245.27,245.47,245.255,245.4411,146833
2025-02-20 14:15:00,245.445,245.57,245.385,245.56,137195
2025-02-20 14:20:00,245.56,245.58,245.34,245.355,186001
2025-02-20 14:25:00,245.36,245.45,245.2,245.255,166567
2025-02-20 14:30:00,245.255,245.26,244.97,244.98,201928
2025-02-20 14:35:00,244.99,245.0998,244.85,244.98,181309
2025-02-20 14:40:00,244.97,245.25,244.91,245.25,175868
2025-02-20 14:45:00,245.241,245.56,245.2,245.5399,182049
2025-02-20 14:50:00,245.54,245.75,245.39,245.49,212182
2025-02-20 14:55:00,245.49,245.52,245.32,245.335,180547
2025-02-20 15:00:00,245.33,245.5,245.2724,245.49,118253
2025-02-20 15:05:00,245.49,245.6,245.35,245.42,229805
2025-02-20 15:10:00,245.42,245.645,245.3601,245.49,219289
2025-02-20 15:15:00,245.49,245.72,245.29,245.63,224699
2025-02-20 15:20:00,245.625,245.7402,245.445,245.465,204394
2025-02-20 15:25:00,245.455,245.65,245.4207,245.61,208639
2025-02-20 15:30:00,245.61,245.65,245.48,245.61,218880
2025-02-20 15:35:00,245.605,245.65,245.38,245.395,235648
2025-02-20 15:40:00,245.39,245.62,245.36,245.57,355680
2025-02-20 15:45:00,245.57,245.91,245.47,245.87,321615
2025-02-20 15:50:00,245.86,246.0,245.65,245.87,709533
2025-02-20 15:55:00,245.87,245.96,245.52,245.86,1311430
2025-02-20 16:00:00,245.86,245.86,245.62,245.62,10058571
2025-02-20 16:05:00,245.83,245.83,245.6,245.68,86471
2025-02-20 16:10:00,245.83,245.83,245.65,245.65,25723
2025-02-20 16:15:00,245.65,245.83,245.6,245.6012,5393
2025-02-20 16:20:00,245.6002,245.83,245.6,245.67,18620
2025-02-20 16:25:00,245.65,245.75,245.65,245.7,2058
2025-02-20 16:30:00,245.7,245.79,245.67,245.75,941
2025-02-20 16:35:00,245.74,245.78,245.7,245.75,2071
2025-02-20 16:40:00,245.75,245.78,245.7,245.7383,844
2025-02-20 16:45:00,245.72,245.83,245.67,245.74,20372
2025-02-20 16:50:00,245.7,245.83,245.67,245.71,60157
2025-02-20 16:55:00,245.72,245.72,245.66,245.72,3293
2025-02-20 17:00:00,245.72,245.72,245.62,245.62,1965
2025-02-20 17:05:00,245.6492,245.83,245.5,245.61,1137165
2025-02-20 17:10:00,245.61,245.67,245.6,245.6025,778
2025-02-20 17:15:00,245.6,245.7,245.6,245.61,391
2025-02-20 17:20:00,245.65,245.7,245.6,245.6,834
2025-02-20 17:25:00,245.5537,251.7307,245.55,245.62,2871
2025-02-20 17:30:00,245.62,245.69,245.0148,245.6,531
2025-02-20 17:35:00,245.61,245.7,234.0006,245.58,693
2025-02-20 17:40:00,245.6,245.64,245.55,245.56,613
2025-02-20 17:45:00,245.56,245.61,245.55,245.59,728
2025-02-20 17:50:00,245.5027,245.7,245.5027,245.6,899
2025-02-20 17:55:00,245.6025,245.7,245.6,245.67,264
2025-02-20 18:00:00,245.65,245.69,245.5,245.66,4658
2025-02-20 18:05:00,245.56,245.7,245.53,245.53,367
2025-02-20 18:10:00,245.63,245.7,245.56,245.66,714
2025-02-20 18:15:00,245.65,245.7,245.65,245.67,1521
2025-02-20 18:20:00,245.67,245.7,245.67,245.67,1294
2025-02-20 18:25:00,245.67,245.83,245.56,245.67,24960
2025-02-20 18:30:00,245.65,245.7,245.57,245.7,1805
2025-02-20 18:35:00,245.63,245.7,245.56,245.6,170
2025-02-20 18:40:00,245.56,245.7,245.56,245.56,427
2025-02-20 18:45:00,245.56,245.7,245.56,245.56,181
2025-02-20 18:50:00,245.56,245.6988,245.56,245.65,154
2025-02-20 18:55:00,245.69,245.7,245.65,245.69,276
2025-02-20 19:00:00,245.65,245.7,245.65,245.67,697
2025-02-20 19:05:00,245.68,245.7,245.65,245.7,455
2025-02-20 19:10:00,245.7,245.75,245.65,245.65,576
2025-02-20 19:15:00,245.74,245.75,245.6525,245.66,820
2025-02-20 19:20:00,245.7475,245.7475,245.66,245.66,160
2025-02-20 19:25:00,245.74,245.74,245.65,245.74,572
2025-02-20 19:30:00,245.6506,245.7377,245.65,245.6508,57
2025-02-20 19:35:00,245.67,245.67,245.57,245.5974,1591
2025-02-20 19:40:00,245.67,245.67,245.57,245.6046,39
2025-02-20 19:45:00,245.5725,245.67,245.57,245.67,829
2025-02-20 19:50:00,245.67,245.7,245.57,245.64,264
2025-02-20 19:55:00,245.64,245.7,245.57,245.6,1439
2025-02-21 04:00:00,246.0,246.0,245.29,245.38,2079
2025-02-21 04:05:00,245.36,245.38,245.16,245.18,820
2025-02-21 04:10:00,245.16,245.37,245.12,245.23,3807
2025-02-21 04:15:00,245.24,245.44,245.21,245.34,843
2025-02-21 04:20:00,245.42,245.43,245.26,245.37,211
2025-02-21 04:25:00,245.42,245.54,245.32,245.48,818
2025-02-21 04:30:00,245.42,245.51,245.4,245.46,522
2025-02-21 04:35:00,245.4,245.48,245.4,245.42,182
2025-02-21 04:40:00,245.46,245.48,245.38,245.4,1114
2025-02-21 04:45:00,245.41,245.44,245.35,245.4,509
2025-02-21 04:50:00,245.4,245.44,245.32,245.32,244
2025-02-21 04:55:00,245.34,245.4,245.34,245.36,1331
2025-02-21 05:00:00,245.4,245.4,245.33,245.34,1288
2025-02-21 05:05:00,245.32,245.32,245.25,245.3,1307
2025-02-21 05:10:00,245.25,245.31,245.24,245.25,548
2025-02-21 05:15:00,245.26,245.31,245.26,245.28,1049
2025-02-21 05:20:00,245.31,245.33,245.26,245.27,224
2025-02-21 05:25:00,245.27,245.35,245.26,245.3,1287
2025-02-21 05:30:00,245.31,245.4,245.3,245.35,1115
2025-02-21 05:35:00,245.34,245.38,245.3,245.3,713
2025-02-21 05:40:00,245.31,245.35,245.3,245.34,274
2025-02-21 05:45:00,245.3,245.39,245.27,245.3,818
2025-02-21 05:50:00,245.3,245.36,245.28,245.35,219
2025-02-21 05:55:00,245.3,245.37,245.3,245.31,1006
2025-02-21 06:00:00,245.35,245.39,245.3,245.38,559
2025-02-21 06:05:00,245.38,245.39,245.35,245.39,239
2025-02-21 06:10:00,245.34,245.39,245.34,245.35,108
2025-02-21 06:15:00,245.35,245.39,245.35,245.35,37
2025-02-21 06:20:00,245.37,245.38,245.35,245.36,207
2025-02-21 06:25:00,245.36,245.43,245.36,245.41,751
2025-02-21 06:30:00,245.4,245.42,245.37,245.37,667
2025-02-21 06:35:00,245.38,245.39,245.36,245.39,109
2025-02-21 06:40:00,245.39,245.41,245.37,245.4,139
2025-02-21 06:45:00,245.41,245.45,245.36,245.44,745
2025-02-21 06:50:00,245.44,245.44,245.38,245.43,373
2025-02-21 06:55:00,245.39,245.42,245.36,245.4,753
2025-02-21 07:00:00,245.4,245.57,245.36,245.57,2551
2025-02-21 07:05:00,245.58,245.63,245.43,245.54,2848
2025-02-21 07:10:00,245.6,245.66,245.51,245.52,3004
2025-02-21 07:15:00,245.58,245.7,245.58,245.66,703
2025-02-21 07:20:00,245.67,245.7,245.64,245.69,840
2025-02-21 07:25:00,245.64,245.71,245.64,245.69,228
2025-02-21 07:30:00,245.67,245.72,245.65,245.67,530
2025-02-21 07:35:00,245.67,245.74,245.67,245.73,736
2025-02-21 07:40:00,245.72,245.82,245.68,245.81,3415
2025-02-21 07:45:00,245.81,245.83,245.78,245.78,332
2025-02-21 07:50:00,245.79,245.79,245.72,245.74,1558
2025-02-21 07:55:00,245.74,245.77,245.7,245.75,1052
2025-02-21 08:00:00,245.6325,246.2,245.1343,245.8083,52443
2025-02-21 08:05:00,245.81,245.83,245.7387,245.75,4618
2025-02-21 08:10:00,245.8,245.92,245.74,245.84,4754
2025-02-21 08:15:00,245.89,245.98,245.8,245.98,2624
2025-02-21 08:20:00,245.915,245.98,245.83,245.83,2457
2025-02-21 08:25:00,245.82,245.92,245.8,245.85,2384
2025-02-21 08:30:00,245.8885,245.89,245.8,245.85,1525
2025-02-21 08:35:00,245.89,245.89,245.8015,245.87,3106
2025-02-21 08:40:00,245.83,246.2,245.83,246.15,8663
2025-02-21 08:45:00,246.14,246.19,244.84,246.0,3692
2025-02-21 08:50:00,245.97,246.05,245.96,246.04,1466
2025-02-21 08:55:00,246.01,246.02,245.83,245.89,2522
2025-02-21 09:00:00,245.94,246.0962,245.873,245.95,3712
2025-02-21 09:05:00,246.0475,246.1,245.95,246.0099,4825
2025-02-21 09:10:00,246.0,246.1,245.95,246.06,3744
2025-02-21 09:15:00,246.08,246.1,245.95,245.95,3089
2025-02-21 09:20:00,246.03,246.05,245.87,245.92,4404
2025-02-21 09:25:00,245.92,246.91,245.25,246.07,99144
2025-02-21 09:30:00,245.95,246.6385,245.6801,246.2112,4166347
2025-02-21 09:35:00,246.24,246.94,245.73,245.9162,603832
2025-02-21 09:40:00,245.915,245.97,245.59,245.71,385798
2025-02-21 09:45:00,245.72,246.04,245.48,245.545,334300
2025-02-21 09:50:00,245.5597,245.84,245.45,245.67,338757
2025-02-21 09:55:00,245.66,245.945,245.54,245.69,269569
2025-02-21 10:00:00,245.64,246.0,245.33,245.83,379740
2025-02-21 10:05:00,245.83,245.87,245.22,245.58,364479
2025-02-21 10:10:00,245.585,245.95,245.4105,245.795,278541
2025-02-21 10:15:00,245.78,245.97,245.6,245.905,235268
2025-02-21 10:20:00,245.895,246.01,245.72,245.85,318943
2025-02-21 10:25:00,245.8033,245.95,245.45,245.78,277503
2025-02-21 10:30:00,245.775,245.95,245.56,245.715,250188
2025-02-21 10:35:00,245.705,245.762,245.47,245.62,171401
2025-02-21 10:40:00,245.625,245.73,245.3,245.355,207348
2025-02-21 10:45:00,245.34,245.63,245.29,245.49,354534
2025-02-21 10:50:00,245.48,245.51,245.22,245.32,668888
2025-02-21 10:55:00,245.32,245.88,245.31,245.83,260102
2025-02-21 11:00:00,245.815,246.1438,245.815,246.0,426994
2025-02-21 11:05:00,246.0,246.68,245.965,246.6201,384593
2025-02-21 11:10:00,246.62,246.6899,246.16,246.68,390515
2025-02-21 11:15:00,246.69,247.17,246.53,247.0,1048770
2025-02-21 11:20:00,247.0,247.45,246.83,247.2316,838573
2025-02-21 11:25:00,247.24,247.4,246.89,247.13,438980
2025-02-21 11:30:00,247.145,247.15,246.83,247.055,473529
2025-02-21 11:35:00,247.06,247.33,246.9,247.322,272431
2025-02-21 11:40:00,247.3202,247.36,246.91,247.12,223451
2025-02-21 11:45:00,247.125,247.5,246.961,247.38,358545
2025-02-21 11:50:00,247.365,247.43,246.65,246.68,1364459
2025-02-21 11:55:00,246.7,247.2199,246.6804,247.015,353628
2025-02-21 12:00:00,247.02,247.65,246.9801,247.52,328617
2025-02-21 12:05:00,247.52,247.5299,247.16,247.22,237717
2025-02-21 12:10:00,247.24,247.42,247.02,247.2267,263900
2025-02-21 12:15:00,247.2216,247.4,247.13,247.16,240081
2025-02-21 12:20:00,247.155,247.33,246.9,247.265,255061
2025-02-21 12:25:00,247.265,247.52,247.19,247.37,328707
2025-02-21 12:30:00,247.38,247.41,247.2,247.33,217423
2025-02-21 12:35:00,247.34,247.73,247.26,247.59,525448
2025-02-21 12:40:00,247.62,248.39,247.57,248.345,1148161
2025-02-21 12:45:00,248.3408,248.67,247.93,248.515,566432
2025-02-21 12:50:00,248.52,248.69,248.35,248.43,560009
2025-02-21 12:55:00,248.4253,248.52,247.95,248.43,579748
2025-02-21 13:00:00,248.45,248.49,247.64,247.765,532014
2025-02-21 13:05:00,247.77,248.1,247.52,247.61,481742
2025-02-21 13:10:00,247.598,247.6199,247.2,247.345,581598
2025-02-21 13:15:00,247.345,247.54,247.1,247.34,1020913
2025-02-21 13:20:00,247.35,247.52,247.27,247.42,355492
2025-02-21 13:25:00,247.41,247.69,247.31,247.43,296344
2025-02-21 13:30:00,247.4451,247.585,247.04,247.52,1624598
2025-02-21 13:35:00,247.53,248.0767,247.41,247.68,457026
2025-02-21 13:40:00,247.715,247.82,247.43,247.56,235361
2025-02-21 13:45:00,247.565,247.9,247.52,247.81,232146
2025-02-21 13:50:00,247.775,248.0175,247.6548,247.8541,226584
2025-02-21 13:55:00,247.8575,248.01,247.64,247.74,207247
2025-02-21 14:00:00,247.75,247.86,247.45,247.6,271261
2025-02-21 14:05:00,247.62,247.87,247.433,247.67,296910
2025-02-21 14:10:00,247.69,247.85,247.56,247.66,329662
2025-02-21 14:15:00,247.65,247.72,247.26,247.37,222609
2025-02-21 14:20:00,247.36,247.37,246.81,246.86,431765
2025-02-21 14:25:00,246.88,246.97,246.43,246.5,451505
2025-02-21 14:30:00,246.5,246.83,246.3501,246.48,1175019
2025-02-21 14:35:00,246.47,246.49,245.7801,246.0,584771
2025-02-21 14:40:00,246.03,246.32,245.94,246.29,531450
2025-02-21 14:45:00,246.29,246.31,245.632,246.17,397262
2025-02-21 14:50:00,246.19,246.67,245.982,246.06,554500
2025-02-21 14:55:00,246.08,246.3,245.8451,245.92,509306
2025-02-21 15:00:00,245.91,246.009,245.6,245.72,409572
2025-02-21 15:05:00,245.72,245.74,245.56,245.64,607031
2025-02-21 15:10:00,245.65,245.9,245.3901,245.735,479860
2025-02-21 15:15:00,245.72,245.79,245.435,245.68,448225
2025-02-21 15:20:00,245.68,245.97,245.63,245.8412,504114
2025-02-21 15:25:00,245.86,245.89,245.62,245.8,1624519
2025-02-21 15:30:00,245.81,245.94,245.69,245.84,541419
2025-02-21 15:35:00,245.85,245.9215,245.68,245.845,444928
2025-02-21 15:40:00,245.84,245.935,245.45,245.52,640652
2025-02-21 15:45:00,245.53,245.87,245.33,245.87,603139
2025-02-21 15:50:00,245.88,246.09,245.7,245.81,949802
2025-02-21 15:55:00,245.83,245.93,245.37,245.59,2418693
2025-02-21 16:00:00,245.59,247.1367,245.46,245.65,15436057
2025-02-21 16:05:00,245.57,245.62,245.5,245.52,159713
2025-02-21 16:10:00,245.52,246.4303,245.41,245.54,19188
2025-02-21 16:15:00,245.55,245.622,245.46,245.58,6831
2025-02-21 16:20:00,245.55,245.61,245.5,245.57,10654
2025-02-21 16:25:00,245.5167,245.61,245.5,245.54,40285
2025-02-21 16:30:00,245.54,245.54,245.41,245.42,5211
2025-02-21 16:35:00,245.4115,245.48,245.3,245.33,3187
2025-02-21 16:40:00,245.3,245.55,245.3,245.45,20941
2025-02-21 16:45:00,245.47,245.48,245.35,245.42,9936
2025-02-21 16:50:00,245.36,245.48,245.35,245.4,5674
2025-02-21 16:55:00,245.4,245.4,245.3,245.3,5379
2025-02-21 17:00:00,245.3,245.4,245.2,245.23,2743
2025-02-21 17:05:00,245.25,245.31,245.1,245.13,5704
2025-02-21 17:10:00,245.15,245.36,245.12,245.1205,3404
2025-02-21 17:15:00,245.14,245.25,245.12,245.12,4665
2025-02-21 17:20:00,245.22,245.2568,245.12,245.15,1094
2025-02-21 17:25:00,245.15,245.26,245.12,245.12,785
2025-02-21 17:30:00,245.13,245.5,245.1202,245.43,2052
2025-02-21 17:35:00,245.2424,245.55,245.13,245.3,18832
2025-02-21 17:40:00,245.3,245.5,245.14,245.25,554
2025-02-21 17:45:00,245.1561,245.36,245.0,245.11,9181
2025-02-21 17:50:00,245.15,245.35,245.1,245.2078,1173
2025-02-21 17:55:00,245.16,245.36,245.08,245.2,5377
2025-02-21 18:00:00,245.28,245.5,245.08,245.17,314
2025-02-21 18:05:00,245.23,245.2948,245.0855,245.12,794
2025-02-21 18:10:00,245.13,245.25,245.12,245.25,450
2025-02-21 18:15:00,245.2,245.25,245.16,245.16,812
2025-02-21 18:20:00,245.19,245.2,245.15,245.15,518
2025-02-21 18:25:00,245.18,245.4925,245.18,245.27,3893
2025-02-21 18:30:00,245.26,245.55,245.2429,245.39,5735
2025-02-21 18:35:00,245.49,245.5,245.1776,245.18,338
2025-02-21 18:40:00,245.38,245.55,245.18,245.32,37666
2025-02-21 18:45:00,245.18,245.36,245.18,245.2,1196
2025-02-21 18:50:00,245.35,245.35,245.18,245.25,1027
2025-02-21 18:55:00,245.2,245.25,233.19,245.18,853
2025-02-21 19:00:00,245.18,245.247,245.1232,245.16,1556
2025-02-21 19:05:00,245.13,245.2585,245.12,245.2585,2493
2025-02-21 19:10:00,245.2,245.2867,245.12,245.2,1439
2025-02-21 19:15:00,245.2,245.25,245.15,245.15,862
2025-02-21 19:20:00,245.2,245.25,245.1,245.14,405
2025-02-21 19:25:00,245.15,245.15,245.08,245.08,2718
2025-02-21 19:30:00,245.12,245.15,245.08,245.08,2139
2025-02-21 19:35:00,245.1,245.1975,245.09,245.15,5882
2025-02-21 19:40:00,245.16,245.16,245.0937,245.16,1662
2025-02-21 19:45:00,245.15,245.15,245.08,245.08,1043
2025-02-21 19:50:00,245.1,245.11,245.0,245.0937,2064
2025-02-21 19:55:00,245.02,245.1,245.0,245.03,3692
2025-02-24 04:00:00,245.39,245.9,245.0,245.26,8031
2025-02-24 04:05:00,245.18,245.44,245.0,245.15,2983
2025-02-24 04:10:00,245.2,245.31,245.15,245.18,5325
2025-02-24 04:15:00,245.18,245.18,245.05,245.07,3021
2025-02-24 04:20:00,245.05,245.22,245.03,245.16,1461
2025-02-24 04:25:00,245.16,245.26,245.1,245.24,1683
2025-02-24 04:30:00,245.25,245.35,245.22,245.22,1513
2025-02-24 04:35:00,245.27,245.29,245.21,245.21,815
2025-02-24 04:40:00,245.23,245.34,245.22,245.23,2257
2025-02-24 04:45:00,245.24,245.32,245.22,245.22,1562
2025-02-24 04:50:00,245.26,245.26,245.2,245.24,2072
2025-02-24 04:55:00,245.2,245.29,245.2,245.22,1974
2025-02-24 05:00:00,245.26,245.26,245.2,245.2,217
2025-02-24 05:05:00,245.2,245.26,245.2,245.2,2106
2025-02-24 05:10:00,245.2,245.24,245.11,245.18,3734
2025-02-24 05:15:00,245.16,245.21,245.1,245.1,1976
2025-02-24 05:20:00,245.1,245.13,245.1,245.11,262
2025-02-24 05:25:00,245.12,245.26,245.12,245.2,2772
2025-02-24 05:30:00,245.21,245.29,245.21,245.27,780
2025-02-24 05:35:00,245.27,245.29,245.2,245.21,879
2025-02-24 05:40:00,245.21,245.29,245.2,245.21,2322
2025-02-24 05:45:00,245.24,245.25,245.2,245.25,609
2025-02-24 05:50:00,245.22,245.25,245.2,245.21,1607
2025-02-24 05:55:00,245.2,245.23,245.2,245.2,597
2025-02-24 06:00:00,245.21,245.27,242.37,243.0,62527
2025-02-24 06:05:00,243.08,243.43,242.65,243.15,17679
2025-02-24 06:10:00,243.24,243.25,241.55,241.88,37770
2025-02-24 06:15:00,241.89,242.92,241.88,242.77,64285
2025-02-24 06:20:00,242.7,242.7,242.12,242.23,30133
2025-02-24 06:25:00,242.25,242.8,242.25,242.35,19575
2025-02-24 06:30:00,242.36,243.0,242.35,242.86,39475
2025-02-24 06:35:00,242.84,243.16,242.83,243.08,16183
2025-02-24 06:40:00,243.1,243.28,242.9,243.02,14109
2025-02-24 06:45:00,243.04,243.13,242.9,243.07,8355
2025-02-24 06:50:00,243.06,243.09,242.9,242.95,15217
2025-02-24 06:55:00,242.92,243.86,242.92,243.8,14698
2025-02-24 07:00:00,243.86,243.92,243.51,243.68,42385
2025-02-24 07:05:00,243.7,243.7,243.46,243.49,8907
2025-02-24 07:10:00,243.5,243.58,243.48,243.54,2901
2025-02-24 07:15:00,243.55,244.4,243.55,244.33,17933
2025-02-24 07:20:00,244.33,244.38,244.01,244.11,9006
2025-02-24 07:25:00,244.03,244.28,243.9,244.15,5767
2025-02-24 07:30:00,244.18,244.28,244.1,244.27,4449
2025-02-24 07:35:00,244.24,244.31,243.9,244.1,23146
2025-02-24 07:40:00,244.12,244.18,243.82,243.84,25964
2025-02-24 07:45:00,243.83,244.09,243.82,243.92,12828
2025-02-24 07:50:00,243.9,244.0,243.84,243.85,3193
2025-02-24 07:55:00,243.86,243.94,243.72,243.88,15706
2025-02-24 08:00:00,243.9,246.0,241.5738,243.95,118193
2025-02-24 08:05:00,243.94,244.24,243.85,244.0,9920
2025-02-24 08:10:00,244.0,244.39,244.0,244.24,10512
2025-02-24 08:15:00,244.13,244.5,244.13,244.42,9895
2025-02-24 08:20:00,244.32,244.3752,244.0,244.0217,5511
2025-02-24 08:25:00,244.06,244.2,244.0,244.11,17996
2025-02-24 08:30:00,244.17,244.21,243.52,243.77,45082
2025-02-24 08:35:00,243.76,243.85,243.5,243.76,26796
2025-02-24 08:40:00,243.74,244.79,243.7,244.69,22159
2025-02-24 08:45:00,244.73,244.79,244.31,244.4,10661
2025-02-24 08:50:00,244.4,244.5,244.31,244.3201,5376
2025-02-24 08:55:00,244.34,244.49,244.3205,244.37,9961
2025-02-24 09:00:00,244.33,244.4,244.01,244.04,13185
2025-02-24 09:05:00,244.04,244.1,243.35,243.69,60580
2025-02-24 09:10:00,243.69,244.0,243.5,244.0,19818
2025-02-24 09:15:00,244.0008,245.955,243.17,243.4,44280
2025-02-24 09:20:00,243.451,243.58,243.26,243.52,22022
2025-02-24 09:25:00,243.52,245.4,243.07,245.0,181799
2025-02-24 09:30:00,244.925,247.9,244.42,246.065,2326395
2025-02-24 09:35:00,246.065,246.58,245.63,245.6365,987337
2025-02-24 09:40:00,245.69,246.19,244.83,246.07,983795
2025-02-24 09:45:00,246.065,246.46,245.6501,246.05,597874
2025-02-24 09:50:00,246.06,247.32,245.95,247.225,909374
2025-02-24 09:55:00,247.235,248.14,247.01,248.065,1241434
2025-02-24 10:00:00,248.08,248.4,244.8241,247.75,1161672
2025-02-24 10:05:00,247.77,248.22,247.43,248.1475,1163947
2025-02-24 10:10:00,248.155,248.86,247.22,247.32,1177594
2025-02-24 10:15:00,247.3,247.8,247.29,247.52,529416
2025-02-24 10:20:00,247.5,247.89,247.3,247.71,429662
2025-02-24 10:25:00,247.71,247.85,247.32,247.85,488688
2025-02-24 10:30:00,247.85,247.9541,247.32,247.41,558012
2025-02-24 10:35:00,247.42,247.51,246.2,246.515,891988
2025-02-24 10:40:00,246.5,246.52,246.01,246.18,557033
2025-02-24 10:45:00,246.18,247.26,246.09,247.21,779309
2025-02-24 10:50:00,247.205,247.74,246.97,247.2627,790892
2025-02-24 10:55:00,247.29,247.39,246.92,247.225,548322
2025-02-24 11:00:00,247.22,247.44,247.05,247.145,389907
2025-02-24 11:05:00,247.13,247.6,246.8,247.17,496978
2025-02-24 11:10:00,247.2,247.34,246.84,246.84,595506
2025-02-24 11:15:00,246.86,246.935,246.44,246.66,426511
2025-02-24 11:20:00,246.655,246.79,246.27,246.3,342089
2025-02-24 11:25:00,246.315,247.44,246.285,247.1102,439185
2025-02-24 11:30:00,247.12,247.55,247.12,247.28,339743
2025-02-24 11:35:00,247.275,247.65,247.23,247.61,356834
2025-02-24 11:40:00,247.5701,248.24,247.47,248.195,494442
2025-02-24 11:45:00,248.195,248.32,248.02,248.15,359188
2025-02-24 11:50:00,248.1591,248.23,247.9,248.08,322516
2025-02-24 11:55:00,248.06,248.12,247.751,248.0,396330
2025-02-24 12:00:00,248.0,248.01,247.45,247.89,233260
2025-02-24 12:05:00,247.9067,248.1098,247.68,247.92,217900
2025-02-24 12:10:00,247.925,248.168,247.7533,247.8002,177826
2025-02-24 12:15:00,247.81,248.25,247.78,248.165,235552
2025-02-24 12:20:00,248.15,248.28,247.96,247.9987,179872
2025-02-24 12:25:00,247.995,248.005,247.76,247.795,323848
2025-02-24 12:30:00,247.82,247.96,247.725,247.7984,189687
2025-02-24 12:35:00,247.81,247.845,247.7,247.82,163304
2025-02-24 12:40:00,247.82,247.89,247.52,247.5722,234951
2025-02-24 12:45:00,247.58,247.86,247.55,247.55,197855
2025-02-24 12:50:00,247.575,247.73,247.41,247.4308,222835
2025-02-24 12:55:00,247.42,247.5896,247.27,247.27,205002
2025-02-24 13:00:00,247.27,247.47,247.22,247.3661,177187
2025-02-24 13:05:00,247.39,247.65,247.3,247.6416,201223
2025-02-24 13:10:00,247.64,247.71,247.5001,247.71,192480
2025-02-24 13:15:00,247.7,248.06,247.6001,248.0099,283951
2025-02-24 13:20:00,248.0,248.07,247.87,247.96,271500
2025-02-24 13:25:00,247.98,248.14,247.74,248.04,210289
2025-02-24 13:30:00,248.05,248.06,247.67,247.89,333641
2025-02-24 13:35:00,247.88,248.14,247.75,248.095,207831
2025-02-24 13:40:00,248.08,248.22,247.95,248.0443,226880
2025-02-24 13:45:00,248.05,248.14,247.89,247.97,219103
2025-02-24 13:50:00,247.965,248.14,247.87,248.053,174016
2025-02-24 13:55:00,248.06,248.08,247.7804,247.98,602246
2025-02-24 14:00:00,247.98,248.61,247.93,248.61,513495
2025-02-24 14:05:00,248.605,248.72,248.285,248.46,311590
2025-02-24 14:10:00,248.45,248.48,248.19,248.35,856353
2025-02-24 14:15:00,248.35,248.8,248.35,248.67,349624
2025-02-24 14:20:00,248.68,248.68,248.36,248.56,305026
2025-02-24 14:25:00,248.55,248.75,248.47,248.66,264435
2025-02-24 14:30:00,248.66,248.75,248.18,248.42,294945
2025-02-24 14:35:00,248.415,248.415,248.06,248.08,209819
2025-02-24 14:40:00,248.09,248.13,247.7901,247.9,234722
2025-02-24 14:45:00,247.91,248.17,247.862,248.02,183031
2025-02-24 14:50:00,248.02,248.1907,247.48,247.585,677054
2025-02-24 14:55:00,247.585,247.98,247.43,247.98,224354
2025-02-24 15:00:00,247.965,248.0,247.63,247.94,252544
2025-02-24 15:05:00,247.94,248.23,247.86,248.15,280660
2025-02-24 15:10:00,248.15,248.16,247.775,248.005,303047
2025-02-24 15:15:00,248.02,248.09,247.785,247.84,310799
2025-02-24 15:20:00,247.86,248.05,247.67,247.79,312330
2025-02-24 15:25:00,247.7973,247.94,247.595,247.6,371661
2025-02-24 15:30:00,247.6,247.73,247.54,247.61,339570
2025-02-24 15:35:00,247.619,247.73,247.47,247.55,273698
2025-02-24 15:40:00,247.56,247.56,247.3,247.48,398530
2025-02-24 15:45:00,247.47,247.79,247.27,247.74,354886
2025-02-24 15:50:00,247.73,247.76,247.0,247.28,807139
2025-02-24 15:55:00,247.29,247.36,246.82,247.23,2802373
2025-02-24 16:00:00,247.22,247.77,247.1,247.65,16923585
2025-02-24 16:05:00,247.65,247.75,247.1,247.71,23934
2025-02-24 16:10:00,247.69,248.1,247.1,247.95,47602
2025-02-24 16:15:00,247.1,248.0,247.1,247.91,19705
2025-02-24 16:20:00,247.91,247.9977,236.85,247.92,1438812
2025-02-24 16:25:00,247.92,247.95,247.1,247.9,12123
2025-02-24 16:30:00,247.85,248.12,243.1601,247.95,14904
2025-02-24 16:35:00,248.06,248.2,247.1,247.92,46142
2025-02-24 16:40:00,247.93,248.0,247.86,247.87,2148
2025-02-24 16:45:00,247.88,248.17,247.84,248.17,23135
2025-02-24 16:50:00,248.14,248.17,247.9,247.94,6550
2025-02-24 16:55:00,247.91,248.0,247.88,247.89,19031
2025-02-24 17:00:00,247.891,248.0,247.77,247.95,12063
2025-02-24 17:05:00,247.9007,265.1391,247.1,247.9,1501
2025-02-24 17:10:00,247.9,247.99,247.88,247.9,4419
2025-02-24 17:15:00,247.91,251.2043,247.9,247.9,4268
2025-02-24 17:20:00,247.98,248.03,247.9,247.93,4402
2025-02-24 17:25:00,247.99,248.0,247.86,247.91,5606
2025-02-24 17:30:00,247.91,248.0,247.86,247.98,4806
2025-02-24 17:35:00,247.94,248.0,247.75,247.84,3166
2025-02-24 17:40:00,247.84,248.0,247.75,247.9,2678
2025-02-24 17:45:00,247.9,247.95,247.544,247.7,10733
2025-02-24 17:50:00,247.54,247.85,247.54,247.8422,4546
2025-02-24 17:55:00,247.6,247.8422,247.54,247.78,5915
2025-02-24 18:00:00,247.77,248.0,247.61,247.75,9288
2025-02-24 18:05:00,247.76,247.9,247.64,247.8,2230
2025-02-24 18:10:00,247.7701,247.98,247.77,247.83,6508
2025-02-24 18:15:00,247.9755,248.0,247.8,247.86,5923
2025-02-24 18:20:00,247.98,247.9996,247.83,247.99,2444
2025-02-24 18:25:00,247.87,247.99,247.84,247.99,1821
2025-02-24 18:30:00,247.99,248.05,247.6,247.63,13839
2025-02-24 18:35:00,247.6,247.75,247.6,247.7,3113
2025-02-24 18:40:00,247.7,247.75,247.6,247.64,1824
2025-02-24 18:45:00,247.6135,247.74,247.4,247.6,5067
2025-02-24 18:50:00,247.6888,247.69,247.4,247.5,16701
2025-02-24 18:55:00,247.5,247.65,247.5,247.6,4154
2025-02-24 19:00:00,247.61,247.8,247.55,247.7,3262
2025-02-24 19:05:00,247.55,247.97,247.55,247.64,8519
2025-02-24 19:10:00,247.68,248.0,247.64,247.87,3400
2025-02-24 19:15:00,247.89,248.12,247.87,248.003,4804
2025-02-24 19:20:00,248.05,248.1122,248.0,248.0,2790
2025-02-24 19:25:00,248.0,248.45,248.0,248.2,9065
2025-02-24 19:30:00,248.1,248.3,248.1,248.12,2889
2025-02-24 19:35:00,248.23,248.25,248.1,248.21,2525
2025-02-24 19:40:00,248.21,248.3,248.1,248.3,1383
2025-02-24 19:45:00,248.247,248.2962,248.13,248.25,1625
2025-02-24 19:50:00,248.21,248.3,248.0512,248.06,2154
2025-02-24 19:55:00,248.06,248.25,248.05,248.06,3233
2025-02-25 04:00:00,247.95,247.95,246.81,247.18,5248
2025-02-25 04:05:00,247.17,247.4,247.12,247.38,4217
2025-02-25 04:10:00,247.38,247.56,247.37,247.46,1321
2025-02-25 04:15:00,247.47,247.6,247.45,247.57,1513
2025-02-25 04:20:00,247.57,247.72,247.55,247.68,7953
2025-02-25 04:25:00,247.65,247.78,247.65,247.75,1493
2025-02-25 04:30:00,247.76,247.76,247.61,247.65,2354
2025-02-25 04:35:00,247.65,247.67,247.59,247.66,1078
2025-02-25 04:40:00,247.65,247.75,247.61,247.62,2357
2025-02-25 04:45:00,247.6,247.64,247.34,247.35,1510
2025-02-25 04:50:00,247.35,247.38,246.99,246.99,5803
2025-02-25 04:55:00,246.89,246.95,246.53,246.55,6278
2025-02-25 05:00:00,246.55,246.78,246.51,246.71,1815
2025-02-25 05:05:00,246.71,246.88,246.7,246.71,1458
2025-02-25 05:10:00,246.71,246.88,246.66,246.67,2517
2025-02-25 05:15:00,246.7,246.85,246.55,246.67,3649
2025-02-25 05:20:00,246.69,246.8,246.69,246.71,4324
2025-02-25 05:25:00,246.7,246.79,246.63,246.69,3756
2025-02-25 05:30:00,246.72,246.91,246.71,246.74,1284
2025-02-25 05:35:00,246.75,246.76,246.63,246.69,2269
2025-02-25 05:40:00,246.67,246.79,246.63,246.67,2176
2025-02-25 05:45:00,246.65,246.71,246.63,246.64,1684
2025-02-25 05:50:00,246.65,246.65,246.37,246.44,3566
2025-02-25 05:55:00,246.4,246.49,246.37,246.37,2267
2025-02-25 06:00:00,246.39,246.6,246.36,246.6,2235
2025-02-25 06:05:00,246.5,246.59,246.38,246.52,1512
2025-02-25 06:10:00,246.52,246.7,246.51,246.68,4069
2025-02-25 06:15:00,246.67,246.7,246.6,246.62,268
2025-02-25 06:20:00,246.63,246.63,246.52,246.6,2228
2025-02-25 06:25:00,246.6,246.93,246.5,246.91,5186
2025-02-25 06:30:00,246.75,246.86,246.64,246.68,425
2025-02-25 06:35:00,246.77,246.95,246.76,246.76,2135
2025-02-25 06:40:00,246.8,247.21,246.75,247.0,7009
2025-02-25 06:45:00,246.99,247.09,246.77,246.82,4672
2025-02-25 06:50:00,246.82,247.04,246.76,247.04,2403
2025-02-25 06:55:00,246.96,247.15,246.89,247.0,3874
2025-02-25 07:00:00,246.97,247.28,246.93,247.28,4797
2025-02-25 07:05:00,247.3,247.8,247.3,247.66,3128
2025-02-25 07:10:00,247.55,247.59,247.23,247.48,3960
2025-02-25 07:15:00,247.46,247.83,247.44,247.83,4156
2025-02-25 07:20:00,247.81,247.81,247.5,247.6,2227
2025-02-25 07:25:00,247.66,247.72,247.51,247.52,988
2025-02-25 07:30:00,247.52,247.54,247.27,247.32,3586
2025-02-25 07:35:00,247.28,247.41,247.28,247.35,2336
2025-02-25 07:40:00,247.33,247.33,247.15,247.16,4577
2025-02-25 07:45:00,247.14,247.35,247.1,247.35,6292
2025-02-25 07:50:00,247.34,247.48,247.34,247.48,1769
2025-02-25 07:55:00,247.43,247.73,247.43,247.6,4446
2025-02-25 08:00:00,247.11,248.12,244.47,247.3607,1571067
2025-02-25 08:05:00,247.4004,247.53,247.1,247.34,5673
2025-02-25 08:10:00,247.33,247.48,247.1,247.4508,522884
2025-02-25 08:15:00,247.45,247.48,247.1,247.38,4563
2025-02-25 08:20:00,247.3301,247.52,247.23,247.3877,9160
2025-02-25 08:25:00,247.32,247.45,247.12,247.24,12322
2025-02-25 08:30:00,247.39,247.44,247.22,247.25,6471
2025-02-25 08:35:00,247.25,247.39,247.14,247.21,8945
2025-02-25 08:40:00,247.22,247.37,247.17,247.32,2128
2025-02-25 08:45:00,247.27,247.37,247.14,247.32,5722
2025-02-25 08:50:00,247.32,247.37,247.14,247.2862,2709
2025-02-25 08:55:00,247.2022,247.37,247.15,247.16,3735
2025-02-25 09:00:00,247.17,247.27,247.1,247.11,2856
2025-02-25 09:05:00,247.14,247.44,247.11,247.11,3085
2025-02-25 09:10:00,247.149,247.35,247.11,247.3265,6120
2025-02-25 09:15:00,247.25,247.3,247.12,247.12,3565
2025-02-25 09:20:00,247.12,247.33,247.11,247.12,4212
2025-02-25 09:25:00,247.12,248.0,246.61,247.97,52443
2025-02-25 09:30:00,248.0,249.52,247.865,247.9993,2274367
2025-02-25 09:35:00,247.96,248.93,247.54,247.8467,798851
2025-02-25 09:40:00,247.86,247.94,247.1,247.58,703720
2025-02-25 09:45:00,247.58,247.8953,247.23,247.5009,529430
2025-02-25 09:50:00,247.5004,247.8,247.28,247.38,673925
2025-02-25 09:55:00,247.45,248.28,247.36,247.825,646047
2025-02-25 10:00:00,247.825,247.9,246.65,247.16,985570
2025-02-25 10:05:00,247.17,247.29,246.55,246.69,875620
2025-02-25 10:10:00,246.76,246.97,246.1,246.14,552057
2025-02-25 10:15:00,246.13,246.46,245.87,245.925,526683
2025-02-25 10:20:00,245.95,246.27,245.42,245.77,783672
2025-02-25 10:25:00,245.745,245.79,244.91,245.11,815269
2025-02-25 10:30:00,245.11,245.64,244.91,245.23,666935
2025-02-25 10:35:00,245.23,246.185,245.12,246.05,672477
2025-02-25 10:40:00,246.0,246.08,245.32,245.495,420121
2025-02-25 10:45:00,245.47,245.98,245.2,245.97,364663
2025-02-25 10:50:00,245.98,246.357,245.72,246.28,393770
2025-02-25 10:55:00,246.27,246.36,245.9433,246.06,351818
2025-02-25 11:00:00,246.09,246.33,245.65,246.3,486337
2025-02-25 11:05:00,246.26,246.66,246.17,246.26,439802
2025-02-25 11:10:00,246.29,246.4,246.15,246.19,293282
2025-02-25 11:15:00,246.18,246.75,246.17,246.595,281843
2025-02-25 11:20:00,246.6,246.84,246.46,246.78,253943
2025-02-25 11:25:00,246.785,246.87,246.25,246.525,287831
2025-02-25 11:30:00,246.535,247.44,246.4301,247.365,433666
2025-02-25 11:35:00,247.35,248.06,247.2215,248.06,673666
2025-02-25 11:40:00,248.03,248.07,247.36,247.99,582261
2025-02-25 11:45:00,247.98,248.82,247.8,248.78,521048
2025-02-25 11:50:00,248.795,249.5,248.7,249.225,1090321
2025-02-25 11:55:00,249.215,250.0,249.075,249.542,923082
2025-02-25 12:00:00,249.565,249.69,249.18,249.1833,463473
2025-02-25 12:05:00,249.19,249.52,249.02,249.215,380532
2025-02-25 12:10:00,249.23,249.57,249.23,249.355,428307
2025-02-25 12:15:00,249.34,249.54,249.2501,249.34,308584
2025-02-25 12:20:00,249.33,249.47,248.88,249.38,468752
2025-02-25 12:25:00,249.38,249.63,249.17,249.58,438295
2025-02-25 12:30:00,249.58,249.62,249.0,249.04,380090
2025-02-25 12:35:00,249.05,249.07,248.71,248.8265,355071
2025-02-25 12:40:00,248.85,249.17,248.81,249.11,346543
2025-02-25 12:45:00,249.13,249.28,248.4,248.4101,368548
2025-02-25 12:50:00,248.445,248.64,248.24,248.36,251070
2025-02-25 12:55:00,248.36,248.5,248.08,248.17,194981
2025-02-25 13:00:00,248.18,248.62,248.17,248.27,250192
2025-02-25 13:05:00,248.26,248.84,248.2,248.665,192956
2025-02-25 13:10:00,248.65,248.84,248.235,248.235,219885
2025-02-25 13:15:00,248.2,248.57,248.17,248.405,206546
2025-02-25 13:20:00,248.405,248.81,248.185,248.31,183066
2025-02-25 13:25:00,248.325,248.3429,247.73,247.99,242463
2025-02-25 13:30:00,247.97,248.14,247.79,248.05,216547
2025-02-25 13:35:00,248.065,248.48,247.92,248.47,270940
2025-02-25 13:40:00,248.46,248.62,248.28,248.495,292523
2025-02-25 13:45:00,248.49,248.52,248.17,248.247,162289
2025-02-25 13:50:00,248.27,248.41,247.96,248.15,217974
2025-02-25 13:55:00,248.14,248.3467,248.04,248.14,286362
2025-02-25 14:00:00,248.13,248.22,247.87,247.99,288772
2025-02-25 14:05:00,247.99,248.12,247.95,248.05,257144
2025-02-25 14:10:00,248.03,248.03,247.3803,247.3803,339624
2025-02-25 14:15:00,247.38,247.8896,247.16,247.715,432259
2025-02-25 14:20:00,247.7,247.77,247.4501,247.58,238916
2025-02-25 14:25:00,247.6,247.75,247.51,247.65,233208
2025-02-25 14:30:00,247.64,247.85,247.55,247.7649,330429
2025-02-25 14:35:00,247.76,248.5,247.59,248.4,333467
2025-02-25 14:40:00,248.41,248.51,248.29,248.46,272485
2025-02-25 14:45:00,248.44,248.545,248.1409,248.47,262885
2025-02-25 14:50:00,248.475,248.5786,248.37,248.47,243218
2025-02-25 14:55:00,248.4799,248.59,248.415,248.43,258234
2025-02-25 15:00:00,248.42,248.54,248.0,248.21,259106
2025-02-25 15:05:00,248.21,248.33,247.85,247.9,233191
2025-02-25 15:10:00,247.905,248.13,247.77,248.0258,259958
2025-02-25 15:15:00,248.01,248.19,247.7944,248.11,266944
2025-02-25 15:20:00,248.11,248.2898,247.925,248.03,327563
2025-02-25 15:25:00,248.035,248.11,247.63,247.72,360946
2025-02-25 15:30:00,247.725,247.77,247.56,247.625,289162
2025-02-25 15:35:00,247.63,247.6497,246.975,247.24,450074
2025-02-25 15:40:00,247.245,247.79,247.14,247.29,459243
2025-02-25 15:45:00,247.29,247.3247,246.73,246.74,396521
2025-02-25 15:50:00,246.7,247.12,246.045,246.51,946396
2025-02-25 15:55:00,246.54,247.59,246.19,247.05,1749792
2025-02-25 16:00:00,247.05,247.34,246.83,246.97,13613743
2025-02-25 16:05:00,246.9958,247.4744,246.75,246.9899,35500
2025-02-25 16:10:00,246.96,246.99,246.81,246.89,5482
2025-02-25 16:15:00,247.04,247.04,246.78,246.78,361394
2025-02-25 16:20:00,247.04,247.65,246.6,246.7,27583
2025-02-25 16:25:00,246.65,246.79,244.875,246.71,14327
2025-02-25 16:30:00,246.58,247.04,246.53,246.7,18129
2025-02-25 16:35:00,246.7,246.75,246.66,246.75,2070
2025-02-25 16:40:00,246.75,247.04,246.73,246.82,6122
2025-02-25 16:45:00,246.78,247.04,246.75,246.84,13417
2025-02-25 16:50:00,246.79,246.84,246.75,246.84,1310
2025-02-25 16:55:00,246.83,246.83,246.04,246.08,14029
2025-02-25 17:00:00,246.4,246.57,246.26,246.57,3076
2025-02-25 17:05:00,246.56,246.57,246.37,246.5,2731
2025-02-25 17:10:00,246.51,258.8842,246.37,258.8842,3422
2025-02-25 17:15:00,246.52,258.8842,246.51,246.57,578727
2025-02-25 17:20:00,246.57,250.0154,246.51,246.52,2429
2025-02-25 17:25:00,246.56,246.67,246.51,246.57,1485
2025-02-25 17:30:00,246.54,246.6,246.51,246.51,1082
2025-02-25 17:35:00,246.53,246.67,246.35,246.49,9233
2025-02-25 17:40:00,246.49,246.5,246.35,246.5,1199
2025-02-25 17:45:00,246.45,246.48,246.36,246.3801,912
2025-02-25 17:50:00,246.39,246.48,246.36,246.4702,5122
2025-02-25 17:55:00,246.48,246.54,246.38,246.44,11863
2025-02-25 18:00:00,246.42,246.67,246.38,246.58,1360
2025-02-25 18:05:00,246.58,246.62,246.5,246.5127,878
2025-02-25 18:10:00,246.6,246.67,246.5,246.5585,3872
2025-02-25 18:15:00,246.55,246.56,246.43,246.4991,2395
2025-02-25 18:20:00,246.4975,246.67,246.4,246.5,2128
2025-02-25 18:25:00,246.5004,246.67,246.5,246.6001,1782
2025-02-25 18:30:00,246.67,246.67,246.5,246.65,2872
2025-02-25 18:35:00,246.65,246.67,246.55,246.55,1152
2025-02-25 18:40:00,246.65,246.65,246.5,246.52,1200
2025-02-25 18:45:00,246.54,246.65,246.4,246.58,5325
2025-02-25 18:50:00,246.58,246.65,246.4,246.49,3784
2025-02-25 18:55:00,246.41,246.6,246.34,246.42,1653
2025-02-25 19:00:00,246.35,246.65,246.35,246.52,875
2025-02-25 19:05:00,246.5,246.65,246.27,246.42,2682
2025-02-25 19:10:00,246.34,246.65,246.25,246.37,3785
2025-02-25 19:15:00,246.494,246.65,246.27,246.32,2074
2025-02-25 19:20:00,246.45,246.65,246.28,246.46,419
2025-02-25 19:25:00,246.46,246.65,246.4,246.5,5883
2025-02-25 19:30:00,246.5,246.65,246.41,246.5,841
2025-02-25 19:35:00,246.5,246.6305,246.41,246.6,1085
2025-02-25 19:40:00,246.426,246.65,246.4,246.45,4088
2025-02-25 19:45:00,246.45,246.65,246.45,246.59,972
2025-02-25 19:50:00,246.59,246.64,246.46,246.6257,3575
2025-02-25 19:55:00,246.6485,246.65,246.46,246.4695,6583
2025-02-26 04:00:00,246.5,246.87,246.5,246.59,2995
2025-02-26 04:05:00,246.54,246.56,246.2,246.21,5215
2025-02-26 04:10:00,246.2,246.26,246.0,246.12,4564
2025-02-26 04:15:00,246.13,246.5,246.13,246.49,3792
2025-02-26 04:20:00,246.49,246.62,246.4,246.4,1737
2025-02-26 04:25:00,246.4,246.44,246.05,246.12,4545
2025-02-26 04:30:00,246.13,246.36,246.12,246.32,1690
2025-02-26 04:35:00,246.31,246.31,246.01,246.03,1111
2025-02-26 04:40:00,246.03,246.24,246.0,246.21,2071
2025-02-26 04:45:00,246.21,246.24,246.2,246.22,114
2025-02-26 04:50:00,246.24,246.26,246.05,246.05,815
2025-02-26 04:55:00,246.04,246.07,245.79,245.85,3922
2025-02-26 05:00:00,245.89,245.95,245.84,245.87,1109
2025-02-26 05:05:00,245.84,245.96,245.84,245.86,1484
2025-02-26 05:10:00,245.84,245.92,245.8,245.87,1147
2025-02-26 05:15:00,245.87,245.87,245.64,245.77,3543
2025-02-26 05:20:00,245.75,245.8,245.61,245.64,1537
2025-02-26 05:25:00,245.71,245.78,245.62,245.74,841
2025-02-26 05:30:00,245.76,245.79,245.74,245.78,742
2025-02-26 05:35:00,245.78,245.9,245.74,245.87,2517
2025-02-26 05:40:00,245.9,246.14,245.82,246.14,3252
2025-02-26 05:45:00,246.1,246.17,246.01,246.17,3079
2025-02-26 05:50:00,246.16,246.27,246.16,246.22,355
2025-02-26 05:55:00,246.22,246.27,246.19,246.25,449
2025-02-26 06:00:00,246.21,246.28,246.18,246.19,2297
2025-02-26 06:05:00,246.19,246.2,246.0,246.05,1700
2025-02-26 06:10:00,246.02,246.02,245.93,245.96,598
2025-02-26 06:15:00,246.0,246.04,245.93,246.0,1206
2025-02-26 06:20:00,245.95,246.0,245.85,245.94,1113
2025-02-26 06:25:00,245.96,245.96,245.76,245.78,1378
2025-02-26 06:30:00,245.8,245.82,245.72,245.73,663
2025-02-26 06:35:00,245.78,245.89,245.72,245.81,1556
2025-02-26 06:40:00,245.85,245.87,245.74,245.83,1002
2025-02-26 06:45:00,245.79,245.86,245.79,245.84,404
2025-02-26 06:50:00,245.86,245.89,245.71,245.74,3398
2025-02-26 06:55:00,245.72,245.77,245.57,245.6,4142
2025-02-26 07:00:00,245.61,246.11,245.6,246.03,9639
2025-02-26 07:05:00,246.0,246.12,245.96,246.0,2662
2025-02-26 07:10:00,246.0,246.11,246.0,246.1,886
2025-02-26 07:15:00,246.11,246.4,246.1,246.19,6612
2025-02-26 07:20:00,246.19,246.38,246.14,246.24,6026
2025-02-26 07:25:00,246.28,246.34,246.22,246.34,1917
2025-02-26 07:30:00,246.27,246.35,246.22,246.34,2756
2025-02-26 07:35:00,246.32,246.34,246.21,246.21,2017
2025-02-26 07:40:00,246.21,246.26,246.0,246.26,4138
2025-02-26 07:45:00,246.11,246.18,245.83,245.83,2324
2025-02-26 07:50:00,245.94,245.98,245.61,245.93,3353
2025-02-26 07:55:00,245.93,246.0,245.93,245.94,3002
2025-02-26 08:00:00,246.6787,247.25,245.03,245.74,865585
2025-02-26 08:05:00,245.71,247.1429,245.62,245.83,14209
2025-02-26 08:10:00,245.84,246.0,245.69,245.8,2399
2025-02-26 08:15:00,245.9492,246.0,245.8,245.91,2151
2025-02-26 08:20:00,245.91,246.0,245.79,245.98,6361
2025-02-26 08:25:00,245.98,247.04,245.85,245.92,4656
2025-02-26 08:30:00,245.9885,246.0,245.81,245.87,4701
2025-02-26 08:35:00,245.87,245.9,245.65,245.69,5026
2025-02-26 08:40:00,245.6975,245.8,245.6,245.62,6794
2025-02-26 08:45:00,245.74,245.74,245.21,245.28,13789
2025-02-26 08:50:00,245.28,245.71,245.28,245.55,16298
2025-02-26 08:55:00,245.56,245.56,245.4,245.45,5981
2025-02-26 09:00:00,245.49,245.83,245.44,245.65,9414
2025-02-26 09:05:00,245.65,245.69,245.5312,245.6,3049
2025-02-26 09:10:00,245.55,245.6,245.32,245.43,18163
2025-02-26 09:15:00,245.4482,245.58,245.31,245.512,17654
2025-02-26 09:20:00,245.55,245.85,245.4,245.47,10357
2025-02-26 09:25:00,245.46,245.79,229.86,244.38,152587
2025-02-26 09:30:00,244.33,244.98,242.92,243.455,2329395
2025-02-26 09:35:00,243.455,243.69,241.95,242.435,1682019
2025-02-26 09:40:00,242.42,242.44,241.42,242.05,1461466
2025-02-26 09:45:00,242.04,243.495,241.85,243.36,1042900
2025-02-26 09:50:00,243.37,243.98,242.95,243.8483,718691
2025-02-26 09:55:00,243.78,243.87,243.25,243.41,498722
2025-02-26 10:00:00,243.42,243.8,243.32,243.63,494523
2025-02-26 10:05:00,243.65,243.91,243.34,243.75,438805
2025-02-26 10:10:00,243.73,244.0,243.48,243.8507,555074
2025-02-26 10:15:00,243.87,244.62,243.81,244.495,568200
2025-02-26 10:20:00,244.495,244.51,243.76,243.8,383911
2025-02-26 10:25:00,243.79,243.92,243.33,243.48,471550
2025-02-26 10:30:00,243.495,243.72,242.98,243.05,444923
2025-02-26 10:35:00,243.045,243.28,242.59,242.69,406536
2025-02-26 10:40:00,242.695,242.91,242.025,242.085,502213
2025-02-26 10:45:00,242.1,242.82,242.01,242.66,582265
2025-02-26 10:50:00,242.64,242.69,242.28,242.42,426700
2025-02-26 10:55:00,242.425,242.73,242.06,242.19,402947
2025-02-26 11:00:00,242.195,242.49,242.06,242.22,334748
2025-02-26 11:05:00,242.22,242.635,242.15,242.29,356208
2025-02-26 11:10:00,242.28,242.38,242.12,242.1906,270717
2025-02-26 11:15:00,242.19,242.31,241.83,241.86,470226
2025-02-26 11:20:00,241.865,242.2499,241.865,242.055,280841
2025-02-26 11:25:00,242.06,242.085,241.58,241.81,366688
2025-02-26 11:30:00,241.8,242.78,241.75,242.63,402551
2025-02-26 11:35:00,242.63,243.24,242.63,243.085,363051
2025-02-26 11:40:00,243.0701,243.1963,242.73,243.07,247676
2025-02-26 11:45:00,243.07,243.3399,242.8,243.33,273513
2025-02-26 11:50:00,243.34,243.5,243.17,243.28,298079
2025-02-26 11:55:00,243.285,243.3799,243.08,243.19,320476
2025-02-26 12:00:00,243.23,243.69,243.18,243.565,283151
2025-02-26 12:05:00,243.565,243.89,243.5001,243.63,231000
2025-02-26 12:10:00,243.62,243.83,243.5,243.75,178892
2025-02-26 12:15:00,243.76,243.8025,243.35,243.52,246302
2025-02-26 12:20:00,243.51,243.6059,243.08,243.195,198536
2025-02-26 12:25:00,243.1859,243.2258,242.87,243.13,217496
2025-02-26 12:30:00,243.14,243.29,242.79,242.815,305393
2025-02-26 12:35:00,242.825,242.84,242.13,242.2491,293517
2025-02-26 12:40:00,242.25,242.3803,241.96,242.235,396456
2025-02-26 12:45:00,242.22,242.33,241.86,241.945,290521
2025-02-26 12:50:00,241.94,242.08,241.515,241.82,326427
2025-02-26 12:55:00,241.83,241.8801,241.4,241.55,383618
2025-02-26 13:00:00,241.55,241.745,241.27,241.43,307815
2025-02-26 13:05:00,241.4199,241.44,240.96,241.09,404638
2025-02-26 13:10:00,241.1,241.29,240.83,241.22,349862
2025-02-26 13:15:00,241.21,241.22,240.64,240.72,266162
2025-02-26 13:20:00,240.72,240.93,240.58,240.65,291720
2025-02-26 13:25:00,240.63,240.72,240.24,240.3403,395190
2025-02-26 13:30:00,240.34,240.39,240.08,240.125,397074
2025-02-26 13:35:00,240.1317,240.16,239.54,239.542,555304
2025-02-26 13:40:00,239.575,239.62,239.19,239.48,459045
2025-02-26 13:45:00,239.49,239.59,239.13,239.385,338951
2025-02-26 13:50:00,239.38,239.96,239.36,239.9293,403500
2025-02-26 13:55:00,239.92,239.99,239.4,239.65,375902
2025-02-26 14:00:00,239.64,239.79,239.4,239.475,276906
2025-02-26 14:05:00,239.46,239.75,239.34,239.6,250285
2025-02-26 14:10:00,239.62,239.73,239.43,239.6,226751
2025-02-26 14:15:00,239.615,239.85,239.5,239.66,301991
2025-02-26 14:20:00,239.65,239.9,239.6,239.81,219648
2025-02-26 14:25:00,239.8,240.125,239.78,239.82,290959
2025-02-26 14:30:00,239.81,240.02,239.64,239.99,265115
2025-02-26 14:35:00,239.985,240.26,239.9552,240.18,217950
2025-02-26 14:40:00,240.18,240.29,240.02,240.2,259476
2025-02-26 14:45:00,240.2,240.3699,240.05,240.15,201534
2025-02-26 14:50:00,240.14,240.29,239.98,240.24,238122
2025-02-26 14:55:00,240.23,240.2392,239.6,239.72,301762
2025-02-26 15:00:00,239.72,239.9,239.525,239.66,261974
2025-02-26 15:05:00,239.67,240.0,239.655,239.96,243217
2025-02-26 15:10:00,239.96,240.09,239.765,239.825,270887
2025-02-26 15:15:00,239.83,239.955,239.5901,239.95,320653
2025-02-26 15:20:00,239.96,240.36,239.75,240.29,281122
2025-02-26 15:25:00,240.29,240.45,239.95,239.95,298929
2025-02-26 15:30:00,239.96,240.1993,239.87,239.94,321684
2025-02-26 15:35:00,239.95,240.05,239.685,240.02,277695
2025-02-26 15:40:00,240.03,240.3,239.74,240.2,461648
2025-02-26 15:45:00,240.2,240.57,240.07,240.375,420510
2025-02-26 15:50:00,240.43,240.81,240.29,240.475,713543
2025-02-26 15:55:00,240.49,240.69,240.02,240.31,1855718
2025-02-26 16:00:00,240.31,240.44,240.01,240.0109,12068013
2025-02-26 16:05:00,240.01,240.36,239.8,239.83,262959
2025-02-26 16:10:00,239.81,240.36,239.5065,239.6,20056
2025-02-26 16:15:00,240.36,240.36,239.09,239.2,423918
2025-02-26 16:20:00,240.36,240.36,238.97,239.72,66607
2025-02-26 16:25:00,239.5942,239.76,239.5,239.65,5033
2025-02-26 16:30:00,239.65,240.36,239.28,239.4,7843
2025-02-26 16:35:00,239.4,240.0,239.4,239.95,16868
2025-02-26 16:40:00,239.79,240.12,239.79,240.0814,4346
2025-02-26 16:45:00,240.12,240.49,224.18,240.22,13020
2025-02-26 16:50:00,240.28,240.43,240.2,240.43,7588
2025-02-26 16:55:00,240.35,240.43,239.81,239.89,24559
2025-02-26 17:00:00,239.85,240.25,239.79,240.23,10801
2025-02-26 17:05:00,240.23,240.43,229.9929,240.33,5798
2025-02-26 17:10:00,240.3,240.5,229.9929,240.39,6757
2025-02-26 17:15:00,240.39,240.39,240.35,240.35,5461
2025-02-26 17:20:00,240.35,240.39,240.1,240.25,2884
2025-02-26 17:25:00,240.2,240.35,240.11,240.25,3230
2025-02-26 17:30:00,240.35,240.4875,240.11,240.36,4719
2025-02-26 17:35:00,240.36,240.36,240.11,240.34,101323
2025-02-26 17:40:00,240.11,240.36,240.11,240.35,2762
2025-02-26 17:45:00,240.1481,240.344,240.11,240.26,4405
2025-02-26 17:50:00,240.3335,240.34,240.11,240.12,1440
2025-02-26 17:55:00,240.18,240.24,240.11,240.2,505
2025-02-26 18:00:00,240.2,240.24,240.11,240.1109,3654
2025-02-26 18:05:00,240.12,240.24,240.1132,240.15,2366
2025-02-26 18:10:00,240.15,240.2,240.01,240.127,1250
2025-02-26 18:15:00,240.13,240.2,240.01,240.1499,1410
2025-02-26 18:20:00,240.1498,240.15,239.402,239.7596,51558
2025-02-26 18:25:00,240.36,240.36,239.6,239.93,8303
2025-02-26 18:30:00,239.71,240.08,239.71,240.0,2114
2025-02-26 18:35:00,239.72,240.08,239.72,239.9,1890
2025-02-26 18:40:00,239.9,239.94,239.6,239.6,833
2025-02-26 18:45:00,239.56,239.71,239.55,239.7,3707
2025-02-26 18:50:00,239.7065,239.88,239.57,239.8,2066
2025-02-26 18:55:00,239.73,239.88,239.57,239.78,1317
2025-02-26 19:00:00,239.78,239.88,239.71,239.75,481
2025-02-26 19:05:00,239.79,239.88,239.58,239.6046,1234
2025-02-26 19:10:00,239.59,239.88,239.59,239.59,995
2025-02-26 19:15:00,239.67,239.88,239.59,239.6,571
2025-02-26 19:20:00,239.65,239.88,239.28,239.48,7440
2025-02-26 19:25:00,239.5,239.8,239.22,239.35,5737
2025-02-26 19:30:00,239.35,239.46,239.24,239.26,2346
2025-02-26 19:35:00,239.27,239.55,239.22,239.3,1901
2025-02-26 19:40:00,239.3248,239.595,239.25,239.51,1464
2025-02-26 19:45:00,239.53,239.6,239.4,239.46,1168
2025-02-26 19:50:00,239.53,239.6,239.22,239.298,3245
2025-02-26 19:55:00,239.3,239.67,239.27,239.6,4672
2025-02-27 04:00:00,240.12,241.65,240.12,241.18,5055
2025-02-27 04:05:00,241.2,241.41,241.14,241.27,7649
2025-02-27 04:10:00,241.27,241.72,241.18,241.48,5153
2025-02-27 04:15:00,241.41,241.58,241.18,241.44,4506
2025-02-27 04:20:00,241.38,241.54,241.35,241.53,817
2025-02-27 04:25:00,241.45,241.51,241.31,241.32,1393
2025-02-27 04:30:00,241.3,241.3,241.0,241.03,3324
2025-02-27 04:35:00,241.02,241.02,240.86,240.89,1556
2025-02-27 04:40:00,240.88,240.92,240.75,240.88,1311
2025-02-27 04:45:00,240.87,240.96,240.86,240.96,627
2025-02-27 04:50:00,241.0,241.02,240.95,240.99,1744
2025-02-27 04:55:00,240.99,240.99,240.88,240.93,395
2025-02-27 05:00:00,240.96,240.97,240.89,240.9,336
2025-02-27 05:05:00,240.92,240.97,240.82,240.93,1069
2025-02-27 05:10:00,240.92,240.92,240.84,240.85,411
2025-02-27 05:15:00,240.85,240.85,240.76,240.82,1373
2025-02-27 05:20:00,240.8,240.82,240.76,240.8,1197
2025-02-27 05:25:00,240.8,240.81,240.6,240.65,3581
2025-02-27 05:30:00,240.65,240.65,240.36,240.39,1430
2025-02-27 05:35:00,240.39,240.58,240.36,240.38,3143
2025-02-27 05:40:00,240.38,240.44,240.38,240.43,291
2025-02-27 05:45:00,240.42,240.66,240.42,240.56,1312
2025-02-27 05:50:00,240.61,240.63,240.41,240.46,2005
2025-02-27 05:55:00,240.49,240.49,240.37,240.38,1561
2025-02-27 06:00:00,240.37,240.45,240.36,240.45,1124
2025-02-27 06:05:00,240.47,240.57,240.43,240.56,2282
2025-02-27 06:10:00,240.52,240.57,240.37,240.47,2622
2025-02-27 06:15:00,240.4,240.47,240.19,240.25,989
2025-02-27 06:20:00,240.2,240.33,240.13,240.27,647
2025-02-27 06:25:00,240.27,240.38,240.19,240.26,3442
2025-02-27 06:30:00,240.29,240.3,240.22,240.27,875
2025-02-27 06:35:00,240.27,240.27,240.2,240.27,752
2025-02-27 06:40:00,240.28,240.39,240.28,240.34,1379
2025-02-27 06:45:00,240.34,240.45,240.3,240.35,670
2025-02-27 06:50:00,240.34,240.35,240.24,240.28,293
2025-02-27 06:55:00,240.26,240.34,240.24,240.34,1711
2025-02-27 07:00:00,240.31,240.36,240.2,240.2,3958
2025-02-27 07:05:00,240.24,240.31,240.22,240.25,2586
2025-02-27 07:10:00,240.23,240.25,239.73,239.8,6583
2025-02-27 07:15:00,239.8,240.0,239.75,239.98,4909
2025-02-27 07:20:00,239.97,240.09,239.87,240.06,2517
2025-02-27 07:25:00,240.01,240.01,239.54,239.72,10412
2025-02-27 07:30:00,239.72,239.93,239.59,239.75,3251
2025-02-27 07:35:00,239.71,239.93,239.71,239.88,2562
2025-02-27 07:40:00,239.94,239.95,239.8,239.84,2466
2025-02-27 07:45:00,239.81,239.88,239.66,239.7,3851
2025-02-27 07:50:00,239.76,239.76,239.16,239.19,7865
2025-02-27 07:55:00,239.19,239.44,239.06,239.16,4920
2025-02-27 08:00:00,240.844,241.5785,239.0,239.03,65756
2025-02-27 08:05:00,239.1,239.1,238.71,239.04,12819
2025-02-27 08:10:00,239.06,239.41,238.957,239.41,4617
2025-02-27 08:15:00,239.32,239.62,239.18,239.43,8578
2025-02-27 08:20:00,239.5,239.55,239.15,239.1501,10161
2025-02-27 08:25:00,239.15,239.27,239.09,239.1,9527
2025-02-27 08:30:00,239.07,239.15,238.89,239.02,5883
2025-02-27 08:35:00,239.0005,239.27,238.9,239.15,5259
2025-02-27 08:40:00,239.25,239.5,239.09,239.3998,9287
2025-02-27 08:45:00,239.38,240.36,238.59,238.85,3832903
2025-02-27 08:50:00,238.87,244.81,238.63,238.75,16689
2025-02-27 08:55:00,238.71,239.1,238.71,239.0381,19207
2025-02-27 09:00:00,238.95,239.52,238.91,239.17,27138
2025-02-27 09:05:00,239.19,239.48,238.78,239.4,14294
2025-02-27 09:10:00,239.3999,239.3999,239.1,239.25,12689
2025-02-27 09:15:00,239.31,239.33,239.04,239.1,9207
2025-02-27 09:20:00,239.1,239.21,238.77,238.88,21102
2025-02-27 09:25:00,238.9,239.7999,238.79,239.66,52327
2025-02-27 09:30:00,239.41,241.74,238.92,241.6,1692236
2025-02-27 09:35:00,241.61,242.284,241.278,242.16,884868
2025-02-27 09:40:00,242.16,242.16,240.7891,241.2957,589809
2025-02-27 09:45:00,241.32,241.53,240.38,240.77,485662
2025-02-27 09:50:00,240.7999,240.95,239.98,240.33,522296
2025-02-27 09:55:00,240.34,240.83,240.03,240.58,462220
2025-02-27 10:00:00,240.62,240.63,239.11,239.332,693849
2025-02-27 10:05:00,239.32,239.645,238.47,238.71,589378
2025-02-27 10:10:00,238.74,240.34,238.66,240.145,675493
2025-02-27 10:15:00,240.14,240.925,240.08,240.58,342597
2025-02-27 10:20:00,240.58,241.59,240.55,241.24,374137
2025-02-27 10:25:00,241.23,241.68,241.01,241.375,287035
2025-02-27 10:30:00,241.36,241.36,240.64,240.8558,339183
2025-02-27 10:35:00,240.87,241.8,240.77,241.635,312924
2025-02-27 10:40:00,241.635,241.67,241.28,241.39,275122
2025-02-27 10:45:00,241.38,241.54,241.13,241.39,198754
2025-02-27 10:50:00,241.37,241.59,241.19,241.27,199218
2025-02-27 10:55:00,241.25,241.4,241.0,241.24,226597
2025-02-27 11:00:00,241.23,241.59,241.0401,241.12,217378
2025-02-27 11:05:00,241.15,241.35,240.9,241.19,259142
2025-02-27 11:10:00,241.24,241.9,241.24,241.895,311300
2025-02-27 11:15:00,241.8999,242.398,241.8703,242.31,442438
2025-02-27 11:20:00,242.315,242.46,241.84,242.015,282644
2025-02-27 11:25:00,242.02,242.2175,241.45,241.52,249896
2025-02-27 11:30:00,241.52,241.7848,241.34,241.3568,206953
2025-02-27 11:35:00,241.34,241.515,241.12,241.23,213272
2025-02-27 11:40:00,241.24,241.47,240.94,241.0912,230179
2025-02-27 11:45:00,241.095,241.25,240.89,240.993,178318
2025-02-27 11:50:00,241.0008,241.005,240.36,240.47,259005
2025-02-27 11:55:00,240.46,240.6,240.2501,240.435,180265
2025-02-27 12:00:00,240.46,240.49,240.2,240.28,160823
2025-02-27 12:05:00,240.28,240.35,240.02,240.02,142706
2025-02-27 12:10:00,240.02,240.36,239.99,240.2,223006
2025-02-27 12:15:00,240.23,240.26,239.75,239.82,202276
2025-02-27 12:20:00,239.82,240.4,239.585,240.345,235183
2025-02-27 12:25:00,240.37,241.06,240.24,241.058,250926
2025-02-27 12:30:00,241.07,241.345,240.9601,241.13,195954
2025-02-27 12:35:00,241.14,241.32,240.94,240.99,204478
2025-02-27 12:40:00,241.015,241.07,240.35,240.655,178695
2025-02-27 12:45:00,240.67,240.98,240.54,240.575,139329
2025-02-27 12:50:00,240.57,240.93,240.36,240.76,122215
2025-02-27 12:55:00,240.74,240.855,240.51,240.775,118900
2025-02-27 13:00:00,240.82,241.2926,240.76,241.07,211275
2025-02-27 13:05:00,241.085,241.24,240.8757,241.11,157049
2025-02-27 13:10:00,241.1336,241.67,241.03,241.51,202463
2025-02-27 13:15:00,241.5236,241.9,241.4958,241.8301,152972
2025-02-27 13:20:00,241.83,242.14,241.68,242.105,213342
2025-02-27 13:25:00,242.105,242.19,241.87,241.9,227921
2025-02-27 13:30:00,241.93,242.04,241.76,241.82,115245
2025-02-27 13:35:00,241.8084,241.9504,241.7714,241.92,118277
2025-02-27 13:40:00,241.92,241.9803,241.6601,241.75,158793
2025-02-27 13:45:00,241.76,241.95,241.67,241.78,533823
2025-02-27 13:50:00,241.79,241.98,241.56,241.95,134760
2025-02-27 13:55:00,241.97,242.05,241.57,241.61,197430
2025-02-27 14:00:00,241.6001,241.76,241.37,241.7,212545
2025-02-27 14:05:00,241.7,241.73,241.3709,241.45,150754
2025-02-27 14:10:00,241.465,241.4799,241.21,241.27,191447
2025-02-27 14:15:00,241.27,241.28,240.98,241.16,201550
2025-02-27 14:20:00,241.17,241.2999,240.72,240.805,189704
2025-02-27 14:25:00,240.79,240.8997,240.52,240.63,172310
2025-02-27 14:30:00,240.645,240.66,239.96,240.2,323188
2025-02-27 14:35:00,240.23,240.51,240.165,240.44,364586
2025-02-27 14:40:00,240.435,240.55,240.09,240.265,272971
2025-02-27 14:45:00,240.25,240.34,239.8,239.93,312453
2025-02-27 14:50:00,239.91,240.11,239.66,239.835,294852
2025-02-27 14:55:00,239.84,239.9897,239.54,239.71,315112
2025-02-27 15:00:00,239.71,239.72,238.86,239.2,366849
2025-02-27 15:05:00,239.21,239.32,238.86,239.11,392651
2025-02-27 15:10:00,239.11,239.34,238.7703,239.0499,357781
2025-02-27 15:15:00,239.0,239.28,238.89,239.14,457638
2025-02-27 15:20:00,239.1459,239.93,239.1,239.35,604783
2025-02-27 15:25:00,239.34,239.58,238.92,238.92,348527
2025-02-27 15:30:00,238.96,239.3695,238.95,239.02,379909
2025-02-27 15:35:00,239.02,239.14,238.52,238.535,413433
2025-02-27 15:40:00,238.535,238.66,238.26,238.46,486395
2025-02-27 15:45:00,238.48,238.48,237.91,238.125,547737
2025-02-27 15:50:00,238.07,238.19,237.25,237.38,1134465
2025-02-27 15:55:00,237.36,237.8,237.06,237.39,3018478
2025-02-27 16:00:00,237.38,237.74,237.15,237.3,11705279
2025-02-27 16:05:00,237.26,237.3,236.96,237.27,1341303
2025-02-27 16:10:00,237.27,237.3,237.12,237.23,228851
2025-02-27 16:15:00,237.26,237.35,237.21,237.33,12762
2025-02-27 16:20:00,237.3,237.59,237.3,237.5,61344
2025-02-27 16:25:00,237.43,237.5,236.88,237.02,16715
2025-02-27 16:30:00,237.0104,237.3,237.01,237.2,31237
2025-02-27 16:35:00,237.2,237.47,237.2,237.47,34495
2025-02-27 16:40:00,237.38,237.47,237.06,237.3,12864
2025-02-27 16:45:00,237.3,237.48,237.3,237.41,7750
2025-02-27 16:50:00,237.47,237.63,237.3,237.38,20516
2025-02-27 16:55:00,237.43,237.45,237.3,237.31,3931
2025-02-27 17:00:00,237.388,237.45,237.34,237.4,3635
2025-02-27 17:05:00,237.4,237.44,237.31,237.33,3670
2025-02-27 17:10:00,237.33,237.39,237.1601,237.2,287998
2025-02-27 17:15:00,237.22,237.31,237.16,237.18,2096
2025-02-27 17:20:00,237.18,237.27,237.16,237.18,1000
2025-02-27 17:25:00,237.18,237.22,237.16,237.1719,1322
2025-02-27 17:30:00,237.18,237.22,237.1,237.17,2313
2025-02-27 17:35:00,237.17,237.25,237.1,237.1572,1309
2025-02-27 17:40:00,237.09,237.1,237.0,237.0122,1575
2025-02-27 17:45:00,237.03,237.1,236.85,236.99,5275
2025-02-27 17:50:00,236.94,237.0,236.75,236.7501,5084
2025-02-27 17:55:00,236.75,237.0,236.75,236.93,2155
2025-02-27 18:00:00,236.93,238.52,236.91,238.49,16536
2025-02-27 18:05:00,238.48,238.48,237.01,237.5,2489
2025-02-27 18:10:00,237.5,237.89,237.2,237.2,5940
2025-02-27 18:15:00,237.21,237.68,237.2,237.25,2770
2025-02-27 18:20:00,237.35,237.65,237.25,237.4,1371
2025-02-27 18:25:00,237.38,237.5353,237.35,237.47,1538
2025-02-27 18:30:00,237.37,237.68,237.35,237.35,3066
2025-02-27 18:35:00,237.5,237.68,237.22,237.3,3473
2025-02-27 18:40:00,237.31,237.68,237.1,237.24,4942
2025-02-27 18:45:00,237.24,237.49,237.12,237.33,2692
2025-02-27 18:50:00,237.33,237.63,237.1792,237.49,4755
2025-02-27 18:55:00,237.4935,238.0,237.49,237.7,1572
2025-02-27 19:00:00,237.69,238.05,237.3,238.0,32613
2025-02-27 19:05:00,238.0,238.25,238.0,238.2,1588
2025-02-27 19:10:00,238.05,238.25,238.0,238.0032,258
2025-02-27 19:15:00,238.0,238.13,237.31,237.9,1694
2025-02-27 19:20:00,237.8,238.0,237.31,237.55,2436
2025-02-27 19:25:00,237.5,237.98,237.3,237.54,1844
2025-02-27 19:30:00,237.3697,237.81,237.32,237.77,650
2025-02-27 19:35:00,237.54,237.74,237.32,237.56,416
2025-02-27 19:40:00,237.74,237.74,237.42,237.6,1514
2025-02-27 19:45:00,237.45,237.74,237.42,237.42,620
2025-02-27 19:50:00,237.5,237.6,237.42,237.6,1088
2025-02-27 19:55:00,237.53,237.6,237.02,237.45,3671
2025-02-28 04:00:00,237.0,237.79,237.0,237.42,8835
2025-02-28 04:05:00,237.5,238.13,237.3,237.94,4519
2025-02-28 04:10:00,237.93,237.98,237.8,237.85,1105
2025-02-28 04:15:00,237.82,237.9,237.82,237.87,526
2025-02-28 04:20:00,237.85,237.93,237.81,237.9,1136
2025-02-28 04:25:00,237.89,237.93,237.81,237.84,703
2025-02-28 04:30:00,237.84,237.88,237.63,237.69,1634
2025-02-28 04:35:00,237.76,237.76,237.61,237.66,566
2025-02-28 04:40:00,237.64,237.74,237.61,237.64,653
2025-02-28 04:45:00,237.66,237.66,237.53,237.53,327
2025-02-28 04:50:00,237.54,237.6,237.51,237.51,572
2025-02-28 04:55:00,237.57,237.57,237.49,237.5,303
2025-02-28 05:00:00,237.5,237.6,237.35,237.37,2161
2025-02-28 05:05:00,237.38,237.49,237.18,237.36,3255
2025-02-28 05:10:00,237.28,237.38,237.26,237.28,133
2025-02-28 05:15:00,237.3,237.4,237.3,237.31,634
2025-02-28 05:20:00,237.31,237.35,237.23,237.23,1721
2025-02-28 05:25:00,237.35,237.35,237.28,237.29,97
2025-02-28 05:30:00,237.29,237.34,237.28,237.3,339
2025-02-28 05:35:00,237.32,237.47,237.31,237.38,879
2025-02-28 05:40:00,237.38,237.53,237.38,237.48,332
2025-02-28 05:45:00,237.48,237.65,237.43,237.63,1814
2025-02-28 05:50:00,237.63,237.64,237.58,237.59,136
2025-02-28 05:55:00,237.58,237.58,237.46,237.46,2294
2025-02-28 06:00:00,237.47,237.53,237.4,237.4,500
2025-02-28 06:05:00,237.41,237.47,237.38,237.41,897
2025-02-28 06:10:00,237.47,237.69,237.45,237.59,4303
2025-02-28 06:15:00,237.59,237.59,237.5,237.52,368
2025-02-28 06:20:00,237.55,237.74,237.55,237.71,2378
2025-02-28 06:25:00,237.71,237.93,237.7,237.89,4333
2025-02-28 06:30:00,237.9,237.9,237.82,237.86,806
2025-02-28 06:35:00,237.88,237.9,237.82,237.88,3323
2025-02-28 06:40:00,237.88,238.11,237.88,238.08,2593
2025-02-28 06:45:00,238.11,238.17,238.04,238.04,813
2025-02-28 06:50:00,238.04,238.09,238.0,238.09,1437
2025-02-28 06:55:00,238.02,238.26,238.02,238.15,2738
2025-02-28 07:00:00,238.07,238.27,237.84,237.89,6405
2025-02-28 07:05:00,237.85,237.88,237.47,237.64,4170
2025-02-28 07:10:00,237.64,237.75,237.44,237.45,3268
2025-02-28 07:15:00,237.45,237.77,237.45,237.71,3534
2025-02-28 07:20:00,237.66,237.72,237.46,237.66,1090
2025-02-28 07:25:00,237.63,237.65,237.5,237.55,3476
2025-02-28 07:30:00,237.54,237.58,237.2,237.35,5885
2025-02-28 07:35:00,237.35,237.35,237.16,237.33,4579
2025-02-28 07:40:00,237.35,237.5,237.28,237.36,5985
2025-02-28 07:45:00,237.32,237.49,237.22,237.35,5699
2025-02-28 07:50:00,237.35,237.38,237.25,237.32,2687
2025-02-28 07:55:00,237.35,237.5,237.26,237.33,3422
2025-02-28 08:00:00,237.603,238.29,236.96,237.64,46661
2025-02-28 08:05:00,237.64,237.64,237.03,237.04,12056
2025-02-28 08:10:00,237.15,237.2,237.02,237.18,8107
2025-02-28 08:15:00,237.18,237.2,237.05,237.16,6430
2025-02-28 08:20:00,237.15,237.75,237.15,237.7,6672
2025-02-28 08:25:00,237.7,237.9,237.4,237.66,6210
2025-02-28 08:30:00,237.71,238.29,237.6152,237.74,22642
2025-02-28 08:35:00,237.72,244.47,237.61,237.76,10710
2025-02-28 08:40:00,237.71,237.85,237.6,237.69,3995
2025-02-28 08:45:00,237.7,237.75,237.5,237.5,5080
2025-02-28 08:50:00,237.56,237.59,236.33,236.55,34427
2025-02-28 08:55:00,236.49,236.93,236.0,236.75,24729
2025-02-28 09:00:00,236.9153,237.3,236.45,236.63,135482
2025-02-28 09:05:00,236.78,236.94,236.62,236.87,7269
2025-02-28 09:10:00,236.88,236.98,236.28,236.94,13703
2025-02-28 09:15:00,236.94,237.27,236.62,236.78,14075
2025-02-28 09:20:00,236.82,236.84,236.37,236.47,13164
2025-02-28 09:25:00,236.45,237.0,235.52,236.92,74922
2025-02-28 09:30:00,236.95,237.31,230.2,235.575,2691422
2025-02-28 09:35:00,235.61,236.64,235.42,236.32,1207300
2025-02-28 09:40:00,236.315,237.13,235.77,236.5992,780749
2025-02-28 09:45:00,236.61,237.41,236.07,237.04,705902
2025-02-28 09:50:00,237.05,237.055,236.41,236.47,412500
2025-02-28 09:55:00,236.45,236.84,236.14,236.74,370809
2025-02-28 10:00:00,236.745,237.42,236.26,236.59,468340
2025-02-28 10:05:00,236.595,236.87,235.8801,236.82,467855
2025-02-28 10:10:00,236.82,237.2696,236.6,236.62,445366
2025-02-28 10:15:00,236.62,236.74,235.775,235.775,416130
2025-02-28 10:20:00,235.78,237.05,235.64,237.03,677751
2025-02-28 10:25:00,237.01,237.81,236.99,237.595,507181
2025-02-28 10:30:00,237.58,237.64,236.75,236.93,412399
2025-02-28 10:35:00,236.96,237.3799,236.5,237.165,441715
2025-02-28 10:40:00,237.19,237.25,236.655,236.93,297858
2025-02-28 10:45:00,236.925,237.3595,236.77,237.34,304776
2025-02-28 10:50:00,237.36,237.83,237.3,237.49,325625
2025-02-28 10:55:00,237.46,237.64,237.32,237.47,213951
2025-02-28 11:00:00,237.485,237.54,237.08,237.12,279772
2025-02-28 11:05:00,237.115,237.25,236.75,236.8372,384080
2025-02-28 11:10:00,236.865,236.95,236.49,236.6,285645
2025-02-28 11:15:00,236.58,237.14,236.48,237.035,388889
2025-02-28 11:20:00,237.06,237.28,236.84,236.905,265109
2025-02-28 11:25:00,236.9,237.0928,236.66,236.92,256354
2025-02-28 11:30:00,236.9,237.3431,236.83,237.26,250345
2025-02-28 11:35:00,237.27,237.56,237.145,237.34,256414
2025-02-28 11:40:00,237.34,237.68,237.3,237.322,298980
2025-02-28 11:45:00,237.345,237.54,237.09,237.49,191890
2025-02-28 11:50:00,237.47,237.49,237.095,237.3405,184373
2025-02-28 11:55:00,237.35,237.35,236.96,237.09,211539
2025-02-28 12:00:00,237.09,237.325,236.66,236.715,206452
2025-02-28 12:05:00,236.7,236.835,236.55,236.825,194214
2025-02-28 12:10:00,236.815,237.1399,236.74,237.01,190365
2025-02-28 12:15:00,236.98,237.59,236.87,237.58,206512
2025-02-28 12:20:00,237.55,237.69,237.015,237.32,262628
2025-02-28 12:25:00,237.35,237.75,237.335,237.63,198884
2025-02-28 12:30:00,237.63,237.705,237.28,237.67,249580
2025-02-28 12:35:00,237.66,237.9,237.6,237.82,305225
2025-02-28 12:40:00,237.82,237.871,237.01,237.31,295750
2025-02-28 12:45:00,237.3,237.59,237.07,237.17,277115
2025-02-28 12:50:00,237.19,237.6549,236.9405,237.56,239107
2025-02-28 12:55:00,237.56,237.77,237.34,237.37,276320
2025-02-28 13:00:00,237.3896,237.62,237.25,237.44,197950
2025-02-28 13:05:00,237.43,237.5195,237.135,237.27,197007
2025-02-28 13:10:00,237.26,237.27,236.8431,237.075,262700
2025-02-28 13:15:00,237.08,237.2,236.27,236.44,421601
2025-02-28 13:20:00,236.425,236.66,236.23,236.53,240929
2025-02-28 13:25:00,236.54,237.45,236.52,237.41,291340
2025-02-28 13:30:00,237.405,237.88,237.31,237.85,321383
2025-02-28 13:35:00,237.84,238.165,237.8,238.005,333910
2025-02-28 13:40:00,237.99,238.3083,237.64,237.985,299285
2025-02-28 13:45:00,237.985,238.07,237.57,237.83,195337
2025-02-28 13:50:00,237.81,238.12,237.7,237.755,207669
2025-02-28 13:55:00,237.77,237.82,237.01,237.04,303360
2025-02-28 14:00:00,237.06,237.64,237.03,237.33,224407
2025-02-28 14:05:00,237.35,237.805,237.33,237.51,208839
2025-02-28 14:10:00,237.51,237.725,237.35,237.5,202329
2025-02-28 14:15:00,237.5,238.23,237.48,238.195,231725
2025-02-28 14:20:00,238.195,238.23,237.69,237.945,281539
2025-02-28 14:25:00,237.955,238.27,237.86,237.925,230940
2025-02-28 14:30:00,237.88,238.43,237.7004,238.24,350274
2025-02-28 14:35:00,238.25,238.75,238.15,238.55,428684
2025-02-28 14:40:00,238.56,238.74,238.3901,238.63,268246
2025-02-28 14:45:00,238.61,238.82,238.54,238.655,388676
2025-02-28 14:50:00,238.64,238.7499,238.12,238.35,304888
2025-02-28 14:55:00,238.3505,238.89,238.3128,238.87,338442
2025-02-28 15:00:00,238.85,239.47,238.81,239.31,540813
2025-02-28 15:05:00,239.3,239.53,239.19,239.43,358221
2025-02-28 15:10:00,239.44,239.54,239.1401,239.295,386841
2025-02-28 15:15:00,239.2976,239.32,239.01,239.17,297937
2025-02-28 15:20:00,239.15,239.205,238.79,239.0201,443059
2025-02-28 15:25:00,239.035,239.78,239.01,239.71,501305
2025-02-28 15:30:00,239.69,239.69,238.9,238.91,385231
2025-02-28 15:35:00,238.925,239.5299,238.8,239.365,396852
2025-02-28 15:40:00,239.37,239.87,239.37,239.73,478088
2025-02-28 15:45:00,239.72,239.98,239.595,239.9,491726
2025-02-28 15:50:00,239.92,241.48,239.8,241.07,2025863
2025-02-28 15:55:00,241.05,242.09,240.89,241.84,3875943
2025-02-28 16:00:00,241.83,242.01,239.655,240.83,31364670
2025-02-28 16:05:00,240.89,241.84,240.028,240.98,2214043
2025-02-28 16:10:00,240.9301,241.8475,232.47,240.9,298644
2025-02-28 16:15:00,241.84,241.84,240.65,240.82,440828
2025-02-28 16:20:00,240.82,241.869,240.65,240.91,18822
2025-02-28 16:25:00,240.92,241.8666,240.65,240.733,185762
2025-02-28 16:30:00,240.79,240.96,240.66,240.88,13773
2025-02-28 16:35:00,240.88,241.8485,240.8,240.83,317415
2025-02-28 16:40:00,240.84,241.84,240.81,240.84,71828
2025-02-28 16:45:00,240.85,240.88,240.84,240.85,4789
2025-02-28 16:50:00,240.85,241.1,240.85,241.09,12365
2025-02-28 16:55:00,241.0111,241.84,240.95,241.17,297724
2025-02-28 17:00:00,241.17,241.2,241.06,241.07,4265
2025-02-28 17:05:00,241.07,241.4,241.07,241.29,14577
2025-02-28 17:10:00,241.26,241.29,241.26,241.26,5634
2025-02-28 17:15:00,241.26,241.49,226.1463,241.4309,49695
2025-02-28 17:20:00,241.49,241.65,241.4,241.51,11954
2025-02-28 17:25:00,241.51,242.2407,241.51,242.04,32201
2025-02-28 17:30:00,242.04,242.19,241.5,241.76,105530
2025-02-28 17:35:00,241.82,241.9,241.51,241.75,1620
2025-02-28 17:40:00,241.74,241.7999,241.53,241.63,4468
2025-02-28 17:45:00,241.63,241.8,241.61,241.64,746
2025-02-28 17:50:00,241.64,242.28,241.61,242.03,11621
2025-02-28 17:55:00,242.03,242.15,242.03,242.1,5609
2025-02-28 18:00:00,242.1,242.1,242.0,242.0,3730
2025-02-28 18:05:00,242.02,242.2482,242.02,242.18,3788
2025-02-28 18:10:00,242.18,242.25,241.8,242.0,18648
2025-02-28 18:15:00,242.11,242.25,242.0,242.01,1632
2025-02-28 18:20:00,242.06,242.2145,242.0,242.1,367
2025-02-28 18:25:00,242.09,242.2,242.0,242.09,1030
2025-02-28 18:30:00,242.15,242.16,242.0,242.0,1940
2025-02-28 18:35:00,242.0004,242.1755,242.0,242.02,276
2025-02-28 18:40:00,242.01,242.0994,241.9,242.03,979
2025-02-28 18:45:00,242.01,242.1,242.0,242.0016,1115
2025-02-28 18:50:00,242.0,242.08,242.0,242.0,761
2025-02-28 18:55:00,242.0,242.05,242.0,242.0487,470
2025-02-28 19:00:00,242.03,242.05,242.0,242.0012,1554
2025-02-28 19:05:00,242.05,242.05,242.0,242.05,575
2025-02-28 19:10:00,242.01,242.05,241.84,242.02,6559
2025-02-28 19:15:00,242.01,242.1,242.0,242.0,1968
2025-02-28 19:20:00,242.08,242.08,242.0,242.06,826
2025-02-28 19:25:00,242.08,242.08,241.73,242.0,5249
2025-02-28 19:30:00,241.8,241.95,241.61,241.89,559
2025-02-28 19:35:00,241.94,241.94,241.68,241.9,1439
2025-02-28 19:40:00,241.75,241.94,241.61,241.91,2262
2025-02-28 19:45:00,241.939,241.94,241.9,241.94,1988
2025-02-28 19:50:00,241.94,242.0,241.9,241.94,1258
2025-02-28 19:55:00,241.95,241.96,241.61,241.61,4364
2025-03-03 04:00:00,242.0,242.48,241.05,241.62,11093
2025-03-03 04:05:00,241.57,241.68,241.39,241.41,1836
2025-03-03 04:10:00,241.49,241.67,241.3,241.54,7400
2025-03-03 04:15:00,241.56,241.56,241.38,241.52,2060
2025-03-03 04:20:00,241.54,241.68,241.42,241.63,2204
2025-03-03 04:25:00,241.61,241.8,241.6,241.65,3941
2025-03-03 04:30:00,241.68,241.79,241.65,241.72,605
2025-03-03 04:35:00,241.76,241.9,241.72,241.88,2510
2025-03-03 04:40:00,241.85,241.88,241.62,241.67,5304
2025-03-03 04:45:00,241.69,241.8,241.69,241.79,1563
2025-03-03 04:50:00,241.79,241.79,241.7,241.7,3740
2025-03-03 04:55:00,241.71,241.71,241.5,241.53,6745
2025-03-03 05:00:00,241.53,241.59,241.49,241.52,544
2025-03-03 05:05:00,241.56,241.57,241.4,241.49,3489
2025-03-03 05:10:00,241.48,241.48,241.41,241.46,121
2025-03-03 05:15:00,241.43,241.48,241.4,241.4,518
2025-03-03 05:20:00,241.4,241.57,241.4,241.41,8656
2025-03-03 05:25:00,241.49,241.54,241.4,241.41,1058
2025-03-03 05:30:00,241.43,241.49,241.39,241.43,893
2025-03-03 05:35:00,241.45,241.57,241.42,241.53,1679
2025-03-03 05:40:00,241.53,241.56,241.49,241.53,1285
2025-03-03 05:45:00,241.45,241.57,241.45,241.57,976
2025-03-03 05:50:00,241.54,241.6,241.49,241.55,4292
2025-03-03 05:55:00,241.54,241.57,241.47,241.49,1119
2025-03-03 06:00:00,241.49,241.6,241.47,241.52,3316
2025-03-03 06:05:00,241.54,241.6,241.5,241.56,823
2025-03-03 06:10:00,241.56,241.6,241.49,241.53,2945
2025-03-03 06:15:00,241.56,241.58,241.49,241.56,425
2025-03-03 06:20:00,241.55,241.6,241.46,241.46,1339
2025-03-03 06:25:00,241.46,241.5,241.45,241.5,2697
2025-03-03 06:30:00,241.45,241.5,241.33,241.48,3902
2025-03-03 06:35:00,241.49,241.49,241.41,241.43,665
2025-03-03 06:40:00,241.43,241.5,241.4,241.4,2983
2025-03-03 06:45:00,241.44,241.45,241.4,241.42,115
2025-03-03 06:50:00,241.44,241.5,241.43,241.49,4050
2025-03-03 06:55:00,241.47,241.52,241.4,241.46,4284
2025-03-03 07:00:00,241.54,241.57,241.2,241.41,30255
2025-03-03 07:05:00,241.41,241.5,241.39,241.465,5063
2025-03-03 07:10:00,241.465,241.47,241.25,241.32,27924
2025-03-03 07:15:00,241.33,241.41,241.17,241.41,4120
2025-03-03 07:20:00,241.42,241.59,241.42,241.57,4817
2025-03-03 07:25:00,241.55,241.64,241.48,241.48,3519
2025-03-03 07:30:00,241.56,241.6,241.5,241.525,1559
2025-03-03 07:35:00,241.54,241.61,241.51,241.52,2620
2025-03-03 07:40:00,241.55,241.58,241.52,241.565,2616
2025-03-03 07:45:00,241.57,241.58,241.54,241.57,1566
2025-03-03 07:50:00,241.57,241.57,241.49,241.54,5432
2025-03-03 07:55:00,241.49,241.58,241.48,241.51,4651
2025-03-03 08:00:00,241.31,242.51,241.2,241.38,1260307
2025-03-03 08:05:00,241.38,241.84,241.3,241.3512,19407
2025-03-03 08:10:00,241.3512,241.84,241.236,241.33,3155
2025-03-03 08:15:00,241.331,241.37,241.25,241.29,34915
2025-03-03 08:20:00,241.261,241.33,241.26,241.28,13276
2025-03-03 08:25:00,241.261,241.3,241.26,241.28,7218
2025-03-03 08:30:00,241.3,241.3,241.07,241.1422,49560
2025-03-03 08:35:00,241.13,241.36,240.66,241.05,61570
2025-03-03 08:40:00,241.08,241.17,240.9727,241.113,53458
2025-03-03 08:45:00,241.1243,241.33,241.11,241.2412,9155
2025-03-03 08:50:00,241.24,241.47,241.1,241.42,14539
2025-03-03 08:55:00,241.42,241.57,241.2847,241.4917,8400
2025-03-03 09:00:00,241.56,241.58,241.25,241.57,8764
2025-03-03 09:05:00,241.4435,242.18,241.43,241.9999,22819
2025-03-03 09:10:00,241.9999,242.0,241.6457,241.89,18978
2025-03-03 09:15:00,241.84,241.89,241.66,241.83,11156
2025-03-03 09:20:00,241.83,241.84,241.66,241.6601,6983
2025-03-03 09:25:00,241.66,241.84,235.795,241.7227,129944
2025-03-03 09:30:00,241.79,243.59,241.02,243.23,1773370
2025-03-03 09:35:00,243.25,244.0272,242.7151,242.88,976908
2025-03-03 09:40:00,242.855,243.3499,242.39,243.105,685133
2025-03-03 09:45:00,243.105,243.23,241.54,241.775,678284
2025-03-03 09:50:00,241.775,241.96,241.13,241.22,575123
2025-03-03 09:55:00,241.24,241.32,240.47,240.82,696893
2025-03-03 10:00:00,240.84,241.19,239.825,240.895,701025
2025-03-03 10:05:00,240.89,241.21,240.23,240.3,673294
2025-03-03 10:10:00,240.31,240.94,240.23,240.46,340084
2025-03-03 10:15:00,240.45,240.53,240.0,240.26,362671
2025-03-03 10:20:00,240.27,241.3199,240.2,240.97,438399
2025-03-03 10:25:00,240.98,241.52,240.8,241.485,306852
2025-03-03 10:30:00,241.5,242.1,241.45,241.975,471159
2025-03-03 10:35:00,241.9799,242.07,241.2,241.7,636549
2025-03-03 10:40:00,241.71,242.47,241.47,242.4552,338671
2025-03-03 10:45:00,242.43,242.44,241.4921,241.6701,314558
2025-03-03 10:50:00,241.7,241.89,241.4651,241.69,209562
2025-03-03 10:55:00,241.71,241.73,241.1267,241.2,285841
2025-03-03 11:00:00,241.23,241.6599,241.16,241.59,300746
2025-03-03 11:05:00,241.57,241.94,241.4312,241.64,254701
2025-03-03 11:10:00,241.65,241.98,241.43,241.86,299497
2025-03-03 11:15:00,241.87,242.09,241.39,242.0657,223691
2025-03-03 11:20:00,242.06,242.63,242.0304,242.52,322076
2025-03-03 11:25:00,242.535,242.535,241.18,241.19,305102
2025-03-03 11:30:00,241.22,241.42,241.08,241.32,289687
2025-03-03 11:35:00,241.31,241.51,240.67,240.88,295656
2025-03-03 11:40:00,240.875,241.03,240.665,240.9208,229621
2025-03-03 11:45:00,240.91,241.51,240.88,241.43,240646
2025-03-03 11:50:00,241.41,241.855,241.4,241.715,222893
2025-03-03 11:55:00,241.715,241.98,241.715,241.815,225328
2025-03-03 12:00:00,241.81,241.93,241.61,241.67,171449
2025-03-03 12:05:00,241.65,242.14,241.61,241.9406,235644
2025-03-03 12:10:00,241.9498,242.31,241.94,242.18,265981
2025-03-03 12:15:00,242.185,242.41,242.07,242.33,177718
2025-03-03 12:20:00,242.34,242.49,240.9464,242.385,199171
2025-03-03 12:25:00,242.38,242.55,242.23,242.54,170512
2025-03-03 12:30:00,242.55,242.91,242.4,242.67,276010
2025-03-03 12:35:00,242.67,242.8988,242.5312,242.7852,191074
2025-03-03 12:40:00,242.79,242.99,242.69,242.71,196914
2025-03-03 12:45:00,242.7,242.7,242.1699,242.525,208927
2025-03-03 12:50:00,242.52,242.75,242.32,242.335,196141
2025-03-03 12:55:00,242.33,242.37,241.9,242.33,221061
2025-03-03 13:00:00,242.31,242.36,241.86,241.945,272173
2025-03-03 13:05:00,241.93,241.93,241.26,241.37,233142
2025-03-03 13:10:00,241.36,241.56,241.13,241.1957,281500
2025-03-03 13:15:00,241.23,241.65,241.18,241.625,227277
2025-03-03 13:20:00,241.635,241.73,241.3,241.59,278778
2025-03-03 13:25:00,241.6,241.6,240.74,240.965,312447
2025-03-03 13:30:00,241.02,241.27,240.67,240.7628,366371
2025-03-03 13:35:00,240.78,241.03,240.625,240.79,582181
2025-03-03 13:40:00,240.79,241.07,240.74,240.95,242187
2025-03-03 13:45:00,240.93,241.3,240.44,240.85,501042
2025-03-03 13:50:00,240.85,241.43,240.82,241.26,257491
2025-03-03 13:55:00,241.234,241.42,240.825,241.32,247982
2025-03-03 14:00:00,241.31,241.88,241.24,241.655,303366
2025-03-03 14:05:00,241.655,241.68,241.36,241.57,305552
2025-03-03 14:10:00,241.56,241.66,241.4,241.46,260462
2025-03-03 14:15:00,241.46,241.52,240.94,240.99,251355
2025-03-03 14:20:00,240.98,241.455,240.96,241.2029,207748
2025-03-03 14:25:00,241.2,241.265,240.91,241.1518,190512
2025-03-03 14:30:00,241.16,241.73,241.14,241.53,225165
2025-03-03 14:35:00,241.51,241.68,241.22,241.55,203624
2025-03-03 14:40:00,241.54,242.02,241.52,241.84,266959
2025-03-03 14:45:00,241.83,241.83,241.06,241.08,243292
2025-03-03 14:50:00,241.09,241.26,239.88,240.23,636491
2025-03-03 14:55:00,240.23,240.82,240.08,240.29,407409
2025-03-03 15:00:00,240.295,240.295,239.28,239.56,497610
2025-03-03 15:05:00,239.56,239.7,238.88,239.02,473858
2025-03-03 15:10:00,239.04,239.14,238.09,238.28,548214
2025-03-03 15:15:00,238.31,238.67,237.9,237.96,544946
2025-03-03 15:20:00,237.95,238.16,237.44,237.46,640303
2025-03-03 15:25:00,237.45,237.68,236.63,236.87,567311
2025-03-03 15:30:00,236.88,237.53,236.81,236.92,570488
2025-03-03 15:35:00,236.88,237.055,236.43,236.525,843799
2025-03-03 15:40:00,236.525,236.7399,236.112,236.41,781992
2025-03-03 15:45:00,236.4,237.7,236.34,237.3908,715298
2025-03-03 15:50:00,237.34,238.09,237.05,238.02,1103149
2025-03-03 15:55:00,238.05,238.58,237.56,238.14,2350095
2025-03-03 16:00:00,238.17,238.5,237.6587,238.43,14808104
2025-03-03 16:05:00,238.5,239.9239,238.03,238.82,134119
2025-03-03 16:10:00,238.82,239.6044,238.03,238.84,3222681
2025-03-03 16:15:00,238.73,239.09,238.03,238.9707,8050
2025-03-03 16:20:00,238.03,239.1,238.03,239.06,49905
2025-03-03 16:25:00,239.06,239.2,239.0317,239.09,27052
2025-03-03 16:30:00,239.08,239.4,239.0,239.15,35562
2025-03-03 16:35:00,239.111,239.4,238.03,239.35,11927
2025-03-03 16:40:00,239.3,239.35,239.23,239.2312,14477
2025-03-03 16:45:00,239.2325,239.4,239.23,239.3207,5607
2025-03-03 16:50:00,239.32,239.33,223.4856,239.3,8390
2025-03-03 16:55:00,239.2317,239.28,224.0301,239.202,12856
2025-03-03 17:00:00,239.2,239.27,224.0301,239.033,3997
2025-03-03 17:05:00,239.033,239.15,239.03,239.05,1488
2025-03-03 17:10:00,239.0307,239.14,239.03,239.1,1470
2025-03-03 17:15:00,239.101,239.14,239.04,239.0415,1723
2025-03-03 17:20:00,239.0415,239.1,238.7075,238.7075,7985
2025-03-03 17:25:00,238.99,239.07,238.7,239.0017,3735
2025-03-03 17:30:00,238.81,239.19,238.81,239.0,2013
2025-03-03 17:35:00,238.8457,239.07,238.03,238.8732,63266
2025-03-03 17:40:00,238.87,239.0,238.81,238.8147,3843
2025-03-03 17:45:00,238.89,239.0,238.81,238.85,1615
2025-03-03 17:50:00,238.9,239.0,238.58,238.7,13415
2025-03-03 17:55:00,238.63,238.75,238.55,238.58,6847
2025-03-03 18:00:00,238.56,238.86,238.55,238.57,5039
2025-03-03 18:05:00,238.6999,239.0,238.56,238.98,7620
2025-03-03 18:10:00,238.7667,238.9855,238.75,238.75,3539
2025-03-03 18:15:00,238.77,239.0,238.6,239.0,3858
2025-03-03 18:20:00,239.0,239.0,238.75,239.0,5201
2025-03-03 18:25:00,238.99,239.25,238.82,239.01,6155
2025-03-03 18:30:00,239.19,239.25,239.0,239.0,3471
2025-03-03 18:35:00,239.0,239.13,238.75,238.91,4478
2025-03-03 18:40:00,238.78,239.1,238.58,238.61,2581
2025-03-03 18:45:00,238.62,238.67,238.3,238.57,7271
2025-03-03 18:50:00,238.37,238.6,238.25,238.35,3558
2025-03-03 18:55:00,238.46,238.6,238.14,238.15,3667
2025-03-03 19:00:00,238.2377,238.6,238.15,238.6,2219
2025-03-03 19:05:00,238.3,238.7,238.3,238.3801,1990
2025-03-03 19:10:00,238.6823,238.69,238.34,238.6,491
2025-03-03 19:15:00,238.42,238.68,238.34,238.68,3206
2025-03-03 19:20:00,238.7,238.95,238.65,238.7,2569
2025-03-03 19:25:00,238.7,238.9433,238.3512,238.4585,2256
2025-03-03 19:30:00,238.468,238.75,238.46,238.477,459
2025-03-03 19:35:00,238.4767,239.1999,238.47,238.9,6237
2025-03-03 19:40:00,238.6425,239.13,238.63,238.6392,2211
2025-03-03 19:45:00,238.83,238.9965,238.51,238.9965,4092
2025-03-03 19:50:00,238.5515,239.95,238.5245,239.755,10118
2025-03-03 19:55:00,239.7547,240.5,239.0297,240.33,17870
2025-03-04 04:00:00,238.42,239.35,238.42,239.2,9191
2025-03-04 04:05:00,239.21,239.21,239.01,239.06,3423
2025-03-04 04:10:00,239.08,239.2,239.0,239.03,2115
2025-03-04 04:15:00,239.04,239.05,238.79,238.92,2417
2025-03-04 04:20:00,238.92,239.02,238.76,238.78,813
2025-03-04 04:25:00,238.82,239.05,238.7,239.04,5132
2025-03-04 04:30:00,239.01,239.01,238.63,238.71,2792
2025-03-04 04:35:00,238.79,238.81,238.5,238.5,2409
2025-03-04 04:40:00,238.59,238.59,238.36,238.44,10613
2025-03-04 04:45:00,238.5,238.5,238.42,238.48,1635
2025-03-04 04:50:00,238.42,238.49,238.29,238.46,3773
2025-03-04 04:55:00,238.4,238.47,238.3,238.32,589
2025-03-04 05:00:00,238.32,238.33,238.01,238.13,7772
2025-03-04 05:05:00,238.06,238.3,238.06,238.3,2784
2025-03-04 05:10:00,238.26,238.39,238.24,238.39,4350
2025-03-04 05:15:00,238.39,238.56,238.37,238.47,517
2025-03-04 05:20:00,238.47,238.5,238.27,238.38,921
2025-03-04 05:25:00,238.4,238.4,238.25,238.25,1053
2025-03-04 05:30:00,238.27,238.35,238.18,238.21,1091
2025-03-04 05:35:00,238.22,238.22,237.76,237.98,6158
2025-03-04 05:40:00,238.01,238.16,238.0,238.04,777
2025-03-04 05:45:00,238.05,238.2,238.01,238.13,810
2025-03-04 05:50:00,238.12,238.28,238.09,238.15,4057
2025-03-04 05:55:00,238.1,238.33,238.08,238.3,2270
2025-03-04 06:00:00,238.21,238.4,238.15,238.19,2699
2025-03-04 06:05:00,238.16,238.39,238.16,238.32,8265
2025-03-04 06:10:00,238.32,238.39,238.3,238.31,720
2025-03-04 06:15:00,238.32,238.36,238.16,238.23,646
2025-03-04 06:20:00,238.23,238.26,238.14,238.17,1396
2025-03-04 06:25:00,238.17,238.35,238.16,238.35,1861
2025-03-04 06:30:00,238.35,238.49,238.32,238.42,1702
2025-03-04 06:35:00,238.41,238.41,238.1,238.26,2637
2025-03-04 06:40:00,238.26,238.53,238.23,238.5,722
2025-03-04 06:45:00,238.51,238.79,238.51,238.71,1367
2025-03-04 06:50:00,238.65,238.85,238.52,238.52,1833
2025-03-04 06:55:00,238.55,238.61,238.33,238.4,476
2025-03-04 07:00:00,238.38,238.39,238.1,238.13,4362
2025-03-04 07:05:00,238.13,238.47,238.07,238.46,4447
2025-03-04 07:10:00,238.39,238.66,238.36,238.36,9482
2025-03-04 07:15:00,238.39,238.47,238.19,238.36,4869
2025-03-04 07:20:00,238.35,238.54,238.12,238.16,6794
2025-03-04 07:25:00,238.18,238.19,237.63,237.91,13664
2025-03-04 07:30:00,237.87,238.12,237.86,238.11,7022
2025-03-04 07:35:00,238.07,238.74,238.01,238.6,8567
2025-03-04 07:40:00,238.63,238.78,237.95,238.26,19055
2025-03-04 07:45:00,238.27,238.3,237.76,237.76,9906
2025-03-04 07:50:00,237.77,237.93,237.62,237.68,12232
2025-03-04 07:55:00,237.7,237.7,237.21,237.44,16196
2025-03-04 08:00:00,238.6062,239.86,237.21,237.22,91744
2025-03-04 08:05:00,237.2,238.03,237.16,237.4119,24294
2025-03-04 08:10:00,237.4,237.4738,236.7267,236.78,40240
2025-03-04 08:15:00,236.75,238.03,236.75,236.91,23971
2025-03-04 08:20:00,236.8745,237.75,236.855,237.43,16488
2025-03-04 08:25:00,237.44,237.73,237.1562,237.3,25905
2025-03-04 08:30:00,237.4,238.4,237.35,238.36,46590
2025-03-04 08:35:00,238.3002,238.6,237.84,238.23,25591
2025-03-04 08:40:00,238.1947,238.8,238.1525,238.34,20765
2025-03-04 08:45:00,238.4,238.77,238.05,238.1447,29918
2025-03-04 08:50:00,238.14,238.29,237.66,238.07,25081
2025-03-04 08:55:00,238.0757,238.14,237.52,237.6937,17108
2025-03-04 09:00:00,237.69,238.7,237.5222,238.1035,26210
2025-03-04 09:05:00,238.16,238.28,237.8972,238.26,17673
2025-03-04 09:10:00,238.31,238.46,238.0152,238.37,9557
2025-03-04 09:15:00,238.4,238.44,237.6745,237.93,13847
2025-03-04 09:20:00,237.94,241.975,237.455,238.0214,18036
2025-03-04 09:25:00,238.02,238.2,236.0,238.0,140271
2025-03-04 09:30:00,237.705,239.39,237.0,237.68,2885329
2025-03-04 09:35:00,237.68,238.88,237.3201,238.3948,1007648
2025-03-04 09:40:00,238.396,239.355,237.26,239.245,941824
2025-03-04 09:45:00,239.23,239.35,237.76,237.792,715065
2025-03-04 09:50:00,237.85,238.06,236.78,237.21,746954
2025-03-04 09:55:00,237.135,237.59,236.5,236.63,732950
2025-03-04 10:00:00,236.61,237.99,236.34,237.845,979321
2025-03-04 10:05:00,237.86,238.67,237.51,238.2263,797546
2025-03-04 10:10:00,238.2206,239.11,237.73,238.94,675270
2025-03-04 10:15:00,238.91,239.2296,237.57,237.81,781682
2025-03-04 10:20:00,237.81,238.17,237.35,237.91,709994
2025-03-04 10:25:00,237.91,239.0,237.865,238.4,768029
2025-03-04 10:30:00,238.4,239.81,238.07,239.3311,896172
2025-03-04 10:35:00,239.32,239.63,238.91,239.0769,515815
2025-03-04 10:40:00,239.07,239.35,238.57,239.22,591064
2025-03-04 10:45:00,239.25,239.65,238.77,239.08,485299
2025-03-04 10:50:00,239.1,239.3295,238.85,239.0873,362747
2025-03-04 10:55:00,239.11,239.41,238.9366,239.09,499073
2025-03-04 11:00:00,239.09,239.59,238.73,239.13,539109
2025-03-04 11:05:00,239.12,239.1554,237.65,237.98,713321
2025-03-04 11:10:00,237.98,239.36,237.98,239.275,560606
2025-03-04 11:15:00,239.22,239.67,238.639,238.775,377963
2025-03-04 11:20:00,238.785,239.07,238.48,238.76,388127
2025-03-04 11:25:00,238.76,238.89,238.015,238.63,490441
2025-03-04 11:30:00,238.65,239.2,238.59,238.83,395756
2025-03-04 11:35:00,238.83,239.27,238.66,238.725,330545
2025-03-04 11:40:00,238.71,239.63,238.608,239.55,553851
2025-03-04 11:45:00,239.54,239.93,239.33,239.84,466112
2025-03-04 11:50:00,239.82,240.07,239.11,239.51,626824
2025-03-04 11:55:00,239.53,239.65,238.9308,239.08,295662
2025-03-04 12:00:00,239.14,239.25,238.73,238.73,271073
2025-03-04 12:05:00,238.73,238.78,238.33,238.454,348023
2025-03-04 12:10:00,238.47,238.81,238.33,238.48,357319
2025-03-04 12:15:00,238.49,238.8097,238.32,238.6483,331657
2025-03-04 12:20:00,238.64,239.12,238.3801,238.43,307602
2025-03-04 12:25:00,238.43,239.0,238.1289,238.165,334711
2025-03-04 12:30:00,238.12,238.1799,237.41,237.73,339476
2025-03-04 12:35:00,237.69,237.97,237.55,237.7,232983
2025-03-04 12:40:00,237.71,237.97,237.41,237.62,358469
2025-03-04 12:45:00,237.63,237.99,237.1156,237.2,369886
2025-03-04 12:50:00,237.205,237.3,236.27,236.8029,522073
2025-03-04 12:55:00,236.83,236.9399,236.25,236.58,473030
2025-03-04 13:00:00,236.605,236.85,236.16,236.55,437100
2025-03-04 13:05:00,236.55,237.16,236.417,237.005,325011
2025-03-04 13:10:00,236.97,237.8,236.87,237.63,292997
2025-03-04 13:15:00,237.6102,237.64,236.925,237.15,307461
2025-03-04 13:20:00,237.17,237.3,236.83,236.88,309412
2025-03-04 13:25:00,236.8761,236.92,236.43,236.75,329896
2025-03-04 13:30:00,236.75,237.401,236.43,237.3,290466
2025-03-04 13:35:00,237.31,237.44,237.07,237.28,236114
2025-03-04 13:40:00,237.3,237.5,237.13,237.39,412816
2025-03-04 13:45:00,237.37,237.69,237.14,237.42,215662
2025-03-04 13:50:00,237.45,237.68,237.2704,237.595,213969
2025-03-04 13:55:00,237.58,238.03,237.55,237.89,273222
2025-03-04 14:00:00,237.89,238.51,237.77,238.0782,282469
2025-03-04 14:05:00,238.07,238.49,237.99,238.26,267555
2025-03-04 14:10:00,238.28,238.38,237.95,238.1,237898
2025-03-04 14:15:00,238.1,238.13,237.44,237.615,304399
2025-03-04 14:20:00,237.6237,238.4753,237.58,238.19,354225
2025-03-04 14:25:00,238.2,238.58,238.01,238.2889,435614
2025-03-04 14:30:00,238.29,238.63,238.23,238.29,395135
2025-03-04 14:35:00,238.27,238.45,238.2,238.3401,188526
2025-03-04 14:40:00,238.34,238.47,238.16,238.345,195177
2025-03-04 14:45:00,238.34,238.7736,238.065,238.12,365406
2025-03-04 14:50:00,238.12,238.31,237.9815,238.035,253330
2025-03-04 14:55:00,238.02,238.4499,238.01,238.31,205201
2025-03-04 15:00:00,238.31,238.7,238.2,238.535,356212
2025-03-04 15:05:00,238.54,238.84,238.23,238.29,481440
2025-03-04 15:10:00,238.29,238.985,238.2,238.95,377771
2025-03-04 15:15:00,238.94,239.01,238.6,238.92,362259
2025-03-04 15:20:00,238.93,239.25,238.89,239.19,478071
2025-03-04 15:25:00,239.175,239.2023,238.68,238.69,446195
2025-03-04 15:30:00,238.68,238.75,237.71,238.06,528532
2025-03-04 15:35:00,238.07,238.26,237.62,237.68,474283
2025-03-04 15:40:00,237.69,237.73,236.91,237.17,765898
2025-03-04 15:45:00,237.18,237.5199,236.5,236.6,559825
2025-03-04 15:50:00,236.59,236.59,234.68,235.86,1785255
2025-03-04 15:55:00,235.85,236.2,235.62,236.07,2357214
2025-03-04 16:00:00,235.9305,236.43,235.72,236.2,19474802
2025-03-04 16:05:00,236.2,236.7,235.93,236.34,32074
2025-03-04 16:10:00,236.35,236.75,235.93,236.59,35345
2025-03-04 16:15:00,235.93,237.5431,235.93,236.71,16382
2025-03-04 16:20:00,236.6197,237.35,235.93,237.32,122909
2025-03-04 16:25:00,237.11,237.61,235.93,237.3432,22497
2025-03-04 16:30:00,237.4668,237.48,237.05,237.12,5794
2025-03-04 16:35:00,237.1222,237.3048,236.6542,236.6542,13466
2025-03-04 16:40:00,236.6542,236.9,235.93,236.7732,54355
2025-03-04 16:45:00,236.8,237.4,236.7706,237.14,9076
2025-03-04 16:50:00,237.04,237.3705,236.82,237.06,2202
2025-03-04 16:55:00,237.21,237.21,224.4959,236.99,7895
2025-03-04 17:00:00,236.99,243.0662,224.4959,237.15,7067
2025-03-04 17:05:00,237.09,247.6583,226.8636,237.1104,6175
2025-03-04 17:10:00,237.1132,246.7935,233.3021,237.25,2416
2025-03-04 17:15:00,237.25,237.34,237.18,237.3,903
2025-03-04 17:20:00,237.28,237.44,237.0,237.18,3945
2025-03-04 17:25:00,237.0,237.19,237.0,237.19,520
2025-03-04 17:30:00,237.03,237.45,237.0,237.22,5752
2025-03-04 17:35:00,237.45,237.45,235.93,237.26,554621
2025-03-04 17:40:00,237.11,237.45,237.021,237.32,8475
2025-03-04 17:45:00,237.4,237.4,237.3,237.36,232
2025-03-04 17:50:00,237.36,237.49,237.36,237.4899,8648
2025-03-04 17:55:00,237.47,237.49,237.45,237.4899,6429
2025-03-04 18:00:00,237.49,237.67,237.22,237.64,12668
2025-03-04 18:05:00,237.67,237.77,237.341,237.74,509
2025-03-04 18:10:00,237.5,237.88,237.5,237.6,5512
2025-03-04 18:15:00,237.842,237.9956,237.53,237.9,5556
2025-03-04 18:20:00,237.9,237.9,237.61,237.75,2491
2025-03-04 18:25:00,237.705,238.1,237.705,238.1,6204
2025-03-04 18:30:00,237.88,238.2,237.76,238.0221,1786
2025-03-04 18:35:00,238.12,238.49,238.0059,238.4,8071
2025-03-04 18:40:00,238.3,238.4988,238.3,238.3,4303
2025-03-04 18:45:00,238.31,238.4,238.01,238.09,2838
2025-03-04 18:50:00,238.09,238.2,238.02,238.154,801
2025-03-04 18:55:00,238.03,238.19,237.94,238.01,3461
2025-03-04 19:00:00,237.9465,238.19,237.7,237.9,2832
2025-03-04 19:05:00,237.97,238.2,237.7,238.09,2201
2025-03-04 19:10:00,238.1,238.2488,238.0,238.0,1311
2025-03-04 19:15:00,238.0,238.2,237.71,238.18,2438
2025-03-04 19:20:00,238.08,238.09,237.53,237.64,3592
2025-03-04 19:25:00,237.53,237.69,237.3525,237.45,4160
2025-03-04 19:30:00,237.45,237.65,237.36,237.36,3512
2025-03-04 19:35:00,237.37,237.65,237.22,237.23,4705
2025-03-04 19:40:00,237.22,237.48,237.2,237.4453,540
2025-03-04 19:45:00,237.45,237.48,237.15,237.39,2271
2025-03-04 19:50:00,237.38,237.48,237.2,237.42,1558
2025-03-04 19:55:00,237.42,238.0,237.3,237.63,7588
2025-03-05 04:00:00,237.92,237.92,236.89,237.34,10818
2025-03-05 04:05:00,237.25,237.42,237.07,237.37,2022
2025-03-05 04:10:00,237.38,237.44,237.36,237.39,996
2025-03-05 04:15:00,237.38,237.39,237.29,237.31,970
2025-03-05 04:20:00,237.32,237.5,237.32,237.41,2440
2025-03-05 04:25:00,237.42,237.44,237.26,237.3,879
2025-03-05 04:30:00,237.35,237.48,237.27,237.31,3381
2025-03-05 04:35:00,237.39,237.4,237.28,237.39,909
2025-03-05 04:40:00,237.39,237.4,237.28,237.39,868
2025-03-05 04:45:00,237.39,237.58,237.38,237.5,3923
2025-03-05 04:50:00,237.5,237.65,237.5,237.64,1656
2025-03-05 04:55:00,237.63,237.64,237.51,237.54,724
2025-03-05 05:00:00,237.56,237.65,237.22,237.35,2669
2025-03-05 05:05:00,237.35,237.5,237.34,237.38,1083
2025-03-05 05:10:00,237.46,237.48,237.15,237.15,4668
2025-03-05 05:15:00,237.13,237.14,236.9,236.91,2600
2025-03-05 05:20:00,237.01,237.18,236.99,237.08,2801
2025-03-05 05:25:00,237.05,237.11,236.99,237.0,1730
2025-03-05 05:30:00,237.02,237.12,237.0,237.12,661
2025-03-05 05:35:00,237.11,237.19,237.09,237.17,916
2025-03-05 05:40:00,237.25,237.28,237.12,237.27,728
2025-03-05 05:45:00,237.26,237.29,237.06,237.08,1513
2025-03-05 05:50:00,237.1,237.19,237.06,237.06,273
2025-03-05 05:55:00,237.05,237.06,236.92,236.99,1706
2025-03-05 06:00:00,236.99,236.99,236.85,236.91,712
2025-03-05 06:05:00,236.89,236.91,236.7,236.79,785
2025-03-05 06:10:00,236.79,236.88,236.67,236.67,540
2025-03-05 06:15:00,236.74,236.81,236.67,236.8,639
2025-03-05 06:20:00,236.82,236.97,236.8,236.85,1094
2025-03-05 06:25:00,236.87,236.97,236.8,236.97,251
2025-03-05 06:30:00,236.94,236.94,236.79,236.8,260
2025-03-05 06:35:00,236.83,236.86,236.75,236.85,500
2025-03-05 06:40:00,236.86,236.96,236.86,236.92,284
2025-03-05 06:45:00,236.96,237.07,236.87,237.05,1637
2025-03-05 06:50:00,237.05,237.08,236.15,236.23,11354
2025-03-05 06:55:00,236.3,236.63,236.3,236.62,3506
2025-03-05 07:00:00,236.71,236.97,236.63,236.75,3323
2025-03-05 07:05:00,236.76,236.92,236.66,236.79,1237
2025-03-05 07:10:00,236.85,236.98,236.7,236.88,1630
2025-03-05 07:15:00,236.79,236.9,236.61,236.62,1441
2025-03-05 07:20:00,236.63,236.71,236.23,236.51,2618
2025-03-05 07:25:00,236.59,236.79,236.59,236.79,1569
2025-03-05 07:30:00,236.8,236.84,236.74,236.8,625
2025-03-05 07:35:00,236.72,236.85,236.72,236.77,1260
2025-03-05 07:40:00,236.78,236.8,236.7,236.79,4220
2025-03-05 07:45:00,236.76,236.76,236.5,236.6,1911
2025-03-05 07:50:00,236.65,236.68,236.57,236.59,250
2025-03-05 07:55:00,236.61,236.61,236.37,236.42,1537
2025-03-05 08:00:00,236.49,237.8,235.93,236.76,53519
2025-03-05 08:05:00,235.93,236.76,235.93,236.6625,9843
2025-03-05 08:10:00,236.75,236.88,236.6845,236.7042,8251
2025-03-05 08:15:00,236.75,236.82,236.1072,236.39,10310
2025-03-05 08:20:00,236.1472,236.73,236.147,236.61,3006
2025-03-05 08:25:00,236.61,236.65,235.93,236.43,16128
2025-03-05 08:30:00,236.3445,236.88,235.93,236.724,290552
2025-03-05 08:35:00,236.8,236.88,236.59,236.6332,5157
2025-03-05 08:40:00,236.6332,236.8,236.5057,236.5742,5776
2025-03-05 08:45:00,236.5645,239.73,236.5052,236.81,12640
2025-03-05 08:50:00,236.91,236.91,236.5027,236.59,4664
2025-03-05 08:55:00,236.512,236.58,236.2537,236.282,9963
2025-03-05 09:00:00,236.3493,236.5,236.2515,236.3112,6461
2025-03-05 09:05:00,236.3582,236.55,236.31,236.45,7642
2025-03-05 09:10:00,236.43,236.5,236.31,236.4995,3924
2025-03-05 09:15:00,236.5,236.7,236.394,236.55,5161
2025-03-05 09:20:00,236.57,236.6985,236.31,236.34,11544
2025-03-05 09:25:00,236.31,236.3977,235.2005,235.43,95397
2025-03-05 09:30:00,235.42,235.95,234.5501,235.12,1601721
2025-03-05 09:35:00,235.11,235.43,233.44,233.81,961638
2025-03-05 09:40:00,233.81,234.21,233.57,233.9201,737666
2025-03-05 09:45:00,233.88,234.02,232.38,232.4132,917056
2025-03-05 09:50:00,232.41,232.77,231.77,231.9136,1021607
2025-03-05 09:55:00,231.87,232.1,231.04,231.77,1029954
2025-03-05 10:00:00,231.83,233.25,231.83,232.41,1095451
2025-03-05 10:05:00,232.45,232.77,232.12,232.32,692877
2025-03-05 10:10:00,232.29,233.12,231.85,232.9207,736211
2025-03-05 10:15:00,232.95,233.1186,232.0,232.25,587440
2025-03-05 10:20:00,232.26,232.42,230.52,230.99,854350
2025-03-05 10:25:00,231.015,231.3,230.73,230.92,506055
2025-03-05 10:30:00,230.94,232.1698,230.8,231.97,568577
2025-03-05 10:35:00,231.96,233.2,231.91,233.015,503759
2025-03-05 10:40:00,233.03,233.04,232.35,232.875,316570
2025-03-05 10:45:00,232.87,233.07,232.36,232.5326,287503
2025-03-05 10:50:00,232.52,232.655,232.06,232.5,317433
2025-03-05 10:55:00,232.495,232.95,232.42,232.57,259296
2025-03-05 11:00:00,232.565,232.63,231.81,231.99,333516
2025-03-05 11:05:00,232.0,232.1132,231.32,231.39,320509
2025-03-05 11:10:00,231.37,231.5488,230.8506,231.36,643231
2025-03-05 11:15:00,231.36,231.3861,230.95,230.9899,284676
2025-03-05 11:20:00,230.97,231.11,230.67,230.965,433451
2025-03-05 11:25:00,231.0027,231.04,230.14,230.649,488737
2025-03-05 11:30:00,230.62,230.62,229.68,229.75,704479
2025-03-05 11:35:00,229.76,230.45,229.6368,230.01,432034
2025-03-05 11:40:00,230.02,230.03,229.23,229.46,563223
2025-03-05 11:45:00,229.47,230.07,229.33,230.07,550169
2025-03-05 11:50:00,230.05,230.93,229.76,230.87,455620
2025-03-05 11:55:00,230.89,232.45,230.66,232.2,722691
2025-03-05 12:00:00,232.2,232.89,232.14,232.5,475697
2025-03-05 12:05:00,232.4902,232.68,232.21,232.5447,327620
2025-03-05 12:10:00,232.54,232.79,232.35,232.49,256427
2025-03-05 12:15:00,232.4912,233.25,232.41,232.89,354562
2025-03-05 12:20:00,232.8592,233.888,232.78,233.695,424229
2025-03-05 12:25:00,233.686,234.66,233.68,234.5399,564057
2025-03-05 12:30:00,234.54,234.75,234.02,234.173,471427
2025-03-05 12:35:00,234.19,234.649,234.0,234.48,229609
2025-03-05 12:40:00,234.53,234.635,234.21,234.51,252569
2025-03-05 12:45:00,234.495,234.6,234.15,234.39,384589
2025-03-05 12:50:00,234.4,235.4,234.35,234.68,485090
2025-03-05 12:55:00,234.66,235.03,234.44,234.945,240593
2025-03-05 13:00:00,234.945,235.3783,234.71,235.25,347755
2025-03-05 13:05:00,235.25,235.54,234.02,234.31,600521
2025-03-05 13:10:00,234.25,235.22,234.24,234.8399,315162
2025-03-05 13:15:00,234.81,235.25,234.55,234.89,194707
2025-03-05 13:20:00,234.88,235.02,231.2588,234.7208,170226
2025-03-05 13:25:00,234.75,234.83,231.24,234.68,195885
2025-03-05 13:30:00,234.6653,234.8,234.1,234.48,256923
2025-03-05 13:35:00,234.51,235.11,234.38,235.07,315641
2025-03-05 13:40:00,235.06,235.12,234.6,234.68,191560
2025-03-05 13:45:00,234.6584,235.34,234.6584,235.265,177963
2025-03-05 13:50:00,235.26,235.6,235.21,235.515,202794
2025-03-05 13:55:00,235.505,235.85,235.49,235.82,237451
2025-03-05 14:00:00,235.835,235.89,235.4,235.84,242768
2025-03-05 14:05:00,235.84,236.44,235.67,236.41,308852
2025-03-05 14:10:00,236.41,236.55,236.2301,236.31,200991
2025-03-05 14:15:00,236.32,236.5,235.77,235.77,266778
2025-03-05 14:20:00,235.84,236.46,235.61,236.33,237101
2025-03-05 14:25:00,236.3301,236.37,235.72,235.7475,198281
2025-03-05 14:30:00,235.77,236.04,235.72,235.825,183421
2025-03-05 14:35:00,235.83,235.91,235.15,235.6915,273211
2025-03-05 14:40:00,235.73,236.09,235.61,235.76,194995
2025-03-05 14:45:00,235.78,236.11,235.6063,236.005,209127
2025-03-05 14:50:00,236.03,236.19,235.81,236.0299,170807
2025-03-05 14:55:00,236.0,236.07,235.46,235.49,222037
2025-03-05 15:00:00,235.47,236.24,235.44,236.0269,227321
2025-03-05 15:05:00,236.0253,236.48,235.845,236.2783,284655
2025-03-05 15:10:00,236.28,236.46,236.06,236.355,247488
2025-03-05 15:15:00,236.355,236.44,235.43,235.7945,390748
2025-03-05 15:20:00,235.78,235.8829,235.21,235.385,384330
2025-03-05 15:25:00,235.37,236.1399,235.33,236.04,315608
2025-03-05 15:30:00,236.01,236.03,235.3,235.515,343718
2025-03-05 15:35:00,235.53,235.735,235.28,235.57,311392
2025-03-05 15:40:00,235.56,235.92,235.4,235.885,422044
2025-03-05 15:45:00,235.87,235.87,235.32,235.48,323651
2025-03-05 15:50:00,235.46,236.39,235.06,235.98,874138
2025-03-05 15:55:00,235.99,236.075,235.12,235.82,1601148
2025-03-05 16:00:00,235.77,236.0,235.2,235.62,12508122
2025-03-05 16:05:00,235.7055,235.9,235.22,235.68,2650441
2025-03-05 16:10:00,235.62,235.74,234.0676,235.46,487251
2025-03-05 16:15:00,235.47,235.98,235.46,235.98,9996
2025-03-05 16:20:00,235.74,235.98,235.7,235.84,3825
2025-03-05 16:25:00,235.85,235.95,235.7,235.87,4736
2025-03-05 16:30:00,235.9,236.19,235.84,235.9,13515
2025-03-05 16:35:00,235.98,236.24,235.4065,236.0,70950
2025-03-05 16:40:00,236.04,236.1,235.5,236.0,49238
2025-03-05 16:45:00,236.06,250.5416,236.0,236.05,5382
2025-03-05 16:50:00,236.0489,247.4438,236.0,236.0,4045
2025-03-05 16:55:00,236.04,250.5416,236.0,236.05,3185
2025-03-05 17:00:00,236.03,236.08,236.01,236.04,727
2025-03-05 17:05:00,236.0,236.24,236.0,236.04,9261
2025-03-05 17:10:00,236.07,236.235,236.04,236.13,619
2025-03-05 17:15:00,236.1,236.32,236.04,236.23,5500
2025-03-05 17:20:00,236.17,236.3,236.12,236.1411,203
2025-03-05 17:25:00,236.14,236.2,236.0012,236.03,2704
2025-03-05 17:30:00,236.0699,236.0699,235.74,236.03,28334
2025-03-05 17:35:00,236.04,236.24,236.0,236.11,949
2025-03-05 17:40:00,236.1035,236.36,236.1,236.15,2534
2025-03-05 17:45:00,236.11,236.2,236.1,236.11,610
2025-03-05 17:50:00,236.11,236.2,236.005,236.1025,2917
2025-03-05 17:55:00,236.1025,236.1908,236.08,236.15,959
2025-03-05 18:00:00,236.12,236.41,236.04,236.21,8993
2025-03-05 18:05:00,236.1,236.2,236.0,236.2,880
2025-03-05 18:10:00,236.12,236.41,236.0,236.41,3097
2025-03-05 18:15:00,236.09,236.4088,236.02,236.3,2766
2025-03-05 18:20:00,236.2,236.38,236.03,236.1,674
2025-03-05 18:25:00,236.38,236.38,236.03,236.37,798
2025-03-05 18:30:00,236.37,236.37,235.74,235.74,2451
2025-03-05 18:35:00,235.7678,235.9998,235.74,235.85,2539
2025-03-05 18:40:00,235.9963,236.0,235.85,235.86,1944
2025-03-05 18:45:00,235.85,236.0,235.85,235.87,519
2025-03-05 18:50:00,235.9997,236.0,235.85,236.0,1609
2025-03-05 18:55:00,235.88,236.0,235.7,235.7,1392
2025-03-05 19:00:00,235.74,236.0,235.7,236.0,702
2025-03-05 19:05:00,235.85,236.0,235.8001,235.805,381
2025-03-05 19:10:00,235.85,236.29,235.8,236.25,2201
2025-03-05 19:15:00,236.29,236.39,236.01,236.3388,1777
2025-03-05 19:20:00,236.18,236.23,235.82,236.18,362
2025-03-05 19:25:00,236.23,236.23,235.86,236.11,308
2025-03-05 19:30:00,236.22,236.23,235.88,236.2288,243
2025-03-05 19:35:00,236.02,236.1,235.87,236.09,194
2025-03-05 19:40:00,235.87,236.09,235.87,235.89,884
2025-03-05 19:45:00,235.89,236.02,235.87,235.93,113
2025-03-05 19:50:00,235.93,235.93,235.75,235.79,1482
2025-03-05 19:55:00,235.77,235.8,235.5,235.7823,2604
2025-03-06 04:00:00,235.85,235.85,234.07,235.1,9282
2025-03-06 04:05:00,235.1,235.45,234.92,234.92,3737
2025-03-06 04:10:00,234.92,234.95,234.35,234.76,2852
2025-03-06 04:15:00,234.68,234.99,234.51,234.52,1273
2025-03-06 04:20:00,234.58,234.89,234.54,234.6,1890
2025-03-06 04:25:00,234.62,234.69,234.42,234.6,2025
2025-03-06 04:30:00,234.51,234.7,234.39,234.61,1104
2025-03-06 04:35:00,234.57,234.6,234.41,234.56,622
2025-03-06 04:40:00,234.55,234.8,234.51,234.8,1939
2025-03-06 04:45:00,234.83,234.84,234.61,234.66,1129
2025-03-06 04:50:00,234.61,234.69,234.57,234.6,703
2025-03-06 04:55:00,234.66,234.66,234.43,234.5,1110
2025-03-06 05:00:00,234.46,234.52,234.24,234.52,1143
2025-03-06 05:05:00,234.47,234.69,234.39,234.56,475
2025-03-06 05:10:00,234.69,234.69,234.54,234.54,632
2025-03-06 05:15:00,234.55,234.62,234.06,234.51,4720
2025-03-06 05:20:00,234.58,234.71,234.51,234.65,1573
2025-03-06 05:25:00,234.66,234.7,234.61,234.61,340
2025-03-06 05:30:00,234.6,234.61,234.42,234.54,2883
2025-03-06 05:35:00,234.55,234.55,234.28,234.29,2352
2025-03-06 05:40:00,234.34,234.4,234.25,234.35,2035
2025-03-06 05:45:00,234.35,234.35,234.26,234.34,415
2025-03-06 05:50:00,234.3,234.35,234.26,234.29,1902
2025-03-06 05:55:00,234.29,234.45,234.25,234.26,1574
2025-03-06 06:00:00,234.24,234.38,234.11,234.3,4545
2025-03-06 06:05:00,234.31,234.35,234.12,234.21,6963
2025-03-06 06:10:00,234.28,234.43,234.22,234.38,917
2025-03-06 06:15:00,234.36,234.45,234.2,234.42,2198
2025-03-06 06:20:00,234.45,234.54,234.38,234.46,1923
2025-03-06 06:25:00,234.51,234.51,234.37,234.42,1194
2025-03-06 06:30:00,234.4,234.43,234.04,234.1,1488
2025-03-06 06:35:00,234.06,234.11,234.04,234.11,1611
2025-03-06 06:40:00,234.1,234.35,234.1,234.35,808
2025-03-06 06:45:00,234.34,234.34,234.25,234.32,157
2025-03-06 06:50:00,234.26,234.41,234.26,234.33,1608
2025-03-06 06:55:00,234.32,234.37,234.26,234.37,1134
2025-03-06 07:00:00,234.38,234.7,234.26,234.38,4304
2025-03-06 07:05:00,234.39,234.44,234.25,234.25,2115
2025-03-06 07:10:00,234.27,234.52,234.23,234.5,3952
2025-03-06 07:15:00,234.5,234.59,234.4,234.5,2280
2025-03-06 07:20:00,234.5,234.57,234.35,234.44,2695
2025-03-06 07:25:00,234.45,234.74,234.43,234.73,2301
2025-03-06 07:30:00,234.74,234.78,234.48,234.56,976
2025-03-06 07:35:00,234.5,234.54,233.9,233.9,6726
2025-03-06 07:40:00,233.9,234.39,233.9,234.29,4555
2025-03-06 07:45:00,234.3,234.38,234.18,234.18,1930
2025-03-06 07:50:00,234.18,234.35,234.15,234.35,973
2025-03-06 07:55:00,234.3,234.4,234.23,234.23,1478
2025-03-06 08:00:00,234.969,236.17,233.84,233.93,110413
2025-03-06 08:05:00,233.95,235.74,233.82,234.17,6468
2025-03-06 08:10:00,234.18,235.74,233.84,233.84,5303
2025-03-06 08:15:00,233.84,235.74,233.51,233.57,9755
2025-03-06 08:20:00,233.58,233.73,233.28,233.54,12328
2025-03-06 08:25:00,233.62,233.806,233.4,233.54,5423
2025-03-06 08:30:00,233.61,234.08,233.26,233.94,6019
2025-03-06 08:35:00,233.97,234.2,233.8,233.8,6394
2025-03-06 08:40:00,233.8,234.02,233.71,233.8,4740
2025-03-06 08:45:00,233.85,233.9,233.47,233.9,8475
2025-03-06 08:50:00,233.9,233.97,233.49,233.62,3201
2025-03-06 08:55:00,233.59,234.09,233.55,233.84,5474
2025-03-06 09:00:00,233.95,234.45,233.706,234.39,12940
2025-03-06 09:05:00,234.2642,234.43,234.005,234.0672,17204
2025-03-06 09:10:00,234.16,234.3,234.05,234.15,5607
2025-03-06 09:15:00,234.153,234.27,233.85,234.024,10414
2025-03-06 09:20:00,234.05,234.18,233.7145,233.84,6384
2025-03-06 09:25:00,233.72,234.5,233.38,234.5,34656
2025-03-06 09:30:00,234.435,234.8,233.54,234.31,1658376
2025-03-06 09:35:00,234.24,236.46,233.77,235.99,1463319
2025-03-06 09:40:00,236.005,236.12,235.02,235.25,959052
2025-03-06 09:45:00,235.25,235.6234,234.83,235.145,571212
2025-03-06 09:50:00,235.095,235.445,234.57,234.69,414389
2025-03-06 09:55:00,234.69,235.61,234.46,235.375,531503
2025-03-06 10:00:00,235.31,236.02,234.9359,235.64,535548
2025-03-06 10:05:00,235.62,236.74,235.596,236.36,631693
2025-03-06 10:10:00,236.32,236.676,236.0765,236.2499,473652
2025-03-06 10:15:00,236.23,237.08,236.13,236.9,491743
2025-03-06 10:20:00,236.89,237.17,236.62,236.73,484168
2025-03-06 10:25:00,236.75,236.88,236.06,236.47,372680
2025-03-06 10:30:00,236.47,236.91,236.23,236.66,354671
2025-03-06 10:35:00,236.68,237.39,236.5933,237.36,341481
2025-03-06 10:40:00,237.34,237.715,237.22,237.59,431951
2025-03-06 10:45:00,237.54,237.86,237.46,237.72,378165
2025-03-06 10:50:00,237.71,237.77,236.65,236.7301,466542
2025-03-06 10:55:00,236.78,236.99,236.55,236.95,267858
2025-03-06 11:00:00,236.98,237.53,236.95,237.32,266670
2025-03-06 11:05:00,237.2704,237.7,237.11,237.67,239029
2025-03-06 11:10:00,237.7,237.72,237.18,237.385,289654
2025-03-06 11:15:00,237.36,237.57,237.05,237.4,232867
2025-03-06 11:20:00,237.37,237.4996,236.66,237.09,450841
2025-03-06 11:25:00,237.08,237.2,236.24,236.76,591115
2025-03-06 11:30:00,236.75,237.34,236.5461,237.09,397495
2025-03-06 11:35:00,237.07,237.15,236.0,236.225,307001
2025-03-06 11:40:00,236.22,236.22,235.8273,236.02,249862
2025-03-06 11:45:00,236.03,236.04,235.41,235.42,318823
2025-03-06 11:50:00,235.4155,235.45,234.91,235.14,409278
2025-03-06 11:55:00,235.11,235.25,234.8201,234.935,262940
2025-03-06 12:00:00,234.95,235.26,234.32,234.35,413057
2025-03-06 12:05:00,234.33,235.21,234.15,235.08,405018
2025-03-06 12:10:00,235.08,235.18,234.815,234.86,269608
2025-03-06 12:15:00,234.87,235.08,234.56,234.83,344110
2025-03-06 12:20:00,234.83,235.28,234.65,234.74,320390
2025-03-06 12:25:00,234.74,234.7825,234.04,234.4,564741
2025-03-06 12:30:00,234.4,234.95,234.33,234.697,292053
2025-03-06 12:35:00,234.68,234.95,234.58,234.7,223649
2025-03-06 12:40:00,234.7,235.21,234.61,234.71,350767
2025-03-06 12:45:00,234.715,234.77,234.06,234.375,343154
2025-03-06 12:50:00,234.36,234.64,234.22,234.46,264763
2025-03-06 12:55:00,234.45,235.31,234.38,235.04,413870
2025-03-06 13:00:00,235.03,235.12,234.67,234.8,326025
2025-03-06 13:05:00,234.815,235.11,234.55,234.7,260267
2025-03-06 13:10:00,234.76,235.13,234.62,235.015,232692
2025-03-06 13:15:00,235.0,235.32,234.9801,235.18,315630
2025-03-06 13:20:00,235.18,235.43,235.01,235.05,307526
2025-03-06 13:25:00,235.04,235.1397,234.21,234.295,330009
2025-03-06 13:30:00,234.305,235.0,234.185,234.56,316108
2025-03-06 13:35:00,234.58,234.6755,234.17,234.2108,218397
2025-03-06 13:40:00,234.2,234.57,233.96,234.51,413844
2025-03-06 13:45:00,234.5224,234.87,234.29,234.73,311901
2025-03-06 13:50:00,234.73,235.17,234.57,234.6501,347346
2025-03-06 13:55:00,234.65,234.81,234.1744,234.28,433219
2025-03-06 14:00:00,234.29,234.45,233.54,233.703,334239
2025-03-06 14:05:00,233.71,234.06,233.5,234.051,391359
2025-03-06 14:10:00,234.06,234.39,233.96,234.04,281453
2025-03-06 14:15:00,234.04,234.29,233.7,233.8754,460663
2025-03-06 14:20:00,233.86,234.06,233.745,233.95,368310
2025-03-06 14:25:00,233.9375,233.95,233.4,233.65,456595
2025-03-06 14:30:00,233.64,234.09,233.33,233.9,407607
2025-03-06 14:35:00,233.91,234.48,233.87,234.3334,353753
2025-03-06 14:40:00,234.345,234.7657,234.28,234.69,448357
2025-03-06 14:45:00,234.66,235.68,234.6585,235.54,663137
2025-03-06 14:50:00,235.58,236.01,235.24,235.295,491561
2025-03-06 14:55:00,235.28,235.33,233.1581,234.41,375136
2025-03-06 15:00:00,234.43,234.785,234.19,234.6,390321
2025-03-06 15:05:00,234.6,235.28,234.48,234.925,320009
2025-03-06 15:10:00,234.9,235.25,234.7214,235.2,414285
2025-03-06 15:15:00,235.2,235.45,235.02,235.4,316653
2025-03-06 15:20:00,235.35,235.52,234.5852,234.82,394664
2025-03-06 15:25:00,234.84,235.34,234.71,235.18,351632
2025-03-06 15:30:00,235.17,235.51,234.705,234.72,560647
2025-03-06 15:35:00,234.725,235.17,234.66,234.75,417726
2025-03-06 15:40:00,234.74,235.1,234.61,234.81,515324
2025-03-06 15:45:00,234.77,235.26,234.45,235.25,580110
2025-03-06 15:50:00,235.23,235.76,234.89,235.69,921050
2025-03-06 15:55:00,235.68,235.68,235.0,235.32,1479823
2025-03-06 16:00:00,235.33,235.5,234.81,235.334,16625148
2025-03-06 16:05:00,235.41,235.5,235.1,235.1,12293
2025-03-06 16:10:00,235.18,235.59,235.11,235.45,10742
2025-03-06 16:15:00,235.45,235.85,235.08,235.7,240401
2025-03-06 16:20:00,235.33,235.7,235.33,235.57,232889
2025-03-06 16:25:00,235.53,235.647,235.45,235.4512,6368
2025-03-06 16:30:00,235.4512,235.645,235.23,235.23,11099
2025-03-06 16:35:00,235.2302,235.4,235.23,235.31,41634
2025-03-06 16:40:00,235.2501,251.7307,225.7234,235.31,115606
2025-03-06 16:45:00,235.37,247.1389,225.7234,235.39,2019
2025-03-06 16:50:00,245.0148,245.0148,234.0006,235.3335,2854
2025-03-06 16:55:00,235.37,235.47,235.33,235.332,603
2025-03-06 17:00:00,235.332,235.4688,235.33,235.411,3605
2025-03-06 17:05:00,235.411,235.45,235.1,235.1,10600
2025-03-06 17:10:00,235.1,235.1,234.37,234.67,32162
2025-03-06 17:15:00,234.59,234.88,234.4401,234.52,9584
2025-03-06 17:20:00,234.58,234.88,234.5,234.61,2456
2025-03-06 17:25:00,234.87,234.87,234.5,234.7,1377
2025-03-06 17:30:00,234.71,234.87,234.5,234.68,1084
2025-03-06 17:35:00,234.67,234.8688,234.5092,234.7,246
2025-03-06 17:40:00,234.67,234.86,234.59,234.7,2156
2025-03-06 17:45:00,234.7,234.81,234.62,234.76,609
2025-03-06 17:50:00,234.76,234.8,234.62,234.78,1520
2025-03-06 17:55:00,234.8,234.88,234.6204,234.64,1604
2025-03-06 18:00:00,234.71,234.88,234.63,234.87,1846
2025-03-06 18:05:00,234.88,234.88,234.72,234.72,581
2025-03-06 18:10:00,234.72,234.88,234.72,234.8,655
2025-03-06 18:15:00,234.75,234.88,234.75,234.75,413
2025-03-06 18:20:00,234.81,234.8788,234.75,234.77,2319
2025-03-06 18:25:00,234.76,234.87,234.75,234.86,1579
2025-03-06 18:30:00,234.75,234.88,234.75,234.88,2597
2025-03-06 18:35:00,234.75,234.88,234.75,234.75,458
2025-03-06 18:40:00,234.76,234.88,234.76,234.88,73
2025-03-06 18:45:00,234.88,234.88,234.76,234.7613,2698
2025-03-06 18:50:00,234.88,234.88,234.76,234.77,4402
2025-03-06 18:55:00,234.76,234.88,234.76,234.88,410
2025-03-06 19:00:00,234.88,234.88,234.76,234.877,1017
2025-03-06 19:05:00,234.88,235.33,234.76,234.76,33482
2025-03-06 19:10:00,234.81,234.88,234.718,234.718,2948
2025-03-06 19:15:00,234.85,235.33,234.62,234.81,3990
2025-03-06 19:20:00,234.995,235.0,234.81,234.88,352
2025-03-06 19:25:00,234.88,235.0,234.5,234.5,866
2025-03-06 19:30:00,234.74,234.88,234.5,234.8,605
2025-03-06 19:35:00,234.5,234.87,234.5,234.76,399
2025-03-06 19:40:00,234.79,234.85,234.5212,234.85,673
2025-03-06 19:45:00,234.85,234.9,234.5,234.7,750
2025-03-06 19:50:00,234.75,234.9,234.7,234.86,1855
2025-03-06 19:55:00,234.8888,234.98,234.65,234.98,8405
2025-03-07 04:00:00,235.0,235.0,234.15,234.29,3038
2025-03-07 04:05:00,234.37,234.58,234.36,234.51,1116
2025-03-07 04:10:00,234.5,234.73,234.5,234.73,3566
2025-03-07 04:15:00,234.7,234.75,234.54,234.62,325
2025-03-07 04:20:00,234.74,234.74,234.49,234.5,2330
2025-03-07 04:25:00,234.5,234.59,234.38,234.5,4708
2025-03-07 04:30:00,234.55,234.58,234.42,234.45,1439
2025-03-07 04:35:00,234.45,234.53,234.44,234.52,688
2025-03-07 04:40:00,234.49,234.49,234.44,234.47,3496
2025-03-07 04:45:00,234.46,234.53,234.46,234.52,702
2025-03-07 04:50:00,234.52,234.64,234.51,234.64,626
2025-03-07 04:55:00,234.64,234.7,234.56,234.57,237
2025-03-07 05:00:00,234.56,234.57,234.46,234.51,433
2025-03-07 05:05:00,234.46,234.5,234.36,234.39,1785
2025-03-07 05:10:00,234.36,234.55,234.36,234.45,1209
2025-03-07 05:15:00,234.52,234.63,234.46,234.62,1445
2025-03-07 05:20:00,234.63,234.74,234.54,234.74,973
2025-03-07 05:25:00,234.77,234.77,234.6,234.63,757
2025-03-07 05:30:00,234.68,234.68,234.6,234.64,292
2025-03-07 05:35:00,234.66,234.71,234.64,234.7,772
2025-03-07 05:40:00,234.64,234.65,234.61,234.64,107
2025-03-07 05:45:00,234.65,234.66,234.61,234.66,107
2025-03-07 05:50:00,234.62,234.67,234.61,234.63,358
2025-03-07 05:55:00,234.67,234.8,234.6,234.7,1748
2025-03-07 06:00:00,234.69,234.77,234.6,234.75,1404
2025-03-07 06:05:00,234.74,234.75,234.66,234.66,356
2025-03-07 06:10:00,234.66,234.68,234.62,234.66,1981
2025-03-07 06:15:00,234.7,234.7,234.63,234.7,752
2025-03-07 06:20:00,234.68,234.78,234.67,234.73,460
2025-03-07 06:25:00,234.76,234.78,234.73,234.76,1142
2025-03-07 06:30:00,234.75,234.77,234.6,234.69,1724
2025-03-07 06:35:00,234.63,234.75,234.61,234.65,2911
2025-03-07 06:40:00,234.73,234.73,234.63,234.66,620
2025-03-07 06:45:00,234.69,234.69,234.64,234.69,257
2025-03-07 06:50:00,234.67,234.69,234.66,234.69,273
2025-03-07 06:55:00,234.71,234.75,234.69,234.7,989
2025-03-07 07:00:00,234.7,234.85,234.67,234.72,3163
2025-03-07 07:05:00,234.78,234.95,234.78,234.86,1252
2025-03-07 07:10:00,234.86,234.86,234.69,234.75,1459
2025-03-07 07:15:00,234.7,234.75,234.66,234.68,3211
2025-03-07 07:20:00,234.66,234.69,234.63,234.66,512
2025-03-07 07:25:00,234.66,234.68,234.6,234.65,1504
2025-03-07 07:30:00,234.61,234.67,234.6,234.61,1176
2025-03-07 07:35:00,234.65,234.67,234.61,234.61,1709
2025-03-07 07:40:00,234.61,234.63,234.43,234.45,4021
2025-03-07 07:45:00,234.4,234.45,234.35,234.43,4238
2025-03-07 07:50:00,234.44,234.46,234.37,234.39,1127
2025-03-07 07:55:00,234.36,234.62,234.36,234.55,2430
2025-03-07 08:00:00,234.67,235.33,234.15,234.73,191780
2025-03-07 08:05:00,234.7799,235.33,234.5774,234.9,5419
2025-03-07 08:10:00,234.91,234.96,234.52,234.52,3400
2025-03-07 08:15:00,234.56,234.66,234.4,234.55,4907
2025-03-07 08:20:00,234.56,234.85,234.4435,234.7695,9311
2025-03-07 08:25:00,234.7695,235.0,234.56,234.71,8282
2025-03-07 08:30:00,234.71,236.1,234.4003,234.8,28558
2025-03-07 08:35:00,234.89,235.47,234.8001,234.93,10497
2025-03-07 08:40:00,234.96,235.25,234.8,235.06,13652
2025-03-07 08:45:00,235.13,235.24,234.8346,234.9145,3601
2025-03-07 08:50:00,235.0,235.1299,234.83,235.04,4963
2025-03-07 08:55:00,234.92,235.04,234.29,234.4111,11704
2025-03-07 09:00:00,234.5,234.79,234.29,234.7899,10931
2025-03-07 09:05:00,234.728,234.7575,234.05,234.0669,9532
2025-03-07 09:10:00,234.28,234.46,234.0,234.41,15207
2025-03-07 09:15:00,234.41,234.63,234.35,234.4999,14624
2025-03-07 09:20:00,234.49,234.63,234.35,234.44,10208
2025-03-07 09:25:00,234.32,235.21,233.92,235.08,60929
2025-03-07 09:30:00,235.105,236.25,234.76,236.06,1144955
2025-03-07 09:35:00,236.08,237.61,236.075,237.31,957711
2025-03-07 09:40:00,237.325,238.74,237.325,238.4097,1003614
2025-03-07 09:45:00,238.38,239.14,238.1,238.93,828393
2025-03-07 09:50:00,238.96,239.32,238.675,239.12,653984
2025-03-07 09:55:00,239.15,239.439,238.29,238.335,660208
2025-03-07 10:00:00,238.34,238.6,237.88,238.45,608330
2025-03-07 10:05:00,238.415,238.93,238.11,238.825,381246
2025-03-07 10:10:00,238.82,238.97,238.08,238.37,473664
2025-03-07 10:15:00,238.36,238.36,237.84,237.88,419938
2025-03-07 10:20:00,237.9,238.74,237.8,238.445,365822
2025-03-07 10:25:00,238.41,238.49,237.91,238.31,554007
2025-03-07 10:30:00,238.315,238.33,237.02,237.5073,751963
2025-03-07 10:35:00,237.49,237.82,237.1,237.58,429129
2025-03-07 10:40:00,237.57,238.16,237.36,238.05,438195
2025-03-07 10:45:00,238.05,240.16,237.91,239.325,1142207
2025-03-07 10:50:00,239.3,239.47,238.6604,238.88,533619
2025-03-07 10:55:00,238.805,239.21,238.5,238.915,366458
2025-03-07 11:00:00,238.91,239.13,238.4115,238.565,350819
2025-03-07 11:05:00,238.55,239.53,238.46,239.39,526630
2025-03-07 11:10:00,239.4,239.49,238.49,238.72,441257
2025-03-07 11:15:00,238.73,238.84,238.32,238.74,426876
2025-03-07 11:20:00,238.75,239.41,238.69,239.08,519473
2025-03-07 11:25:00,239.07,239.2,238.62,239.02,518754
2025-03-07 11:30:00,239.02,239.34,238.55,238.59,608726
2025-03-07 11:35:00,238.58,238.7,238.22,238.295,581384
2025-03-07 11:40:00,238.274,238.47,237.87,238.36,638878
2025-03-07 11:45:00,238.29,238.98,238.0,238.9,709622
2025-03-07 11:50:00,238.86,239.06,238.57,238.88,426323
2025-03-07 11:55:00,238.92,239.28,238.795,239.2106,615964
2025-03-07 12:00:00,239.225,239.7,239.07,239.1,693938
2025-03-07 12:05:00,239.13,239.35,237.86,238.11,478942
2025-03-07 12:10:00,238.1399,238.75,237.93,238.64,368514
2025-03-07 12:15:00,238.655,238.85,238.4401,238.76,285840
2025-03-07 12:20:00,238.77,239.3,238.69,239.02,470190
2025-03-07 12:25:00,239.01,239.48,238.9,239.29,334617
2025-03-07 12:30:00,239.26,239.74,238.8,239.59,511606
2025-03-07 12:35:00,239.61,239.76,239.15,239.23,418767
2025-03-07 12:40:00,239.21,239.63,239.06,239.58,392755
2025-03-07 12:45:00,239.58,239.99,239.47,239.7873,478496
2025-03-07 12:50:00,239.76,240.78,239.73,240.7365,1014326
2025-03-07 12:55:00,240.75,240.83,239.7019,240.03,696184
2025-03-07 13:00:00,240.05,241.07,239.99,241.02,708383
2025-03-07 13:05:00,241.02,241.37,240.62,240.67,502433
2025-03-07 13:10:00,240.65,240.975,240.01,240.94,299690
2025-03-07 13:15:00,240.94,241.15,240.7134,241.1,283376
2025-03-07 13:20:00,241.04,241.2,240.29,240.32,712199
2025-03-07 13:25:00,240.3,240.56,240.07,240.4285,263195
2025-03-07 13:30:00,240.425,240.7289,240.24,240.4204,356533
2025-03-07 13:35:00,240.39,240.92,240.21,240.62,441044
2025-03-07 13:40:00,240.615,240.85,239.87,240.19,315722
2025-03-07 13:45:00,240.165,240.28,239.79,239.985,364468
2025-03-07 13:50:00,240.0,240.05,239.7,239.8201,268039
2025-03-07 13:55:00,239.855,239.855,239.3703,239.43,305640
2025-03-07 14:00:00,239.445,239.91,239.36,239.575,309875
2025-03-07 14:05:00,239.575,239.5782,238.88,238.92,558167
2025-03-07 14:10:00,238.9,239.06,238.57,238.98,336038
2025-03-07 14:15:00,238.98,239.38,238.72,239.305,267481
2025-03-07 14:20:00,239.305,239.835,239.305,239.82,269824
2025-03-07 14:25:00,239.825,239.88,239.35,239.65,316393
2025-03-07 14:30:00,239.665,239.77,239.395,239.6506,239100
2025-03-07 14:35:00,239.66,239.86,239.2,239.7371,239284
2025-03-07 14:40:00,239.77,239.82,238.99,239.17,232252
2025-03-07 14:45:00,239.2,239.2,238.77,238.82,288219
2025-03-07 14:50:00,238.84,239.1948,238.68,239.08,306615
2025-03-07 14:55:00,239.08,239.43,239.0,239.22,267129
2025-03-07 15:00:00,239.21,239.255,238.96,238.97,274193
2025-03-07 15:05:00,238.97,239.205,238.85,239.17,316638
2025-03-07 15:10:00,239.1643,239.23,238.55,238.58,262046
2025-03-07 15:15:00,238.57,238.9,238.08,238.8311,347923
2025-03-07 15:20:00,238.84,238.855,238.34,238.579,244594
2025-03-07 15:25:00,238.57,238.96,238.55,238.8114,241205
2025-03-07 15:30:00,238.8,239.13,238.67,238.92,337966
2025-03-07 15:35:00,238.94,238.98,238.06,238.3201,470143
2025-03-07 15:40:00,238.33,238.66,237.94,238.5768,420887
2025-03-07 15:45:00,238.56,239.4,238.47,239.32,408946
2025-03-07 15:50:00,239.29,239.29,238.44,239.27,763422
2025-03-07 15:55:00,239.29,239.77,238.93,239.03,2410608
2025-03-07 16:00:00,239.03,239.07,238.21,239.07,9712660
2025-03-07 16:05:00,238.5,239.07,238.5,238.93,377129
2025-03-07 16:10:00,238.93,239.07,238.56,238.96,6496
2025-03-07 16:15:00,238.97,239.07,238.62,238.7,12858
2025-03-07 16:20:00,239.07,239.07,238.63,238.79,53604
2025-03-07 16:25:00,238.69,239.07,238.62,238.69,15928
2025-03-07 16:30:00,238.69,239.07,234.215,238.72,359766
2025-03-07 16:35:00,238.77,239.07,238.69,238.7499,42352
2025-03-07 16:40:00,238.75,238.75,238.69,238.71,3912
2025-03-07 16:45:00,238.72,238.74,238.61,238.66,6374
2025-03-07 16:50:00,238.7497,238.75,238.56,238.72,4134
2025-03-07 16:55:00,238.7182,238.72,238.58,238.65,2189
2025-03-07 17:00:00,238.64,239.07,238.51,238.6,185938
2025-03-07 17:05:00,238.67,238.72,238.6,238.6204,1447
2025-03-07 17:10:00,238.625,238.7,238.32,238.37,4578
2025-03-07 17:15:00,238.42,239.07,238.38,238.792,9654
2025-03-07 17:20:00,238.8,238.8,238.6,238.7457,524
2025-03-07 17:25:00,238.58,239.07,238.58,238.65,21956
2025-03-07 17:30:00,238.78,238.8,238.4,238.619,740
2025-03-07 17:35:00,238.61,238.62,238.4,238.44,474
2025-03-07 17:40:00,238.44,238.6,238.4,238.44,78
2025-03-07 17:45:00,238.45,238.62,238.4075,238.6,1068
2025-03-07 17:50:00,238.599,238.62,238.4,238.43,2684
2025-03-07 17:55:00,238.4347,238.53,238.43,238.43,356
2025-03-07 18:00:00,238.43,238.62,238.43,238.49,530
2025-03-07 18:05:00,238.62,238.62,238.43,238.5,197
2025-03-07 18:10:00,238.5,238.62,238.5,238.53,229
2025-03-07 18:15:00,238.51,238.6186,238.51,238.6186,3216
2025-03-07 18:20:00,238.62,238.62,238.52,238.59,182
2025-03-07 18:25:00,238.58,238.7,238.52,238.52,2814
2025-03-07 18:30:00,238.52,238.7,238.52,238.668,207
2025-03-07 18:35:00,238.54,238.6999,238.52,238.622,1590
2025-03-07 18:40:00,238.622,238.99,238.52,238.65,5818
2025-03-07 18:45:00,238.78,238.78,238.54,238.77,319
2025-03-07 18:50:00,238.54,238.78,238.54,238.74,3863
2025-03-07 18:55:00,238.75,238.75,238.53,238.75,2634
2025-03-07 19:00:00,238.69,238.76,238.53,238.71,90
2025-03-07 19:05:00,238.55,238.76,238.53,238.76,415
2025-03-07 19:10:00,238.55,238.76,238.53,238.6,514
2025-03-07 19:15:00,238.52,238.76,238.52,238.52,225
2025-03-07 19:20:00,238.52,238.7733,238.51,238.5112,246
2025-03-07 19:25:00,238.52,238.55,238.51,238.51,367
2025-03-07 19:30:00,238.56,238.6,238.51,238.5985,210
2025-03-07 19:35:00,238.59,238.6,238.5122,238.6,349
2025-03-07 19:40:00,238.56,238.78,238.56,238.66,2607
2025-03-07 19:45:00,238.54,238.73,238.54,238.6988,139
2025-03-07 19:50:00,238.696,238.7,238.54,238.7,241
2025-03-07 19:55:00,238.6993,238.75,238.54,238.65,1753
2025-03-10 04:00:00,237.0,238.4,236.6,237.36,3909
2025-03-10 04:05:00,237.5,237.5,237.16,237.35,6069
2025-03-10 04:10:00,237.32,237.5,237.32,237.43,2808
2025-03-10 04:15:00,237.46,237.46,237.16,237.23,4732
2025-03-10 04:20:00,237.24,237.37,237.24,237.3,533
2025-03-10 04:25:00,237.4,237.62,236.63,236.97,19387
2025-03-10 04:30:00,236.75,237.0,236.72,236.93,4485
2025-03-10 04:35:00,236.8,236.96,236.8,236.8,2000
2025-03-10 04:40:00,236.85,236.89,236.44,236.44,3945
2025-03-10 04:45:00,236.44,236.7,236.34,236.51,3646
2025-03-10 04:50:00,236.43,236.52,236.03,236.2,10514
2025-03-10 04:55:00,236.1,236.21,235.94,236.07,2538
2025-03-10 05:00:00,236.02,236.1,235.75,235.75,9031
2025-03-10 05:05:00,235.83,236.06,235.67,236.02,6441
2025-03-10 05:10:00,236.0,236.07,235.52,235.67,6524
2025-03-10 05:15:00,235.66,236.1,235.66,236.0,7456
2025-03-10 05:20:00,235.95,236.1,235.85,236.09,5115
2025-03-10 05:25:00,235.98,236.06,235.91,235.92,3994
2025-03-10 05:30:00,235.93,236.2,235.87,236.15,7210
2025-03-10 05:35:00,236.2,236.28,236.14,236.28,828
2025-03-10 05:40:00,236.28,236.28,236.07,236.16,4598
2025-03-10 05:45:00,236.2,236.36,236.12,236.24,5587
2025-03-10 05:50:00,236.25,236.32,235.81,235.94,4856
2025-03-10 05:55:00,235.98,236.15,235.93,236.09,2303
2025-03-10 06:00:00,236.21,236.29,235.93,236.2,4279
2025-03-10 06:05:00,236.23,236.23,235.73,235.73,9866
2025-03-10 06:10:00,235.71,235.78,235.65,235.72,3142
2025-03-10 06:15:00,235.72,235.75,235.7,235.74,182
2025-03-10 06:20:00,235.74,235.8,235.64,235.64,1720
2025-03-10 06:25:00,235.61,235.69,235.55,235.57,1937
2025-03-10 06:30:00,235.62,235.75,235.61,235.67,3335
2025-03-10 06:35:00,235.7,235.75,235.67,235.67,2109
2025-03-10 06:40:00,235.68,235.75,235.66,235.71,1903
2025-03-10 06:45:00,235.75,235.76,235.53,235.62,3046
2025-03-10 06:50:00,235.64,235.8,235.58,235.75,3688
2025-03-10 06:55:00,235.74,235.82,235.7,235.82,4327
2025-03-10 07:00:00,235.86,236.17,235.79,235.9,10358
2025-03-10 07:05:00,235.8,235.8,235.63,235.77,4076
2025-03-10 07:10:00,235.77,235.77,235.51,235.63,2259
2025-03-10 07:15:00,235.62,235.73,235.42,235.64,5453
2025-03-10 07:20:00,235.64,235.92,235.59,235.86,2976
2025-03-10 07:25:00,235.92,235.98,235.84,235.92,4212
2025-03-10 07:30:00,235.9,235.97,235.57,235.73,8742
2025-03-10 07:35:00,235.69,235.75,235.65,235.73,2105
2025-03-10 07:40:00,235.73,235.81,235.59,235.75,3581
2025-03-10 07:45:00,235.74,235.75,235.55,235.59,931
2025-03-10 07:50:00,235.59,235.59,235.4,235.45,4913
2025-03-10 07:55:00,235.42,235.57,235.25,235.52,3019
2025-03-10 08:00:00,236.08,239.07,235.2547,235.752,46565
2025-03-10 08:05:00,239.07,239.07,235.507,235.6,10725
2025-03-10 08:10:00,235.5562,235.8088,235.5,235.525,7234
2025-03-10 08:15:00,235.6,235.65,235.25,235.2527,12267
2025-03-10 08:20:00,235.2527,235.56,235.25,235.5523,21093
2025-03-10 08:25:00,235.4537,235.75,235.35,235.6525,36563
2025-03-10 08:30:00,235.6508,235.81,235.65,235.67,15356
2025-03-10 08:35:00,235.7007,235.95,235.62,235.8015,23818
2025-03-10 08:40:00,235.8,235.95,235.668,235.86,6505
2025-03-10 08:45:00,235.86,235.9488,235.76,235.89,7421
2025-03-10 08:50:00,235.89,239.07,235.88,236.43,155522
2025-03-10 08:55:00,236.43,236.8,236.2,236.44,20313
2025-03-10 09:00:00,236.5099,236.51,236.01,236.13,16005
2025-03-10 09:05:00,236.2,236.29,236.02,236.12,9377
2025-03-10 09:10:00,236.17,236.42,236.07,236.1348,14020
2025-03-10 09:15:00,236.17,236.37,236.0,236.02,10188
2025-03-10 09:20:00,236.0399,236.11,235.75,235.75,18163
2025-03-10 09:25:00,235.69,236.0,234.91,235.51,96821
2025-03-10 09:30:00,235.54,236.16,231.79,232.35,2983365
2025-03-10 09:35:00,232.31,233.04,231.37,231.98,1459380
2025-03-10 09:40:00,231.99,232.0,230.82,231.0075,1512686
2025-03-10 09:45:00,231.005,231.23,230.3201,230.59,1263041
2025-03-10 09:50:00,230.6,231.04,229.15,229.49,1424390
2025-03-10 09:55:00,229.5,230.39,229.5,230.19,1061313
2025-03-10 10:00:00,230.18,230.41,229.2,229.55,892115
2025-03-10 10:05:00,229.57,230.22,228.78,229.85,1099423
2025-03-10 10:10:00,229.87,230.13,229.65,229.74,736812
2025-03-10 10:15:00,229.72,230.04,229.23,229.31,615177
2025-03-10 10:20:00,229.32,229.46,228.65,229.09,798562
2025-03-10 10:25:00,229.09,229.25,228.52,228.57,612220
2025-03-10 10:30:00,228.57,229.5,228.46,229.245,956749
2025-03-10 10:35:00,229.245,229.47,228.75,228.76,894452
2025-03-10 10:40:00,228.78,228.84,228.01,228.135,933733
2025-03-10 10:45:00,228.11,228.25,227.37,227.395,1107825
2025-03-10 10:50:00,227.4,227.69,226.18,226.255,1507041
2025-03-10 10:55:00,226.26,226.33,225.37,226.19,1541062
2025-03-10 11:00:00,226.1759,226.39,225.68,225.705,1212622
2025-03-10 11:05:00,225.69,226.17,225.29,225.8501,1002216
2025-03-10 11:10:00,225.835,226.1,225.54,225.87,653372
2025-03-10 11:15:00,225.87,226.04,225.38,225.76,717246
2025-03-10 11:20:00,225.72,226.72,225.71,226.4605,853360
2025-03-10 11:25:00,226.46,226.54,226.13,226.5087,503033
2025-03-10 11:30:00,226.53,227.03,226.485,226.88,624826
2025-03-10 11:35:00,226.93,227.26,226.6502,226.95,517210
2025-03-10 11:40:00,226.935,227.29,226.36,226.63,621967
2025-03-10 11:45:00,226.64,227.0,226.33,226.92,463780
2025-03-10 11:50:00,226.9,227.01,226.575,226.79,467993
2025-03-10 11:55:00,226.8,227.02,226.59,226.59,527865
2025-03-10 12:00:00,226.58,226.97,226.36,226.69,381139
2025-03-10 12:05:00,226.692,226.98,225.95,225.9899,487889
2025-03-10 12:10:00,225.99,226.31,225.52,226.29,502719
2025-03-10 12:15:00,226.285,226.3699,225.17,225.195,504645
2025-03-10 12:20:00,225.22,225.34,224.22,224.79,1081927
2025-03-10 12:25:00,224.76,225.52,224.54,225.48,545405
2025-03-10 12:30:00,225.49,226.69,225.31,226.65,471323
2025-03-10 12:35:00,226.65,226.65,225.58,225.65,596068
2025-03-10 12:40:00,225.62,225.75,224.99,225.12,503070
2025-03-10 12:45:00,225.1,225.95,225.08,225.85,384734
2025-03-10 12:50:00,225.88,226.18,225.67,225.7062,369063
2025-03-10 12:55:00,225.665,225.99,225.4,225.55,332734
2025-03-10 13:00:00,225.52,225.66,224.8,225.04,486607
2025-03-10 13:05:00,225.0507,225.23,224.62,224.66,358032
2025-03-10 13:10:00,224.64,225.0,224.325,224.48,646381
2025-03-10 13:15:00,224.45,224.95,224.34,224.86,482803
2025-03-10 13:20:00,224.89,225.39,224.8186,225.26,435491
2025-03-10 13:25:00,225.23,225.51,225.06,225.21,375274
2025-03-10 13:30:00,225.24,225.32,224.91,224.9557,398092
2025-03-10 13:35:00,224.94,225.48,224.87,225.31,452583
2025-03-10 13:40:00,225.31,225.55,225.25,225.36,384811
2025-03-10 13:45:00,225.34,225.77,225.23,225.5567,359877
2025-03-10 13:50:00,225.57,226.01,225.43,225.9922,416206
2025-03-10 13:55:00,225.97,226.09,225.77,225.86,360663
2025-03-10 14:00:00,225.855,225.97,225.43,225.595,528052
2025-03-10 14:05:00,225.62,226.19,225.46,226.17,562499
2025-03-10 14:10:00,226.19,226.98,225.81,226.11,670664
2025-03-10 14:15:00,226.1,226.745,226.09,226.24,492481
2025-03-10 14:20:00,226.285,226.54,226.11,226.46,368654
2025-03-10 14:25:00,226.45,226.63,226.16,226.58,349214
2025-03-10 14:30:00,226.59,226.99,226.585,226.69,701408
2025-03-10 14:35:00,226.67,226.7191,226.29,226.32,416161
2025-03-10 14:40:00,226.32,226.45,226.07,226.25,339192
2025-03-10 14:45:00,226.25,226.3,225.41,225.4111,400573
2025-03-10 14:50:00,225.41,225.86,225.28,225.47,364471
2025-03-10 14:55:00,225.48,225.5,225.1064,225.28,381447
2025-03-10 15:00:00,225.29,226.36,224.84,225.215,870330
2025-03-10 15:05:00,225.19,225.5,224.665,224.68,642586
2025-03-10 15:10:00,224.685,225.6,224.42,225.56,791703
2025-03-10 15:15:00,225.57,226.02,225.4644,225.97,559671
2025-03-10 15:20:00,225.98,226.55,225.9,226.482,693063
2025-03-10 15:25:00,226.48,227.515,226.41,226.975,967107
2025-03-10 15:30:00,226.99,228.25,226.99,228.21,1109837
2025-03-10 15:35:00,228.21,228.66,227.36,227.86,1007324
2025-03-10 15:40:00,227.85,227.99,226.5,226.5599,733020
2025-03-10 15:45:00,226.53,227.49,226.5136,227.05,701039
2025-03-10 15:50:00,227.05,227.95,226.75,227.49,1481486
2025-03-10 15:55:00,227.52,228.15,227.04,227.541,2626637
2025-03-10 16:00:00,227.48,227.69,226.71,226.97,20138370
2025-03-10 16:05:00,227.05,227.48,226.81,227.09,529340
2025-03-10 16:10:00,227.09,227.09,226.8,226.83,15209
2025-03-10 16:15:00,226.86,227.48,226.8,226.86,22851
2025-03-10 16:20:00,227.48,227.48,226.7,226.9,23216
2025-03-10 16:25:00,227.0,227.48,226.22,226.94,31059
2025-03-10 16:30:00,226.98,227.48,226.61,226.64,115756
2025-03-10 16:35:00,226.69,226.96,226.62,226.69,10035
2025-03-10 16:40:00,226.86,227.0,226.69,226.94,8721
2025-03-10 16:45:00,226.8,227.48,226.78,226.8,144147
2025-03-10 16:50:00,226.86,227.0,226.74,226.78,6697
2025-03-10 16:55:00,226.73,226.8,226.61,226.78,5661
2025-03-10 17:00:00,226.7006,226.78,226.5,226.58,6881
2025-03-10 17:05:00,226.59,226.59,226.35,226.45,7372
2025-03-10 17:10:00,226.49,226.5,226.3,226.45,6837
2025-03-10 17:15:00,226.39,226.6,226.39,226.4537,3740
2025-03-10 17:20:00,226.4537,226.6,226.1,226.203,5324
2025-03-10 17:25:00,226.203,226.5,226.098,226.3245,9281
2025-03-10 17:30:00,226.3245,226.55,226.1,226.1087,3404
2025-03-10 17:35:00,226.1001,226.5,226.1,226.1,6051
2025-03-10 17:40:00,226.1075,226.63,210.3825,226.2,10271
2025-03-10 17:45:00,226.21,226.29,210.3825,226.1027,6605
2025-03-10 17:50:00,226.25,226.25,226.1,226.12,6214
2025-03-10 17:55:00,226.1012,226.1497,225.38,225.86,12685
2025-03-10 18:00:00,225.93,226.8,225.37,226.2575,34814
2025-03-10 18:05:00,226.55,226.55,225.01,225.3962,13954
2025-03-10 18:10:00,226.03,227.48,225.35,225.87,19782
2025-03-10 18:15:00,225.6567,226.48,225.5592,226.0217,9232
2025-03-10 18:20:00,226.45,226.5,226.01,226.017,7517
2025-03-10 18:25:00,226.0167,226.46,226.01,226.01,4998
2025-03-10 18:30:00,226.25,226.5507,226.01,226.11,4835
2025-03-10 18:35:00,226.1172,226.55,226.1,226.41,5270
2025-03-10 18:40:00,226.1195,226.73,226.1195,226.5,8163
2025-03-10 18:45:00,226.1427,226.64,226.12,226.1267,3412
2025-03-10 18:50:00,226.1267,226.39,226.1067,226.1067,3477
2025-03-10 18:55:00,226.29,226.37,225.7635,226.0,6524
2025-03-10 19:00:00,225.7635,226.36,225.75,225.759,1263
2025-03-10 19:05:00,225.759,226.11,225.5,225.668,11218
2025-03-10 19:10:00,225.668,225.8,225.26,225.5,5102
2025-03-10 19:15:00,225.5037,225.69,224.81,224.81,19463
2025-03-10 19:20:00,224.8052,225.12,224.75,224.85,7555
2025-03-10 19:25:00,225.0,225.3,224.8,224.949,3804
2025-03-10 19:30:00,224.949,225.3,224.6245,224.6245,8727
2025-03-10 19:35:00,224.7,224.99,224.4025,224.8,20759
2025-03-10 19:40:00,224.7,225.46,224.5075,225.43,22351
2025-03-10 19:45:00,225.26,225.7,224.76,225.22,11542
2025-03-10 19:50:00,225.2257,225.69,225.12,225.187,4821
2025-03-10 19:55:00,225.2357,225.46,225.12,225.3616,5651
2025-03-11 04:00:00,225.16,227.3,225.01,227.13,20600
2025-03-11 04:05:00,227.23,227.51,227.01,227.14,13996
2025-03-11 04:10:00,227.14,227.65,227.1,227.61,8380
2025-03-11 04:15:00,227.58,227.77,227.24,227.59,11998
2025-03-11 04:20:00,227.59,227.88,227.54,227.88,4717
2025-03-11 04:25:00,227.89,228.23,227.81,227.97,12091
2025-03-11 04:30:00,227.97,227.97,227.53,227.67,3399
2025-03-11 04:35:00,227.71,227.83,227.54,227.6,2676
2025-03-11 04:40:00,227.56,227.61,227.16,227.28,2004
2025-03-11 04:45:00,227.44,227.47,227.11,227.22,2660
2025-03-11 04:50:00,227.32,227.41,227.19,227.31,3623
2025-03-11 04:55:00,227.34,227.44,227.22,227.3,3000
2025-03-11 05:00:00,227.27,227.45,226.69,227.12,6923
2025-03-11 05:05:00,226.96,227.45,226.96,227.22,13293
2025-03-11 05:10:00,227.25,227.34,227.18,227.22,1979
2025-03-11 05:15:00,227.24,227.34,227.13,227.14,3180
2025-03-11 05:20:00,227.17,227.26,226.81,227.0,4549
2025-03-11 05:25:00,226.99,227.38,226.93,227.34,6804
2025-03-11 05:30:00,227.32,227.36,227.03,227.16,8719
2025-03-11 05:35:00,227.11,227.19,227.06,227.16,1952
2025-03-11 05:40:00,227.11,227.15,226.9,227.03,5243
2025-03-11 05:45:00,227.04,227.18,226.98,227.14,1681
2025-03-11 05:50:00,227.15,227.23,227.15,227.18,1030
2025-03-11 05:55:00,227.22,227.22,227.15,227.16,1288
2025-03-11 06:00:00,227.16,227.26,226.9,226.91,11105
2025-03-11 06:05:00,226.91,227.0,226.88,226.99,3439
2025-03-11 06:10:00,226.96,227.0,226.93,226.96,2371
2025-03-11 06:15:00,226.95,227.0,226.85,226.92,5545
2025-03-11 06:20:00,226.92,226.94,226.86,226.86,954
2025-03-11 06:25:00,226.89,226.92,226.85,226.9,3073
2025-03-11 06:30:00,226.9,226.91,226.81,226.88,1420
2025-03-11 06:35:00,226.87,226.89,226.75,226.77,3916
2025-03-11 06:40:00,226.77,226.77,226.69,226.72,1853
2025-03-11 06:45:00,226.73,226.73,226.64,226.64,2461
2025-03-11 06:50:00,226.64,226.64,226.45,226.58,4354
2025-03-11 06:55:00,226.57,226.67,226.53,226.64,2457
2025-03-11 07:00:00,226.61,226.68,226.3,226.33,8643
2025-03-11 07:05:00,226.3,226.57,226.28,226.48,3939
2025-03-11 07:10:00,226.48,226.74,226.48,226.72,3247
2025-03-11 07:15:00,226.74,226.85,226.74,226.75,4271
2025-03-11 07:20:00,226.76,226.78,226.68,226.75,1461
2025-03-11 07:25:00,226.75,226.75,226.69,226.73,4492
2025-03-11 07:30:00,226.73,226.91,226.59,226.88,4448
2025-03-11 07:35:00,226.87,226.94,226.81,226.85,1201
2025-03-11 07:40:00,226.91,226.95,226.85,226.86,730
2025-03-11 07:45:00,226.86,226.87,226.51,226.59,3754
2025-03-11 07:50:00,226.58,226.58,226.46,226.5,2767
2025-03-11 07:55:00,226.5,226.64,226.42,226.58,2139
2025-03-11 08:00:00,226.64,228.21,225.3512,226.14,54713
2025-03-11 08:05:00,226.043,227.48,225.884,226.0,14612
2025-03-11 08:10:00,225.922,226.07,225.84,226.0,16655
2025-03-11 08:15:00,226.05,226.34,225.9,226.1017,8347
2025-03-11 08:20:00,226.1001,226.44,226.0822,226.37,14568
2025-03-11 08:25:00,226.37,226.37,226.136,226.2,7827
2025-03-11 08:30:00,226.2,226.35,226.1157,226.22,11536
2025-03-11 08:35:00,226.24,226.34,226.1912,226.33,5351
2025-03-11 08:40:00,226.2815,226.34,225.88,225.8805,20542
2025-03-11 08:45:00,225.89,225.9,225.36,225.4025,19089
2025-03-11 08:50:00,225.5,225.67,225.4,225.47,8151
2025-03-11 08:55:00,225.58,227.48,225.43,225.48,718344
2025-03-11 09:00:00,225.4707,227.48,225.12,225.3295,13184
2025-03-11 09:05:00,225.38,225.74,225.31,225.3145,11307
2025-03-11 09:10:00,225.3145,225.5,225.31,225.5,9633
2025-03-11 09:15:00,225.44,225.5,225.18,225.33,13308
2025-03-11 09:20:00,225.2922,225.44,224.78,224.7852,25093
2025-03-11 09:25:00,224.84,224.84,222.75,223.82,227355
2025-03-11 09:30:00,223.805,224.77,222.65,224.325,3194992
2025-03-11 09:35:00,224.38,225.8399,224.25,225.045,1169071
2025-03-11 09:40:00,225.085,225.19,223.72,224.0,803679
2025-03-11 09:45:00,224.0,224.02,222.7,223.3,1279613
2025-03-11 09:50:00,223.2591,223.8199,222.22,222.5066,1581860
2025-03-11 09:55:00,222.52,222.63,221.76,222.0524,1247230
2025-03-11 10:00:00,222.02,223.08,220.01,220.09,2155023
2025-03-11 10:05:00,220.08,222.69,220.03,222.59,1507290
2025-03-11 10:10:00,222.62,222.88,222.015,222.2461,851530
2025-03-11 10:15:00,222.2158,223.24,222.11,223.14,910519
2025-03-11 10:20:00,223.13,223.5,222.94,223.2305,699490
2025-03-11 10:25:00,223.23,223.3296,222.3,222.52,875091
2025-03-11 10:30:00,222.47,222.95,222.14,222.34,635772
2025-03-11 10:35:00,222.36,222.62,221.24,221.5,799442
2025-03-11 10:40:00,221.5,221.58,221.1,221.26,893403
2025-03-11 10:45:00,221.23,222.23,221.16,221.8788,524616
2025-03-11 10:50:00,221.85,222.66,221.6701,222.53,505487
2025-03-11 10:55:00,222.53,222.55,220.8903,221.055,673504
2025-03-11 11:00:00,221.055,221.42,220.59,220.91,717444
2025-03-11 11:05:00,220.9,221.95,220.82,221.85,795142
2025-03-11 11:10:00,221.83,222.14,221.1206,221.21,538206
2025-03-11 11:15:00,221.2,221.58,221.06,221.435,492627
2025-03-11 11:20:00,221.4,221.44,220.615,220.8,780136
2025-03-11 11:25:00,220.8127,221.8207,220.77,221.0032,482904
2025-03-11 11:30:00,220.98,221.4199,220.76,220.835,473205
2025-03-11 11:35:00,220.81,220.89,220.26,220.627,642798
2025-03-11 11:40:00,220.64,221.45,220.59,221.2714,631419
2025-03-11 11:45:00,221.31,221.4471,220.86,221.324,430822
2025-03-11 11:50:00,221.315,221.5,220.94,221.395,381893
2025-03-11 11:55:00,221.395,221.74,220.96,221.1398,408396
2025-03-11 12:00:00,221.1,221.11,220.51,220.755,598644
2025-03-11 12:05:00,220.76,220.7851,220.09,220.2502,515517
2025-03-11 12:10:00,220.27,220.6,219.27,219.35,1289018
2025-03-11 12:15:00,219.36,219.63,218.67,219.615,1158099
2025-03-11 12:20:00,219.6,219.88,219.2,219.56,776079
2025-03-11 12:25:00,219.55,219.64,218.5,218.55,1008292
2025-03-11 12:30:00,218.54,219.0,218.44,218.67,790107
2025-03-11 12:35:00,218.6844,219.565,218.585,219.37,813400
2025-03-11 12:40:00,219.351,219.88,219.06,219.47,446961
2025-03-11 12:45:00,219.49,219.82,219.35,219.72,342741
2025-03-11 12:50:00,219.7063,219.73,218.5,218.88,523364
2025-03-11 12:55:00,218.865,219.12,218.52,219.0,460289
2025-03-11 13:00:00,218.97,219.06,218.56,218.7103,456690
2025-03-11 13:05:00,218.69,218.87,218.3712,218.78,497875
2025-03-11 13:10:00,218.785,218.91,218.4099,218.5231,397555
2025-03-11 13:15:00,218.53,218.99,218.47,218.6,533636
2025-03-11 13:20:00,218.6017,218.635,217.45,217.93,1448384
2025-03-11 13:25:00,217.95,218.05,217.58,217.73,557757
2025-03-11 13:30:00,217.73,218.34,217.68,218.16,564626
2025-03-11 13:35:00,218.16,218.4,218.02,218.285,479700
2025-03-11 13:40:00,218.3,218.93,218.26,218.87,428161
2025-03-11 13:45:00,218.86,219.43,218.75,219.2,484846
2025-03-11 13:50:00,219.21,219.53,218.87,218.95,479238
2025-03-11 13:55:00,218.95,218.98,217.945,218.29,732831
2025-03-11 14:00:00,218.3,219.69,218.26,219.54,663474
2025-03-11 14:05:00,219.58,220.37,219.1803,220.06,747260
2025-03-11 14:10:00,220.07,220.69,220.06,220.66,496459
2025-03-11 14:15:00,220.655,220.655,220.16,220.4,468016
2025-03-11 14:20:00,220.38,220.98,220.24,220.85,423835
2025-03-11 14:25:00,220.82,220.93,220.37,220.545,435490
2025-03-11 14:30:00,220.55,220.61,220.1078,220.24,453162
2025-03-11 14:35:00,220.26,220.73,220.09,220.67,333466
2025-03-11 14:40:00,220.665,221.85,220.57,221.76,806045
2025-03-11 14:45:00,221.79,222.04,221.32,221.99,712269
2025-03-11 14:50:00,221.99,222.7,218.2393,222.49,666680
2025-03-11 14:55:00,222.497,222.5605,221.84,222.165,553571
2025-03-11 15:00:00,222.18,222.2,221.37,222.15,623780
2025-03-11 15:05:00,222.15,223.31,222.13,222.96,1011582
2025-03-11 15:10:00,222.95,223.07,221.96,222.025,552006
2025-03-11 15:15:00,222.0,222.15,221.66,221.92,431216
2025-03-11 15:20:00,221.94,222.5,221.37,221.415,577895
2025-03-11 15:25:00,221.41,222.24,221.37,221.8,389377
2025-03-11 15:30:00,221.82,221.89,221.03,221.09,572794
2025-03-11 15:35:00,221.09,221.58,221.03,221.2133,742368
2025-03-11 15:40:00,221.2,221.42,220.58,221.3601,648232
2025-03-11 15:45:00,221.36,221.71,221.06,221.57,502797
2025-03-11 15:50:00,221.57,222.07,220.69,221.76,992427
2025-03-11 15:55:00,221.79,221.84,220.63,220.73,3115444
2025-03-11 16:00:00,220.73,221.4272,220.56,220.84,19435845
2025-03-11 16:05:00,220.84,220.86,220.5,220.8,777435
2025-03-11 16:10:00,220.86,220.86,220.71,220.86,34822
2025-03-11 16:15:00,220.8587,220.86,220.56,220.7,6010
2025-03-11 16:20:00,220.68,220.86,220.56,220.69,8815
2025-03-11 16:25:00,220.69,220.86,220.52,220.86,9213
2025-03-11 16:30:00,220.85,220.86,220.73,220.84,1711
2025-03-11 16:35:00,220.79,220.84,220.21,220.29,320343
2025-03-11 16:40:00,220.39,228.5506,212.3775,220.4,10694
2025-03-11 16:45:00,220.37,228.5506,219.5283,220.4,19158
2025-03-11 16:50:00,220.47,228.5506,213.7005,220.35,76189
2025-03-11 16:55:00,220.35,220.45,220.21,220.27,8807
2025-03-11 17:00:00,220.4188,220.42,220.26,220.38,1607
2025-03-11 17:05:00,220.38,220.68,220.3,220.54,3744
2025-03-11 17:10:00,220.48,220.84,220.3,220.5,1628244
2025-03-11 17:15:00,220.5,220.5,220.3,220.4,2239
2025-03-11 17:20:00,220.4098,220.83,220.35,220.53,3880
2025-03-11 17:25:00,220.54,220.83,220.5,220.529,6380
2025-03-11 17:30:00,220.53,220.59,220.26,220.36,4658
2025-03-11 17:35:00,220.37,220.55,220.3,220.53,3405
2025-03-11 17:40:00,220.54,220.55,220.33,220.5,2451
2025-03-11 17:45:00,220.5,220.64,220.33,220.56,1869
2025-03-11 17:50:00,220.59,220.66,220.3603,220.56,4493
2025-03-11 17:55:00,220.56,220.66,220.34,220.57,2087
2025-03-11 18:00:00,220.5,220.95,220.25,220.6,7335
2025-03-11 18:05:00,220.38,220.88,220.38,220.6,4119
2025-03-11 18:10:00,220.62,221.25,220.49,221.0,4766
2025-03-11 18:15:00,220.5675,221.25,220.36,220.6232,1103
2025-03-11 18:20:00,220.99,221.0,220.53,220.77,957
2025-03-11 18:25:00,220.99,220.99,220.33,220.83,2185
2025-03-11 18:30:00,220.83,220.97,220.7,220.73,2329
2025-03-11 18:35:00,220.97,221.21,220.7,221.2,2602
2025-03-11 18:40:00,221.06,221.21,220.9,221.05,1903
2025-03-11 18:45:00,221.02,221.21,220.9,221.2099,1161
2025-03-11 18:50:00,221.2,221.21,221.05,221.21,1459
2025-03-11 18:55:00,221.21,221.39,221.04,221.05,3232
2025-03-11 19:00:00,221.2082,221.39,220.8301,220.87,1997
2025-03-11 19:05:00,220.9,221.07,220.83,221.07,4280
2025-03-11 19:10:00,220.95,221.07,220.73,220.85,2245
2025-03-11 19:15:00,220.75,221.07,220.73,220.75,1613
2025-03-11 19:20:00,220.74,221.0,220.73,220.8,2515
2025-03-11 19:25:00,220.76,220.99,220.5,220.5,6531
2025-03-11 19:30:00,220.5001,220.84,220.5,220.7,3449
2025-03-11 19:35:00,220.695,220.7,220.51,220.7,1066
2025-03-11 19:40:00,220.67,220.7,220.52,220.65,1678
2025-03-11 19:45:00,220.78,220.78,220.65,220.75,1376
2025-03-11 19:50:00,220.7483,221.07,220.7101,221.0663,2311
2025-03-11 19:55:00,221.07,221.07,220.78,220.97,3294
2025-03-12 04:00:00,220.91,220.91,219.8,220.12,5907
2025-03-12 04:05:00,220.1,220.14,220.04,220.08,4256
2025-03-12 04:10:00,220.06,220.17,219.87,219.95,4437
2025-03-12 04:15:00,219.89,219.95,219.65,219.9,2410
2025-03-12 04:20:00,219.85,219.85,219.71,219.78,842
2025-03-12 04:25:00,219.82,219.84,219.5,219.56,3130
2025-03-12 04:30:00,219.66,219.8,219.63,219.7,1883
2025-03-12 04:35:00,219.76,220.16,219.67,220.08,2843
2025-03-12 04:40:00,220.08,220.51,220.01,220.38,7634
2025-03-12 04:45:00,220.42,220.45,220.32,220.44,1879
2025-03-12 04:50:00,220.42,220.49,220.33,220.49,4126
2025-03-12 04:55:00,220.52,220.77,220.44,220.59,4038
2025-03-12 05:00:00,220.6,220.98,220.6,220.96,10275
2025-03-12 05:05:00,220.96,220.96,220.74,220.75,2251
2025-03-12 05:10:00,220.77,220.79,220.44,220.49,4084
2025-03-12 05:15:00,220.44,220.49,220.38,220.43,1451
2025-03-12 05:20:00,220.41,220.55,220.4,220.49,2290
2025-03-12 05:25:00,220.45,220.47,220.2,220.31,2683
2025-03-12 05:30:00,220.3,220.42,220.22,220.41,1041
2025-03-12 05:35:00,220.4,220.49,220.35,220.44,1862
2025-03-12 05:40:00,220.49,220.49,220.2,220.25,1111
2025-03-12 05:45:00,220.24,220.3,220.17,220.3,1471
2025-03-12 05:50:00,220.31,220.36,220.21,220.31,1321
2025-03-12 05:55:00,220.31,220.34,220.24,220.25,939
2025-03-12 06:00:00,220.24,220.25,220.13,220.18,8374
2025-03-12 06:05:00,220.16,220.21,220.13,220.13,920
2025-03-12 06:10:00,220.21,220.25,220.13,220.17,1943
2025-03-12 06:15:00,220.15,220.17,220.07,220.1,2910
2025-03-12 06:20:00,220.11,220.13,220.07,220.11,1273
2025-03-12 06:25:00,220.11,220.12,220.05,220.08,1044
2025-03-12 06:30:00,220.09,220.13,219.86,220.12,13063
2025-03-12 06:35:00,220.15,220.35,220.1,220.34,3854
2025-03-12 06:40:00,220.34,220.35,220.15,220.19,4187
2025-03-12 06:45:00,220.23,220.27,220.02,220.2,3549
2025-03-12 06:50:00,220.21,220.3,220.12,220.29,2521
2025-03-12 06:55:00,220.3,220.36,220.18,220.18,2436
2025-03-12 07:00:00,220.27,220.36,220.2,220.35,5052
2025-03-12 07:05:00,220.35,220.62,220.34,220.6,3297
2025-03-12 07:10:00,220.65,220.67,220.58,220.62,716
2025-03-12 07:15:00,220.64,220.82,220.61,220.76,8552
2025-03-12 07:20:00,220.77,220.8,220.6,220.79,4053
2025-03-12 07:25:00,220.8,220.85,220.66,220.68,7384
2025-03-12 07:30:00,220.76,220.89,220.65,220.89,2951
2025-03-12 07:35:00,220.88,220.89,220.7,220.79,2455
2025-03-12 07:40:00,220.77,220.77,220.63,220.67,4332
2025-03-12 07:45:00,220.65,220.66,220.32,220.33,6334
2025-03-12 07:50:00,220.37,220.48,220.35,220.39,3058
2025-03-12 07:55:00,220.39,220.47,220.35,220.41,2586
2025-03-12 08:00:00,220.24,221.45,219.5467,220.55,96217
2025-03-12 08:05:00,220.4501,220.6,220.4001,220.54,6800
2025-03-12 08:10:00,220.5497,220.84,220.54,220.6298,5633
2025-03-12 08:15:00,220.61,220.95,220.61,220.92,17642
2025-03-12 08:20:00,220.9,221.24,220.9,221.17,33991
2025-03-12 08:25:00,221.19,221.32,220.95,221.05,25272
2025-03-12 08:30:00,221.03,222.45,220.85,221.29,84652
2025-03-12 08:35:00,221.24,221.58,220.85,221.02,85649
2025-03-12 08:40:00,221.03,221.47,220.9,221.4,47462
2025-03-12 08:45:00,221.4681,221.5,221.13,221.49,22099
2025-03-12 08:50:00,221.4999,221.7,221.4,221.64,24248
2025-03-12 08:55:00,221.6,221.86,221.54,221.72,21689
2025-03-12 09:00:00,221.7583,222.48,221.6,222.26,61680
2025-03-12 09:05:00,222.33,222.33,221.4,221.47,69885
2025-03-12 09:10:00,221.61,221.61,221.29,221.48,30275
2025-03-12 09:15:00,221.46,221.48,221.21,221.32,25834
2025-03-12 09:20:00,221.32,221.47,221.16,221.2491,21613
2025-03-12 09:25:00,221.23,221.47,220.0422,220.13,175353
2025-03-12 09:30:00,220.14,221.3,219.27,220.4365,2913215
2025-03-12 09:35:00,220.39,221.75,220.09,221.425,1329836
2025-03-12 09:40:00,221.4141,221.58,220.26,220.59,1074006
2025-03-12 09:45:00,220.6,221.0,219.75,220.26,905220
2025-03-12 09:50:00,220.32,221.64,220.2715,220.685,971707
2025-03-12 09:55:00,220.67,221.48,220.6,221.41,812717
2025-03-12 10:00:00,221.39,221.39,220.18,220.87,798984
2025-03-12 10:05:00,220.89,221.375,220.8701,221.35,483432
2025-03-12 10:10:00,221.38,221.75,220.6,220.73,731013
2025-03-12 10:15:00,220.73,220.798,220.04,220.37,1027038
2025-03-12 10:20:00,220.37,220.43,219.05,219.1,797512
2025-03-12 10:25:00,219.09,219.41,218.83,218.95,714054
2025-03-12 10:30:00,218.95,219.4,218.0,218.38,912970
2025-03-12 10:35:00,218.33,218.52,217.49,217.53,915664
2025-03-12 10:40:00,217.52,217.66,216.9049,217.11,1220957
2025-03-12 10:45:00,217.105,217.13,216.51,216.61,924886
2025-03-12 10:50:00,216.6,217.24,216.5,217.09,782010
2025-03-12 10:55:00,217.11,217.17,216.0,216.1,813824
2025-03-12 11:00:00,216.125,216.32,215.6371,215.79,1355065
2025-03-12 11:05:00,215.78,215.91,215.25,215.45,826293
2025-03-12 11:10:00,215.49,215.65,214.91,215.05,917160
2025-03-12 11:15:00,215.04,215.87,214.91,215.81,865399
2025-03-12 11:20:00,215.785,216.04,215.5,215.88,554503
2025-03-12 11:25:00,215.91,216.8,215.85,216.445,643702
2025-03-12 11:30:00,216.47,217.03,216.33,216.4391,1012730
2025-03-12 11:35:00,216.44,217.26,216.4,217.05,616605
2025-03-12 11:40:00,217.045,217.09,216.4,216.61,516427
2025-03-12 11:45:00,216.6002,217.452,216.55,217.4,461089
2025-03-12 11:50:00,217.43,217.59,217.11,217.27,393161
2025-03-12 11:55:00,217.275,217.893,216.66,217.78,461426
2025-03-12 12:00:00,217.78,217.86,217.5,217.59,432033
2025-03-12 12:05:00,217.64,218.06,217.51,217.9401,372324
2025-03-12 12:10:00,217.94,218.3,217.6,218.25,504646
2025-03-12 12:15:00,218.275,218.3997,217.82,218.3997,406641
2025-03-12 12:20:00,218.39,218.61,218.25,218.445,393879
2025-03-12 12:25:00,218.455,218.53,218.12,218.3604,378694
2025-03-12 12:30:00,218.45,218.61,218.06,218.435,465898
2025-03-12 12:35:00,218.4299,218.465,217.66,217.7001,482224
2025-03-12 12:40:00,217.695,217.7,216.88,217.07,653212
2025-03-12 12:45:00,217.1,217.97,217.03,217.93,434394
2025-03-12 12:50:00,217.93,218.2099,217.57,217.91,360430
2025-03-12 12:55:00,217.92,217.98,217.21,217.245,344351
2025-03-12 13:00:00,217.27,217.7,217.08,217.63,305708
2025-03-12 13:05:00,217.61,217.69,217.28,217.635,278325
2025-03-12 13:10:00,217.64,218.02,217.51,218.0129,307966
2025-03-12 13:15:00,217.99,218.01,217.61,217.8504,200459
2025-03-12 13:20:00,217.85,218.165,217.781,217.91,214808
2025-03-12 13:25:00,217.9,218.23,217.02,218.1898,453908
2025-03-12 13:30:00,218.17,218.22,217.52,217.595,1225122
2025-03-12 13:35:00,217.595,217.9,217.5,217.66,250176
2025-03-12 13:40:00,217.65,217.76,217.15,217.15,316946
2025-03-12 13:45:00,217.165,217.47,216.99,217.02,463285
2025-03-12 13:50:00,217.0,217.11,216.56,216.66,335689
2025-03-12 13:55:00,216.64,216.6519,216.06,216.11,568831
2025-03-12 14:00:00,216.095,216.96,216.07,216.7442,479505
2025-03-12 14:05:00,216.69,216.77,216.35,216.6098,227612
2025-03-12 14:10:00,216.61,216.87,216.4,216.6004,321585
2025-03-12 14:15:00,216.58,216.6437,216.34,216.46,253267
2025-03-12 14:20:00,216.47,216.5516,215.91,215.97,544866
2025-03-12 14:25:00,215.97,216.29,215.93,216.11,354422
2025-03-12 14:30:00,216.11,216.23,215.84,216.145,402669
2025-03-12 14:35:00,216.1344,216.28,215.99,216.11,297968
2025-03-12 14:40:00,216.1202,216.6358,216.1,216.5722,375010
2025-03-12 14:45:00,216.58,217.0899,216.51,216.965,474386
2025-03-12 14:50:00,216.95,216.95,216.45,216.54,404571
2025-03-12 14:55:00,216.53,216.665,216.19,216.43,464585
2025-03-12 15:00:00,216.42,216.45,215.6922,215.9908,609441
2025-03-12 15:05:00,215.99,216.14,215.8001,215.8888,591512
2025-03-12 15:10:00,215.88,216.11,215.63,215.68,533695
2025-03-12 15:15:00,215.67,215.95,215.39,215.84,602465
2025-03-12 15:20:00,215.8534,215.86,215.05,215.4867,750319
2025-03-12 15:25:00,215.52,215.871,215.44,215.6399,542822
2025-03-12 15:30:00,215.64,215.79,215.4,215.61,780977
2025-03-12 15:35:00,215.6,215.75,215.32,215.68,692176
2025-03-12 15:40:00,215.67,215.81,215.28,215.7656,678373
2025-03-12 15:45:00,215.77,216.53,215.63,216.11,863681
2025-03-12 15:50:00,216.11,217.0,215.63,216.81,1234139
2025-03-12 15:55:00,216.8,217.28,216.8,216.94,3065742
2025-03-12 16:00:00,216.94,217.6406,215.61,217.08,14765180
2025-03-12 16:05:00,217.01,217.1,216.94,217.1,129442
2025-03-12 16:10:00,217.0512,217.14,216.98,216.99,13380
2025-03-12 16:15:00,217.01,217.45,216.98,217.43,26531
2025-03-12 16:20:00,217.4305,217.45,216.8,217.01,21921
2025-03-12 16:25:00,216.9812,220.14,216.75,216.9812,15151
2025-03-12 16:30:00,217.0,217.17,216.98,217.17,5816
2025-03-12 16:35:00,217.0042,217.1,216.98,217.04,79879
2025-03-12 16:40:00,216.9912,217.4513,216.98,217.0,12827
2025-03-12 16:45:00,216.9805,229.701,216.98,217.3215,12416
2025-03-12 16:50:00,217.3215,217.38,212.6948,217.15,7562
2025-03-12 16:55:00,217.0037,217.17,216.98,217.07,5776
2025-03-12 17:00:00,217.1,217.17,216.98,217.11,6506
2025-03-12 17:05:00,217.15,217.17,217.1,217.1681,2631
2025-03-12 17:10:00,217.12,217.17,216.98,217.1,47480
2025-03-12 17:15:00,217.16,217.16,216.98,217.03,10930
2025-03-12 17:20:00,217.05,217.25,217.01,217.17,6175
2025-03-12 17:25:00,217.25,217.25,217.1,217.1037,2008
2025-03-12 17:30:00,217.17,217.25,217.082,217.15,963
2025-03-12 17:35:00,217.15,217.16,217.0,217.0137,3409
2025-03-12 17:40:00,217.15,217.15,217.0,217.09,8272
2025-03-12 17:45:00,217.0037,217.15,217.0037,217.02,2640
2025-03-12 17:50:00,217.0135,217.15,217.0122,217.12,1116
2025-03-12 17:55:00,217.1012,217.31,217.1,217.1247,3885
2025-03-12 18:00:00,217.25,217.31,216.95,217.1991,7786
2025-03-12 18:05:00,217.2,217.2,217.044,217.18,2030
2025-03-12 18:10:00,217.044,217.2,217.04,217.1,1672
2025-03-12 18:15:00,217.1025,217.33,217.1025,217.1537,3357
2025-03-12 18:20:00,217.28,217.45,217.15,217.29,3616
2025-03-12 18:25:00,217.2037,217.35,217.1512,217.161,3208
2025-03-12 18:30:00,217.161,217.35,217.131,217.131,3936
2025-03-12 18:35:00,217.131,247.1,217.1,217.25,2324
2025-03-12 18:40:00,217.1,217.25,217.1,217.1983,1470
2025-03-12 18:45:00,217.2,217.25,217.0,217.1,7552
2025-03-12 18:50:00,217.01,217.2,216.98,217.0,4501
2025-03-12 18:55:00,217.0992,217.2,217.0,217.2,2893
2025-03-12 19:00:00,217.2,217.36,217.0554,217.28,8288
2025-03-12 19:05:00,217.35,217.36,217.2,217.204,2596
2025-03-12 19:10:00,217.25,217.36,217.2,217.204,2942
2025-03-12 19:15:00,217.204,217.35,217.2,217.25,2482
2025-03-12 19:20:00,217.29,217.48,217.2,217.48,4057
2025-03-12 19:25:00,217.3142,217.48,217.3142,217.363,4527
2025-03-12 19:30:00,217.363,217.53,217.31,217.3145,2182
2025-03-12 19:35:00,217.3827,217.5,217.2027,217.256,5879
2025-03-12 19:40:00,217.256,217.49,217.2072,217.3,3153
2025-03-12 19:45:00,217.217,217.49,217.1,217.2167,2555
2025-03-12 19:50:00,217.2167,217.48,217.2108,217.3825,2214
2025-03-12 19:55:00,217.48,217.48,217.2265,217.48,6302
2025-03-13 04:00:00,216.9,216.9,215.2,215.45,10754
2025-03-13 04:05:00,215.55,215.81,215.4,215.7,9922
2025-03-13 04:10:00,215.61,215.68,215.51,215.55,1891
2025-03-13 04:15:00,215.51,215.55,215.11,215.29,3903
2025-03-13 04:20:00,215.29,215.61,215.29,215.51,3303
2025-03-13 04:25:00,215.49,215.68,215.39,215.63,3053
2025-03-13 04:30:00,215.63,215.68,215.51,215.55,3942
2025-03-13 04:35:00,215.55,215.57,215.45,215.46,669
2025-03-13 04:40:00,215.5,215.57,215.46,215.57,1856
2025-03-13 04:45:00,215.62,215.67,215.52,215.56,2648
2025-03-13 04:50:00,215.56,215.82,215.56,215.78,1958
2025-03-13 04:55:00,215.77,215.96,215.77,215.92,2494
2025-03-13 05:00:00,215.92,216.1,215.91,216.06,2636
2025-03-13 05:05:00,216.07,216.13,216.01,216.09,1659
2025-03-13 05:10:00,216.12,216.71,216.12,216.71,3561
2025-03-13 05:15:00,216.68,216.9,216.63,216.88,7457
2025-03-13 05:20:00,216.87,216.9,216.68,216.7,4132
2025-03-13 05:25:00,216.72,216.78,216.58,216.58,1501
2025-03-13 05:30:00,216.59,216.67,216.42,216.61,5630
2025-03-13 05:35:00,216.56,216.77,216.45,216.7,4733
2025-03-13 05:40:00,216.72,216.72,216.58,216.66,655
2025-03-13 05:45:00,216.64,216.92,216.64,216.89,2107
2025-03-13 05:50:00,216.9,216.91,216.81,216.91,2974
2025-03-13 05:55:00,216.9,216.98,216.89,216.96,3734
2025-03-13 06:00:00,216.96,216.97,216.77,216.83,1597
2025-03-13 06:05:00,216.8,216.81,216.64,216.69,4028
2025-03-13 06:10:00,216.75,216.75,216.65,216.73,2393
2025-03-13 06:15:00,216.73,216.75,216.65,216.74,2725
2025-03-13 06:20:00,216.68,216.8,216.67,216.77,1140
2025-03-13 06:25:00,216.77,216.98,216.76,216.88,4269
2025-03-13 06:30:00,216.9,216.92,216.74,216.79,1187
2025-03-13 06:35:00,216.77,216.79,216.72,216.75,1356
2025-03-13 06:40:00,216.77,216.8,216.72,216.73,1248
2025-03-13 06:45:00,216.78,216.79,216.7,216.7,2826
2025-03-13 06:50:00,216.71,216.72,216.5,216.5,4090
2025-03-13 06:55:00,216.57,216.57,216.3,216.3,3104
2025-03-13 07:00:00,216.39,216.49,216.25,216.27,3851
2025-03-13 07:05:00,216.24,216.25,216.09,216.1,3596
2025-03-13 07:10:00,216.13,216.2,216.07,216.08,2788
2025-03-13 07:15:00,216.08,216.38,216.0,216.06,10283
2025-03-13 07:20:00,216.03,216.03,215.78,215.82,7472
2025-03-13 07:25:00,215.83,215.86,215.65,215.67,9951
2025-03-13 07:30:00,215.76,215.94,215.73,215.79,8499
2025-03-13 07:35:00,215.8,215.89,215.74,215.89,1777
2025-03-13 07:40:00,215.89,216.13,215.89,216.0,2452
2025-03-13 07:45:00,216.03,216.03,215.65,215.69,7212
2025-03-13 07:50:00,215.69,216.0,215.65,216.0,6534
2025-03-13 07:55:00,215.96,216.46,215.94,216.27,9629
2025-03-13 08:00:00,216.25,216.98,215.0,216.0537,74680
2025-03-13 08:05:00,216.13,216.98,216.0,216.0092,7744
2025-03-13 08:10:00,216.007,216.32,216.0057,216.0327,4793
2025-03-13 08:15:00,216.14,216.98,216.0147,216.0537,17668
2025-03-13 08:20:00,216.0537,216.2,216.05,216.0517,16744
2025-03-13 08:25:00,216.0512,216.2,215.7832,215.9172,12888
2025-03-13 08:30:00,216.05,216.75,215.91,216.5062,17694
2025-03-13 08:35:00,216.5062,216.74,216.1962,216.2542,6245
2025-03-13 08:40:00,216.2542,216.5,216.2525,216.35,6608
2025-03-13 08:45:00,216.32,216.3499,216.12,216.14,13438
2025-03-13 08:50:00,216.1312,216.48,216.13,216.253,5327
2025-03-13 08:55:00,216.253,216.37,215.8342,215.91,18740
2025-03-13 09:00:00,215.98,216.2,215.9116,216.14,19192
2025-03-13 09:05:00,216.2,216.3,216.003,216.212,10975
2025-03-13 09:10:00,216.27,216.98,215.835,215.8755,80865
2025-03-13 09:15:00,216.05,216.08,215.8,215.97,11123
2025-03-13 09:20:00,215.98,216.98,215.61,215.6527,49783
2025-03-13 09:25:00,215.75,215.9,215.06,215.87,90502
2025-03-13 09:30:00,215.95,216.03,214.37,214.88,2714313
2025-03-13 09:35:00,214.92,216.42,214.65,216.42,1157599
2025-03-13 09:40:00,216.405,216.8394,215.39,215.52,756562
2025-03-13 09:45:00,215.4806,215.805,215.13,215.51,589466
2025-03-13 09:50:00,215.5,215.79,214.91,215.2,556231
2025-03-13 09:55:00,215.2,215.37,214.45,215.265,835195
2025-03-13 10:00:00,215.275,215.52,214.6,215.1,1008477
2025-03-13 10:05:00,215.105,215.46,214.8,214.905,564505
2025-03-13 10:10:00,214.91,215.219,214.5,215.055,674686
2025-03-13 10:15:00,215.0783,215.8,214.9644,215.68,642494
2025-03-13 10:20:00,215.68,215.935,214.85,215.25,551751
2025-03-13 10:25:00,215.265,215.49,214.22,214.29,635808
2025-03-13 10:30:00,214.3,214.82,214.2,214.435,705106
2025-03-13 10:35:00,214.41,214.58,213.71,214.0,793009
2025-03-13 10:40:00,214.0,214.06,213.65,213.75,618888
2025-03-13 10:45:00,213.75,214.34,213.72,214.04,554748
2025-03-13 10:50:00,214.03,214.78,213.98,214.46,514876
2025-03-13 10:55:00,214.46,214.65,214.03,214.225,470012
2025-03-13 11:00:00,214.24,214.8,214.2327,214.63,484865
2025-03-13 11:05:00,214.635,214.75,214.05,214.16,364312
2025-03-13 11:10:00,214.18,214.3,213.77,213.8852,321019
2025-03-13 11:15:00,213.92,214.14,213.72,213.9603,392469
2025-03-13 11:20:00,213.96,213.98,213.63,213.8601,372183
2025-03-13 11:25:00,213.89,214.13,213.74,214.0402,402941
2025-03-13 11:30:00,214.045,214.35,213.9948,214.14,349093
2025-03-13 11:35:00,214.14,214.18,213.03,213.055,653823
2025-03-13 11:40:00,213.09,214.12,212.82,213.45,1014014
2025-03-13 11:45:00,213.41,213.84,213.18,213.54,450275
2025-03-13 11:50:00,213.55,213.565,212.66,212.68,564573
2025-03-13 11:55:00,212.69,212.765,212.0,212.0757,1141042
2025-03-13 12:00:00,212.08,212.21,211.65,212.04,1297967
2025-03-13 12:05:00,212.06,212.33,211.55,212.12,881920
2025-03-13 12:10:00,212.11,212.23,211.74,211.96,589536
2025-03-13 12:15:00,211.97,212.32,211.79,212.21,447563
2025-03-13 12:20:00,212.205,212.29,211.78,211.84,443400
2025-03-13 12:25:00,211.86,212.1093,211.72,211.94,386186
2025-03-13 12:30:00,211.9338,212.71,211.8,212.68,550724
2025-03-13 12:35:00,212.66,212.93,212.43,212.74,483648
2025-03-13 12:40:00,212.7598,212.9,212.0,212.105,383323
2025-03-13 12:45:00,212.09,212.1401,211.41,211.51,776909
2025-03-13 12:50:00,211.51,211.86,211.27,211.39,521538
2025-03-13 12:55:00,211.37,211.55,211.13,211.49,548824
2025-03-13 13:00:00,211.49,211.6149,211.08,211.38,445520
2025-03-13 13:05:00,211.395,211.7,211.03,211.195,403735
2025-03-13 13:10:00,211.2,211.27,210.93,211.2,467474
2025-03-13 13:15:00,211.205,211.2105,210.69,210.84,470238
2025-03-13 13:20:00,210.855,211.1399,210.72,210.76,433631
2025-03-13 13:25:00,210.74,211.221,210.71,211.155,513820
2025-03-13 13:30:00,211.14,211.27,210.6,210.6009,396090
2025-03-13 13:35:00,210.6,211.14,210.5503,210.9704,400315
2025-03-13 13:40:00,210.99,211.23,210.72,210.77,502227
2025-03-13 13:45:00,210.775,210.93,210.5,210.875,373475
2025-03-13 13:50:00,210.88,211.34,210.81,211.3399,454702
2025-03-13 13:55:00,211.32,211.36,211.02,211.115,293023
2025-03-13 14:00:00,211.1,211.82,211.04,211.6906,414020
2025-03-13 14:05:00,211.71,211.98,211.598,211.83,380257
2025-03-13 14:10:00,211.84,212.47,211.8,212.3033,477627
2025-03-13 14:15:00,212.31,212.3299,211.44,211.485,619696
2025-03-13 14:20:00,211.45,211.94,211.4,211.9,356838
2025-03-13 14:25:00,211.94,212.33,211.94,212.28,365665
2025-03-13 14:30:00,212.286,212.4699,212.0389,212.08,451317
2025-03-13 14:35:00,212.1,212.41,212.08,212.1935,318161
2025-03-13 14:40:00,212.2,212.35,212.1301,212.23,535944
2025-03-13 14:45:00,212.23,212.25,211.78,212.145,697947
2025-03-13 14:50:00,212.16,212.2,211.39,211.76,476023
2025-03-13 14:55:00,211.76,211.99,211.71,211.92,293424
2025-03-13 15:00:00,211.91,212.29,211.77,211.92,389985
2025-03-13 15:05:00,211.89,211.939,211.08,211.105,575039
2025-03-13 15:10:00,211.09,211.3499,210.86,211.0334,573142
2025-03-13 15:15:00,211.05,211.47,210.9403,211.3473,456351
2025-03-13 15:20:00,211.33,211.35,211.03,211.1,433703
2025-03-13 15:25:00,211.1,211.14,210.36,210.63,696299
2025-03-13 15:30:00,210.67,210.71,210.12,210.3099,838204
2025-03-13 15:35:00,210.26,210.3166,209.165,209.175,1788441
2025-03-13 15:40:00,209.18,209.33,208.42,208.97,1530300
2025-03-13 15:45:00,208.98,209.28,208.76,208.8299,1251247
2025-03-13 15:50:00,208.82,209.2,208.52,209.13,1585512
2025-03-13 15:55:00,209.14,209.76,209.07,209.71,2516241
2025-03-13 16:00:00,209.71,209.96,209.6,209.8,14240098
2025-03-13 16:05:00,209.865,209.99,209.68,209.9,56399
2025-03-13 16:10:00,209.93,211.5036,209.68,210.02,74133
2025-03-13 16:15:00,209.68,210.26,209.68,209.91,14673
2025-03-13 16:20:00,209.68,210.0,209.68,210.0,23745
2025-03-13 16:25:00,209.9999,247.1,209.8715,209.88,14844
2025-03-13 16:30:00,209.98,209.98,209.9,209.9,8207
2025-03-13 16:35:00,209.9,209.99,209.68,209.95,119370
2025-03-13 16:40:00,209.95,209.99,209.68,209.88,582938
2025-03-13 16:45:00,209.88,265.1391,209.8,209.8,8629
2025-03-13 16:50:00,209.8,258.8842,202.0051,209.82,12349
2025-03-13 16:55:00,209.86,264.1472,209.75,209.85,5005
2025-03-13 17:00:00,213.7223,258.4298,209.75,209.83,5088
2025-03-13 17:05:00,209.83,209.83,209.68,209.73,74863
2025-03-13 17:10:00,209.71,209.85,209.7,209.8333,11135
2025-03-13 17:15:00,209.838,209.94,209.76,209.84,5059
2025-03-13 17:20:00,209.84,209.84,209.7,209.72,2345
2025-03-13 17:25:00,209.73,209.9,209.72,209.76,2185
2025-03-13 17:30:00,209.75,209.9,209.73,209.76,947
2025-03-13 17:35:00,209.79,209.9,209.73,209.73,3350
2025-03-13 17:40:00,209.8,209.8,209.7,209.7499,915
2025-03-13 17:45:00,209.75,209.8852,209.68,209.7232,8944
2025-03-13 17:50:00,209.8,209.85,209.7992,209.82,2313
2025-03-13 17:55:00,209.8,209.94,209.79,209.92,10806
2025-03-13 18:00:00,209.93,210.37,209.9,210.11,7546
2025-03-13 18:05:00,210.16,210.39,210.01,210.33,9635
2025-03-13 18:10:00,210.32,210.45,210.193,210.35,12745
2025-03-13 18:15:00,210.35,210.46,210.22,210.3,8345
2025-03-13 18:20:00,210.3,210.34,210.2,210.25,3171
2025-03-13 18:25:00,210.25,210.48,210.22,210.48,5174
2025-03-13 18:30:00,210.48,210.71,210.3,210.5,4169
2025-03-13 18:35:00,210.5,210.8,210.4,210.55,7375
2025-03-13 18:40:00,210.64,210.88,210.5,210.6,12750
2025-03-13 18:45:00,210.6,210.6,210.52,210.59,2725
2025-03-13 18:50:00,210.59,210.75,210.52,210.69,5913
2025-03-13 18:55:00,210.69,210.7,210.45,210.51,6182
2025-03-13 19:00:00,210.51,210.6,210.38,210.39,4392
2025-03-13 19:05:00,210.38,210.69,209.68,210.5,5382
2025-03-13 19:10:00,210.344,238.955,210.34,210.54,5458
2025-03-13 19:15:00,210.59,210.64,210.3037,210.4486,1313
2025-03-13 19:20:00,210.45,210.45,209.68,210.38,3520
2025-03-13 19:25:00,210.38,210.5,210.2201,210.45,1084
2025-03-13 19:30:00,210.3825,210.5,209.68,210.45,19936
2025-03-13 19:35:00,210.25,210.45,210.13,210.32,2786
2025-03-13 19:40:00,210.0679,210.28,210.02,210.1017,1467
2025-03-13 19:45:00,210.15,210.32,210.05,210.2989,2199
2025-03-13 19:50:00,210.2783,210.5,210.116,210.2999,3815
2025-03-13 19:55:00,210.3,210.49,210.2,210.2,6669
