,open,high,low,close,volume
2023-01-01 09:30:00,149.4717897149615,150.11649374939955,149.4638945557564,150.0,19428
2023-01-01 09:31:00,149.36511637969855,150.53760665085036,148.89048756994447,150.23852136885506,17642
2023-01-01 09:32:00,149.0422190484415,150.23471352862882,149.03111917199658,150.19122734849378,87491
2023-01-01 09:33:00,150.2753550987812,151.05124620829346,150.0435003730635,150.4980778806593,41771
2023-01-01 09:34:00,150.6624408028621,151.34132650679211,150.17184059878738,151.20076688628018,11097
2023-01-01 09:35:00,151.2133863725929,152.31809456267627,151.06072145436457,151.1096744534873,79743
2023-01-01 09:36:00,150.68023427844506,152.73805692284398,150.44066767925756,151.01864434290627,89096
2023-01-01 09:37:00,152.4727781441763,152.6858990944299,150.6280034471688,151.74921794292115,24426
2023-01-01 09:38:00,152.49588977902926,152.89864711231323,151.9270470797882,152.11376572462902,67333
2023-01-01 09:39:00,152.21452254692844,152.24914585617643,151.72090309127515,151.914736550934,44463
2023-01-01 09:40:00,151.66765502028989,153.15727538707225,150.88017366835672,152.1771966228424,72249
2023-01-01 09:41:00,151.96791946365718,151.99187497660037,151.9176760071154,151.9808495264318,41079
2023-01-01 09:42:00,151.47873125468558,152.72182793460493,151.15879050590934,151.78370160059242,21404
2023-01-01 09:43:00,152.2240395384655,152.86178455089492,151.19080634359707,151.90905775843044,72447
2023-01-01 09:44:00,150.79229394002382,151.60441155084942,150.6713873130518,151.05231486662493,4954
2023-01-01 09:45:00,149.8807019823326,150.6903571415401,149.87901386973587,150.28576160344414,70848
2023-01-01 09:46:00,150.44593921218893,150.5842486268708,148.56419526590494,150.04727875088818,97411
2023-01-01 09:47:00,150.43533089745196,151.39742473044348,149.23592916288754,149.6063658184421,56331
2023-01-01 09:48:00,151.26240005896003,151.398591573495,149.53446961836892,149.7623666592171,56931
2023-01-01 09:49:00,149.38490172080012,149.8822506153,149.135669364167,149.3693793922822,19440
2023-01-01 09:50:00,148.83808787304784,149.9592277972148,148.29139576825207,148.75145154807583,59407
2023-01-01 09:51:00,148.645942747498,149.70664451910446,147.93687623081587,149.42037883874082,82364
2023-01-01 09:52:00,149.57011398811497,149.70677429342868,149.2418785159361,149.33411413557016,31898
2023-01-01 09:53:00,150.0241695677549,150.64325150495307,149.21742412573337,149.37930034086244,47720
2023-01-01 09:54:00,148.85863235447923,148.8824839247661,148.5629509272181,148.7557546092411,46428
2023-01-01 09:55:00,148.45302412955667,149.13132404698683,148.43531708525578,148.5276899957531,16427
2023-01-01 09:56:00,148.84808735363046,149.2071824374005,147.97657899317488,148.59196799280653,96177
2023-01-01 09:57:00,148.29612237828516,148.88684358352768,148.0047387154262,148.09374198715705,23169
2023-01-01 09:58:00,148.27867818975457,149.8134440993001,147.94124488918365,148.27546693753766,46419
2023-01-01 09:59:00,147.9554556021263,148.03942288359767,147.8679226165789,148.02311453760603,52065
2023-01-01 10:00:00,148.15994536092208,148.7380482116318,147.57001315533284,147.90838459705313,68487
2023-01-01 10:01:00,147.39871327239405,147.79400459164358,147.33595549438945,147.65618307646417,88490
2023-01-01 10:02:00,147.55078406784042,149.03274826269146,147.1758921398281,148.491449674933,80363
2023-01-01 10:03:00,148.326846039106,148.76102701464418,148.02740914867817,148.5002861524967,75501
2023-01-01 10:04:00,147.8536725353007,148.2968286631283,147.54722669665446,148.04392505426222,99632
2023-01-01 10:05:00,147.93299554592488,148.6253961150706,147.6108033572936,148.42404777873114,9985
2023-01-01 10:06:00,147.33352174432824,148.79491532345673,147.07856643928497,147.89528251480803,33641
2023-01-01 10:07:00,147.68694824694944,148.83268954874185,147.6819151289195,148.00274186423036,23897
2023-01-01 10:08:00,147.64892105197305,147.66932949010663,146.9836758385837,147.14743248396593,46652
2023-01-01 10:09:00,146.51963718296062,146.59009027608357,145.34314987591267,146.57582972634503,6973
2023-01-01 10:10:00,146.5451582940908,146.77863544522745,146.32646671744934,146.6770526062831,84330
2023-01-01 10:11:00,147.321484885829,147.32826312515775,145.9584366582387,147.01666861574964,74250
2023-01-01 10:12:00,147.2246096494543,147.33142926865037,147.00410879446693,147.1069522640321,67673
2023-01-01 10:13:00,146.96033029458422,147.8404748196562,146.89524402993305,147.07062496018838,55309
2023-01-01 10:14:00,146.40738756151046,147.1988062453078,146.30179274806187,146.95248149661998,57718
2023-01-01 10:15:00,147.10480376136866,147.29645114545443,145.01192006985343,146.3153593184742,69809
2023-01-01 10:16:00,145.98750223594706,146.55693598132154,145.01770869389546,146.01401806239227,23627
2023-01-01 10:17:00,145.94679738838087,145.976222893453,145.78857982758606,145.82684031072904,53621
2023-01-01 10:18:00,146.30395940885924,146.32686006379228,146.10174872926314,146.30389337697537,98729
2023-01-01 10:19:00,146.8213420084406,147.64664652964143,146.1516866919658,146.46934184711128,56084
2023-01-01 10:20:00,145.56052157758884,145.72427410923788,145.55217006507567,145.70929478767798,16151
2023-01-01 10:21:00,145.69653124208563,146.07644150847344,145.6084101310493,145.86553185705424,76691
2023-01-01 10:22:00,145.4689489010943,146.57052190176714,145.39038488157652,145.71160771531498,27741
2023-01-01 10:23:00,144.8018163415743,145.59000563899238,144.61844393558698,145.43027269719917,89484
2023-01-01 10:24:00,145.46974379758453,146.15575980682186,144.99196959694174,145.7116844729345,39130
2023-01-01 10:25:00,146.0153522016186,147.31374055057782,145.84131635837514,146.17694167272285,71172
2023-01-01 10:26:00,146.0639423333851,146.74717381331618,145.92723052608963,146.59995440584916,61916
2023-01-01 10:27:00,146.15260229866675,146.31922786686914,146.0185564171227,146.24552664936667,60219
2023-01-01 10:28:00,145.8180987370404,146.15465396340275,145.64458968757177,146.124488421773,98185
2023-01-01 10:29:00,146.2192240218771,147.04291837953352,145.49561504856774,146.28431796895526,38236
2023-01-01 10:30:00,146.68205980398739,146.97242317377425,146.46375263920504,146.72706726145924,68882
2023-01-01 10:31:00,146.9578919113899,147.6137318866908,145.76900772552327,146.53081647630654,14984
2023-01-01 10:32:00,147.06074407220558,147.19148002871094,145.1100436727298,146.46385527364404,2042
2023-01-01 10:33:00,145.15152003771954,146.0916071629948,145.03785809120467,145.99238740262044,14063
2023-01-01 10:34:00,145.30986884538285,145.54451789802224,145.2840108798644,145.4830754587316,54918
2023-01-01 10:35:00,146.34904856046393,146.6320159017318,144.70960361026346,145.8522500328721,21490
2023-01-01 10:36:00,146.59834408817287,147.16056334494965,146.02155300592645,146.4602672371305,41967
2023-01-01 10:37:00,147.7177727241521,148.14543724136357,146.31464223136572,146.4432733989029,57472
2023-01-01 10:38:00,146.34338441829783,146.9112905134777,146.18745422771985,146.8987996538352,73838
2023-01-01 10:39:00,147.20678625710872,147.44423570993777,146.0567574871787,147.07286122777384,22876
2023-01-01 10:40:00,146.81719907606237,146.8649674887765,146.23770162947966,146.8029296894636,82830
2023-01-01 10:41:00,146.9065570754998,147.50117363931463,145.86992848703102,146.97677178342914,61650
2023-01-01 10:42:00,147.52225866634475,149.01399144993337,147.34561231621984,147.6696364088796,3302
2023-01-01 10:43:00,148.04701372224818,148.189634789295,146.8275144139033,147.66853211801248,20017
2023-01-01 10:44:00,148.8163881547315,149.40911404689228,146.55277266212113,148.37644486704974,43311
2023-01-01 10:45:00,147.98722549177143,148.47959059745267,146.50319082551545,147.22515711652838,1361
2023-01-01 10:46:00,147.52521434482205,147.6878464279056,147.51901341399352,147.60289380826336,39261
2023-01-01 10:47:00,147.62289756751872,147.91158496210178,146.47559699542012,147.65619929515262,18171
2023-01-01 10:48:00,147.20093519426365,148.19443621863655,147.04194832474937,147.53851404828882,42226
2023-01-01 10:49:00,147.6029030746539,148.42170064870967,147.36873894845178,147.59388264554755,30327
2023-01-01 10:50:00,146.9291516378487,147.2911873626464,146.43503803976287,146.72858299441748,71628
2023-01-01 10:51:00,146.34549390546155,146.6964722386241,146.2189631882073,146.64655941823858,83473
2023-01-01 10:52:00,146.96834328882412,147.57354280099176,145.78645788531261,146.818332063992,65223
2023-01-01 10:53:00,147.6509001133497,147.85391219799874,147.33593113875685,147.48395971304717,80353
2023-01-01 10:54:00,145.90837224414625,147.45225194886663,145.72115478135834,147.26939847704145,76315
2023-01-01 10:55:00,146.79436778218957,146.98431431082275,146.43212076608583,146.9269263171773,71052
2023-01-01 10:56:00,146.9438630140266,147.01406808174198,146.0908649195947,146.7204541492934,64624
2023-01-01 10:57:00,146.82481806871002,147.28640491505647,146.73616973025707,147.13805083802376,96650
2023-01-01 10:58:00,147.58374047460077,148.0564436984163,146.88330230101897,147.29788003556604,15530
2023-01-01 10:59:00,147.03809475778158,147.1123984755395,146.99949799197645,147.0785121587433,10310
2023-01-01 11:00:00,147.652592116052,148.1105692529903,147.26307290079959,147.3196918411647,35281
2023-01-01 11:01:00,146.70437713031913,147.43707675695995,146.4094472889829,147.37732811431277,60270
2023-01-01 11:02:00,147.61367402809793,148.1755824770203,147.3055792216486,147.82033477891238,90345
2023-01-01 11:03:00,146.24262517023897,149.39687956780472,146.14871480466647,147.5237836422817,47104
2023-01-01 11:04:00,147.413253670817,147.42292301045276,146.89879019011508,147.39352214177856,22735
2023-01-01 11:05:00,147.85613763901233,148.2686441010873,147.16921346036406,147.23487888874078,73285
2023-01-01 11:06:00,146.54949064607734,146.70151725337942,146.39703435830262,146.60316103820938,94173
2023-01-01 11:07:00,146.83847271766268,147.12913229658437,146.65750026958838,146.74805786030873,8005
2023-01-01 11:08:00,147.39010187334776,148.1065596384473,146.5511575675794,146.87766072865452,58564
2023-01-01 11:09:00,146.86164036220137,147.3275385297872,146.57596137849896,146.89460165237705,52496
2023-01-01 11:10:00,146.8701134792284,147.96746127438112,146.25310197782557,146.80591236201255,30898
2023-01-01 11:11:00,146.03424795853016,146.79433515107795,145.37640344891247,146.19723857389712,90074
2023-01-01 11:12:00,144.982309461706,147.03539271169558,144.1997088182643,146.02736674393256,22708
2023-01-01 11:13:00,145.659635858598,146.209989968259,145.53878557467613,145.891832385427,46024
2023-01-01 11:14:00,145.43401246839645,145.7427745812659,145.04641413893643,145.55528446600178,92003
2023-01-01 11:15:00,145.35821059017326,145.5500701640873,144.32985770432927,145.49941203152284,15412
2023-01-01 11:16:00,145.59449707791657,146.19235244303107,145.4866451125988,145.69032945901805,55821
2023-01-01 11:17:00,146.45554942741995,147.030157877322,146.43610344737255,146.5292956280689,30378
2023-01-01 11:18:00,146.40914713035295,146.82136270976332,146.27406848848702,146.62069084947132,94638
2023-01-01 11:19:00,146.71838831923142,146.7591103416126,144.7510573598319,146.74863956720526,79580
2023-01-01 11:20:00,146.80062596582718,146.84029286597067,146.60865041128332,146.73053992058192,32309
2023-01-01 11:21:00,145.60414686237263,145.9719511759254,145.06184620512508,145.90058596535928,84775
2023-01-01 11:22:00,146.1823999335201,146.22164485165288,145.66695486679035,145.90357085406305,3435
2023-01-01 11:23:00,145.7992154380685,146.56029339970758,145.1882917593515,145.9445246192595,89700
2023-01-01 11:24:00,147.31092734889086,147.32626907732555,146.40866851763562,147.03760916910784,4386
2023-01-01 11:25:00,146.92472714179684,147.3007716024556,146.76638826646524,146.9674600409481,71976
2023-01-01 11:26:00,146.80673341697963,148.27895440185654,146.3410419009539,147.11510972790683,46503
2023-01-01 11:27:00,147.011467620135,147.15144747603895,146.76471129639418,147.1145013614525,72972
2023-01-01 11:28:00,146.20234354438622,146.96493556939333,145.7385998114991,146.61342435131922,73939
2023-01-01 11:29:00,146.9627571916027,147.6669934983364,145.78216651942603,147.13074519254295,89778
2023-01-01 11:30:00,147.1113752512248,147.98788597626265,146.72672759797817,147.47735566936447,44464
2023-01-01 11:31:00,147.7770572937964,148.3292499946353,146.88402862323687,147.84208130433112,69475
2023-01-01 11:32:00,147.4748322585686,147.87679416125454,147.32179267377774,147.45352831037485,83758
2023-01-01 11:33:00,147.58000174139605,148.4859990679123,147.53134083631664,148.08881457512965,28277
2023-01-01 11:34:00,148.13638663343326,148.24321624081978,147.02736574300775,147.48082807028777,87679
2023-01-01 11:35:00,147.9498910730293,148.05624846609868,147.14561379079288,147.75522666355255,55012
2023-01-01 11:36:00,149.39157984061882,149.41621190133583,148.5727016407357,148.7409559886829,4138
2023-01-01 11:37:00,148.14443554602198,148.4053989416586,147.4848048890857,148.3138301244574,50327
2023-01-01 11:38:00,147.86483406161324,148.16871128548388,147.21095046898307,148.07669215166533,87525
2023-01-01 11:39:00,148.17424599828954,148.2923357804999,148.02455663239925,148.13576795441222,69698
2023-01-01 11:40:00,146.87635305571777,148.47905254745797,146.6454210777188,147.92683327320108,3752
2023-01-01 11:41:00,147.06411655879867,147.49318408329415,146.96397069957138,147.2534717640379,26765
2023-01-01 11:42:00,147.7657745078794,148.9746137134339,147.27329402828764,147.2984855194383,1837
2023-01-01 11:43:00,147.33185149380233,147.46950765821455,146.2163065840586,146.84378818340963,95010
2023-01-01 11:44:00,146.8550853192233,147.4480834686961,146.7310625521595,147.06710488193633,78579
2023-01-01 11:45:00,146.9546788997127,147.06426627258872,145.64339393474276,146.67616041156336,57997
2023-01-01 11:46:00,147.68060778207044,148.01338978448163,147.31604683926943,147.37284330985776,36501
2023-01-01 11:47:00,146.82624536419218,147.04927938924882,146.26513658006735,147.04128980001855,45770
2023-01-01 11:48:00,146.2079686397477,147.01481986601192,146.10799634630808,146.91392490678507,90608
2023-01-01 11:49:00,147.53014284908815,149.4362149048103,146.8286095180922,147.28716732142485,69189
2023-01-01 11:50:00,146.8722468937799,146.89314886321526,146.38926101087947,146.75802448258324,89060
2023-01-01 11:51:00,146.4405278401627,147.7028078237583,145.98272893527897,146.87284499698583,61594
2023-01-01 11:52:00,146.74867428315412,147.6647791642202,146.36252874992817,147.4634836069015,86269
2023-01-01 11:53:00,146.96853999458156,148.28953917696558,146.64323449471777,146.76709472243792,38448
2023-01-01 11:54:00,146.69070974618603,146.9305912320667,146.65515865375895,146.8630659569227,85306
2023-01-01 11:55:00,146.93748969182542,147.0040317771897,146.91724632100275,146.99225381537673,38959
2023-01-01 11:56:00,147.07507421580243,147.93714741954594,145.52692091846689,147.35171875877913,50525
2023-01-01 11:57:00,146.94477787541166,147.53438789731155,146.45180418317946,146.81965349085166,79340
2023-01-01 11:58:00,145.96085167270311,146.6209706628501,145.14169307470254,146.25272850905253,82746
2023-01-01 11:59:00,146.4348632363018,146.60668194066295,146.4109073067458,146.4963599161847,35029
2023-01-01 12:00:00,146.942497557075,147.203256730853,145.8855162211469,146.641531072915,74169
2023-01-01 12:01:00,147.33417437871546,147.59420155363145,146.38984401532952,146.7663931913149,9312
2023-01-01 12:02:00,145.66630080643162,147.161280487387,145.63331210482326,146.9336106930404,39300
2023-01-01 12:03:00,146.5953599770882,147.58239595204435,145.9813251615566,146.64854859100353,55994
2023-01-01 12:04:00,146.34894751074611,147.06965684755426,146.29572365951952,146.7653924486433,86765
2023-01-01 12:05:00,147.4337104997645,147.64010826973063,146.64730640450645,146.9091076775669,3884
2023-01-01 12:06:00,146.77871118076368,147.01190681361425,146.1243212634391,146.60896440016327,21522
2023-01-01 12:07:00,148.62763807278589,148.7722955907016,147.29637777365215,147.44424310325275,6623
2023-01-01 12:08:00,147.85183534931775,148.6295975782183,147.61104563832842,147.6685793367068,12460
2023-01-01 12:09:00,147.55785561674332,148.51900206801992,146.7512272407741,147.15559190966817,11234
2023-01-01 12:10:00,146.56986226210626,147.55223327033337,146.34762701039045,147.46015407355594,85039
2023-01-01 12:11:00,146.53101940134252,147.0552612727342,146.22149696212762,147.04371996117013,64578
2023-01-01 12:12:00,146.9900017194527,147.5667899437337,146.35950563812696,147.40563187734162,90636
2023-01-01 12:13:00,147.79348388322157,148.262850026475,147.7670420523534,147.93272298077102,83410
2023-01-01 12:14:00,147.53412276197514,147.73135399099252,147.03962911780084,147.58329894290128,47905
2023-01-01 12:15:00,147.96318272710886,148.29659484742245,147.56655921539289,148.02459195462572,30420
2023-01-01 12:16:00,148.7821289810198,148.99377697691872,147.75636596321098,148.22269959865048,36813
2023-01-01 12:17:00,147.42110151788438,150.05569700231126,146.4378379793979,148.603065797051,1382
2023-01-01 12:18:00,149.62032384146278,149.7392488225362,148.50914600221913,149.46353386084482,39353
2023-01-01 12:19:00,149.5268671156767,149.52813193053498,148.5594795899432,149.36845048927518,10369
2023-01-01 12:20:00,149.66047904708392,149.72973577859943,148.87155249040455,149.0456341254807,35985
2023-01-01 12:21:00,149.31432311976772,149.94960662017513,147.08935457427785,148.66280396221134,43255
2023-01-01 12:22:00,148.58026737045094,148.78502866862615,147.6937320116131,148.31382830921504,59261
2023-01-01 12:23:00,148.22790366566343,148.3249713046804,148.09724971425211,148.2943539429688,90197
2023-01-01 12:24:00,147.89182185588172,148.87369397405564,147.661275869914,148.4609561134685,62590
2023-01-01 12:25:00,148.89218809444043,149.03835729768835,148.585764055983,148.59903555092887,46486
2023-01-01 12:26:00,149.89147273898516,150.35818809647566,148.73340050657063,148.98265135357587,48883
2023-01-01 12:27:00,149.31188949751532,149.32271561332206,148.58195477091888,149.00336078768495,56318
2023-01-01 12:28:00,149.99146342836102,150.4383770853016,149.46406939099325,149.66800551131132,52566
2023-01-01 12:29:00,149.0710372846833,149.8160774808316,148.79355687504938,149.56414033073546,1650
2023-01-01 12:30:00,150.92791391639383,151.4378258719225,149.82585097068178,150.79961603363398,41937
2023-01-01 12:31:00,151.77787538262172,151.79708211008784,150.86580982893562,151.09774718266058,22299
2023-01-01 12:32:00,150.58759443344732,150.97359232529774,150.50445715671657,150.72431323011355,27862
2023-01-01 12:33:00,150.27168520665163,150.63842851838118,150.0943006561456,150.25515705249595,97689
2023-01-01 12:34:00,150.37999610609396,150.60012096315288,150.11962389831422,150.48766447377878,17312
2023-01-01 12:35:00,150.4660595525221,150.98143926477482,150.36033923828853,150.40182806224468,11943
2023-01-01 12:36:00,150.7784687214457,152.53411511153251,150.73857057352464,150.7390291836973,69734
2023-01-01 12:37:00,150.57965366009046,151.5925405822063,150.0648465575152,150.96810922691992,18325
2023-01-01 12:38:00,151.55370399117766,151.8256120073215,149.80593114183682,150.95022150812002,75268
2023-01-01 12:39:00,149.51269287903438,150.96279205217837,149.44679490987932,150.58184543232852,72341
2023-01-01 12:40:00,150.23811469719095,150.68153080796083,149.905066661481,149.91257814494804,53879
2023-01-01 12:41:00,149.63971711917947,149.77341813332623,149.2111748670552,149.72675477982864,85449
2023-01-01 12:42:00,150.19215546966396,150.20685006257344,149.89297975068294,150.12640489212086,67738
2023-01-01 12:43:00,151.03184893588067,151.04800803321407,149.93547507355913,150.23784090495855,65010
2023-01-01 12:44:00,149.4571361106928,149.8225937878756,149.19034756263642,149.69139337571323,83570
2023-01-01 12:45:00,150.0641864482226,150.08319080235944,149.70015978629272,149.78413359734108,4006
2023-01-01 12:46:00,148.5979042883744,150.24250035157993,148.53751547457136,149.97225530034888,62876
2023-01-01 12:47:00,149.6875378569196,149.96677131343634,148.867786381827,149.58959024666572,64228
2023-01-01 12:48:00,149.57380753128461,149.8912848329105,149.0026248531667,149.67353623251742,53056
2023-01-01 12:49:00,148.26980410015216,150.09417359609463,147.66323071736596,149.71464050032878,9505
2023-01-01 12:50:00,148.9742906239933,149.59966543432893,148.33033664646433,149.21625380265203,21498
2023-01-01 12:51:00,149.16846599417525,150.28690326743384,149.00200226690447,149.39133849673962,17505
2023-01-01 12:52:00,150.69518592414218,150.99313248776184,148.67272787191663,149.65760668359653,63518
2023-01-01 12:53:00,150.06671973433495,150.1689314704471,150.0097484282987,150.1588330151728,7603
2023-01-01 12:54:00,150.173939185329,150.81793090509828,149.09582314385912,150.64856195756198,25744
2023-01-01 12:55:00,149.88003028001708,150.73777952699783,149.71813489145245,150.04099508635056,70218
2023-01-01 12:56:00,149.32963074662342,151.8302317349248,148.68020622724913,149.6338625792419,14460
2023-01-01 12:57:00,150.67233424402275,150.68437828218674,149.18703947289487,149.88002611469074,54273
2023-01-01 12:58:00,150.24563227374017,150.44793906140671,149.62859665535012,150.12603287252244,80095
2023-01-01 12:59:00,150.67129456992433,150.6856648606511,150.30777905239884,150.37301167346558,29544
2023-01-01 13:00:00,151.97577192369477,152.58262974357982,151.72079799735843,152.1260894868898,7864
2023-01-01 13:01:00,152.00041342173375,153.13179717736514,151.77755551875438,152.40184411858925,90314
2023-01-01 13:02:00,153.26859263193958,154.3185157208472,152.205703367947,152.9362711960448,80770
2023-01-01 13:03:00,153.11717897808472,153.77746500489155,152.47082620984983,153.3892692404337,29593
2023-01-01 13:04:00,153.27959741532908,154.515940129229,153.01744005072953,153.70435745143996,45657
2023-01-01 13:05:00,153.49285486331456,153.77165402405612,152.7266030047437,153.57435311717018,2729
2023-01-01 13:06:00,153.2930378668256,154.17632280450795,152.79234623623478,153.9393851737012,45515
2023-01-01 13:07:00,153.80240353363064,155.18625001584076,153.48542977705873,153.59787439710064,88872
2023-01-01 13:08:00,153.2647544710191,154.57695410806318,152.6126322239583,153.5041096807015,55281
2023-01-01 13:09:00,153.75366545261082,154.21769469799574,153.15423990928613,153.29594419382667,35936
2023-01-01 13:10:00,153.1333463090817,153.48687508610004,152.1944026632,153.3489267087529,13413
2023-01-01 13:11:00,154.40483654839088,155.07603995336743,153.78055337165287,154.42911282211358,48652
2023-01-01 13:12:00,153.00654914051188,153.6577968874879,152.28502945667933,153.57947541210913,30764
2023-01-01 13:13:00,153.57287960614346,154.55931812582878,153.41370072401634,153.91101979975215,64784
2023-01-01 13:14:00,153.6765372608389,153.75686676304622,152.81523772847294,153.181766668586,46741
2023-01-01 13:15:00,153.41699360446998,153.48078575672602,152.58578141501528,152.98021077440637,74204
2023-01-01 13:16:00,153.61107504187694,154.24130321509264,152.25052270687542,153.49527247102475,79796
2023-01-01 13:17:00,153.1483611657492,153.55043601875903,153.14114478462713,153.54022203540833,77844
2023-01-01 13:18:00,152.8336299387656,153.51818576893783,152.03942642199837,153.05914454010957,60773
2023-01-01 13:19:00,153.31627655824613,153.9364915180394,152.263765803655,152.74599913308649,75432
2023-01-01 13:20:00,153.6931878090651,153.6998096009482,152.4611137422914,153.07269124450866,20283
2023-01-01 13:21:00,153.07506031475108,153.07635206070256,152.74791798088867,152.75260095589672,86127
2023-01-01 13:22:00,153.4393998784144,153.60525186063913,152.4404690731493,152.867070053666,26282
2023-01-01 13:23:00,152.21784515366613,153.31500440298106,152.14303733296506,152.9032560616005,65560
2023-01-01 13:24:00,152.94036466220948,152.9758337775798,152.21670758931054,152.61965094280725,80455
2023-01-01 13:25:00,154.08577569526935,154.75559156717787,153.02631488886064,153.61653690356272,74210
2023-01-01 13:26:00,154.42051849886346,154.5533447810802,153.8862555950105,153.9240398919104,97235
2023-01-01 13:27:00,152.74446572562178,153.87168238609684,151.9701927365916,153.00427791101313,97376
2023-01-01 13:28:00,152.84888415089355,153.42092659447493,152.58009641062378,153.1051632621883,53984
2023-01-01 13:29:00,152.97042323056604,153.38093085406612,152.61613691647585,152.81650500431533,19392
2023-01-01 13:30:00,153.120882460429,154.4690537969844,152.88878060499835,153.22258430373395,98496
2023-01-01 13:31:00,153.40948000864637,154.4196136890727,152.84848212902762,152.87361033519343,5721
2023-01-01 13:32:00,153.6527757466252,153.79344548579192,152.80547478055934,152.8362771740948,30197
2023-01-01 13:33:00,152.44673328162153,153.67937547657735,152.39810857986117,153.08310192903116,27173
2023-01-01 13:34:00,153.142348658887,153.70508569513538,153.04235752735693,153.49600771112827,2066
2023-01-01 13:35:00,152.89392732519698,153.27790964413754,152.8390144431624,152.95863519224017,93911
2023-01-01 13:36:00,152.8389624471561,153.7305477994132,152.23691599834703,152.82043649824635,60418
2023-01-01 13:37:00,153.2398401064604,153.24264369799457,152.31217595279224,152.61797449260294,68454
2023-01-01 13:38:00,152.20971103179767,153.16593249568783,152.0091785645279,152.33410693759558,75993
2023-01-01 13:39:00,153.1355857762908,153.5757323874393,153.06065026424767,153.1561570333866,77262
2023-01-01 13:40:00,148.44913488837977,148.5421431435608,147.44721049023514,147.55656679322448,15282
2023-01-01 13:41:00,148.40612334056746,148.51341218990171,147.6037952371654,147.97763212299643,25815
2023-01-01 13:42:00,148.70101401043024,149.89571729615216,148.66121313966275,148.93452483329594,23594
2023-01-01 13:43:00,150.79158911174744,151.3440342663498,149.1190708519991,149.41072745474045,73984
2023-01-01 13:44:00,148.82501540763087,149.63690151317513,147.28042754520322,148.7446380118277,57511
2023-01-01 13:45:00,148.77985770607742,149.06253044939712,147.8454731474215,148.54343080998444,67678
2023-01-01 13:46:00,148.98728107354123,149.4284128047262,148.55574441024987,149.12285913896022,86768
2023-01-01 13:47:00,149.39539666302076,149.4040841902523,148.39634177392674,148.82118234275887,67951
2023-01-01 13:48:00,148.99793561079585,150.12997992691717,148.94602261226743,149.03421365712336,7374
2023-01-01 13:49:00,149.39260056031375,150.3387183545693,149.1029781737529,149.3954580095637,27974
2023-01-01 13:50:00,149.16242348471602,149.57296713934443,148.89264412256722,148.99495994833137,70178
2023-01-01 13:51:00,148.52211110021418,149.04207411197416,148.09706835695303,148.98325251019918,84472
2023-01-01 13:52:00,147.965183643725,148.02242318021047,147.29448669520863,147.54946718371448,32914
2023-01-01 13:53:00,147.36215746993335,147.59554856672048,147.06510899475137,147.1107785784275,51014
2023-01-01 13:54:00,146.3165503528095,147.76886271007697,146.2479400159687,147.01402316409866,62379
2023-01-01 13:55:00,146.55633261385637,146.91752548322074,146.3075435921133,146.47839968956362,10347
2023-01-01 13:56:00,147.65446550135871,148.40189828644546,147.12097197275565,147.21038651583777,91468
2023-01-01 13:57:00,146.87983916748664,146.89829999056172,146.36334417781626,146.59351255942371,60015
2023-01-01 13:58:00,146.92098165916556,147.30550643273693,146.34612024826285,146.4146489097177,90129
2023-01-01 13:59:00,147.11900524832447,147.48530013189168,146.47995922219744,146.48671738177347,67864
2023-01-01 14:00:00,147.32852221257613,147.57994578424345,146.70313242937368,147.13474823240765,51181
2023-01-01 14:01:00,146.90270119082115,147.18261892326908,145.96537723137618,146.5156660589002,19760
2023-01-01 14:02:00,147.50842096845284,148.198604611392,146.30742591051978,147.04158276115376,86161
2023-01-01 14:03:00,146.35969677064753,147.3966054991668,146.03727009038911,147.0608009758963,93103
2023-01-01 14:04:00,147.52007014914392,147.739484925291,145.99746302104398,146.64248271083025,78599
2023-01-01 14:05:00,147.31978802903032,147.53468417047333,146.73247429541564,146.86043896130712,98166
2023-01-01 14:06:00,147.66434477500198,147.93479831919853,146.88705473087566,146.96282698801755,93497
2023-01-01 14:07:00,146.8358445226128,146.83695695723188,146.51388104317425,146.71289456349683,4140
2023-01-01 14:08:00,146.463796622643,146.81667882972997,145.02969338921667,146.75828845075952,83801
2023-01-01 14:09:00,146.86732691592493,147.1595512826318,145.44912244620278,146.6033203876279,75266
2023-01-01 14:10:00,147.11501543760272,147.17854786199092,145.871147951967,146.66790677887292,63176
2023-01-01 14:11:00,146.7268105135429,147.17879502727726,146.6463381805501,146.97391352968907,15057
2023-01-01 14:12:00,147.05713005700406,147.84200920502266,146.27935356491423,147.6879202162204,70093
2023-01-01 14:13:00,146.98619753764453,147.38431028371738,146.4351413617096,147.1542578183426,30114
2023-01-01 14:14:00,147.382226876124,148.74594774275968,146.71274136265544,148.1106280735723,79747
2023-01-01 14:15:00,147.48606244685234,147.665652174218,146.54738650343288,147.25806428625353,57215
2023-01-01 14:16:00,147.3083753800048,147.39511553382354,147.0300173955868,147.20573535483481,19580
2023-01-01 14:17:00,147.79331362715357,148.27821799321669,146.54093758570073,147.4802669293777,84870
2023-01-01 14:18:00,147.71427447323535,147.71457687581938,147.6084915598195,147.61933722304627,10802
2023-01-01 14:19:00,147.31036890858923,147.98582927140157,147.07380743106404,147.3583316855535,88857
2023-01-01 14:20:00,147.6619809976669,147.83997192826018,147.16714709476702,147.2810618759242,70543
2023-01-01 14:21:00,147.2393347070142,147.79771691079006,146.55298268465455,147.07796087862465,5675
2023-01-01 14:22:00,146.84527603085607,147.03261435830572,146.7599282190544,146.8326209747173,15058
2023-01-01 14:23:00,147.0445904695091,148.12970616076583,146.83699860901297,147.2215521448884,50001
2023-01-01 14:24:00,147.88201906058228,147.9872862381701,146.97623113756958,147.3939554220535,38519
2023-01-01 14:25:00,146.94356334412564,147.24092885191027,146.50586634315334,147.10230275960961,72755
2023-01-01 14:26:00,147.82915946683357,147.9983670317241,147.0318320793938,147.51401262960104,16445
2023-01-01 14:27:00,147.4622832643172,147.85694934367942,146.98889320116547,147.66475698707498,74954
2023-01-01 14:28:00,147.57953271604222,149.15734633580323,147.13456779862392,148.03961672450075,90450
2023-01-01 14:29:00,147.56938938827588,148.49761736783526,147.0964152899832,148.33405072348438,96166
2023-01-01 14:30:00,147.5162363245996,148.12330215528323,147.14172744635306,147.97997956455782,29695
2023-01-01 14:31:00,148.09321969218016,148.14521798413,146.2239938301514,147.74609082587187,96970
2023-01-01 14:32:00,147.9074782542813,148.25742525212084,147.905495737354,148.09209456152286,52227
2023-01-01 14:33:00,149.24803760405814,149.26715239796565,147.93362200788815,148.37807680417737,80992
2023-01-01 14:34:00,149.15724816526605,149.18799684718422,147.61423762572358,148.38361059691417,31185
2023-01-01 14:35:00,148.60538755220276,148.60677548408393,148.24619965882766,148.4506773402456,90692
2023-01-01 14:36:00,149.03389548190242,149.18237049153944,148.89870282555026,149.03453306556054,46908
2023-01-01 14:37:00,148.75614385901324,148.79177380135368,147.8072773123802,148.78494282173682,44631
2023-01-01 14:38:00,149.13421732060056,149.42986413260152,148.9407072633143,149.0440208737449,48993
2023-01-01 14:39:00,148.61152476731044,149.13074691744802,148.59750342801576,148.96851845810264,3078
2023-01-01 14:40:00,148.6675181180977,149.24017498505435,148.5018847901436,148.88613237092565,96886
2023-01-01 14:41:00,150.5817428172724,150.69665834068695,148.59597031144654,149.39179889165598,78609
2023-01-01 14:42:00,149.2099733269518,150.18013839020145,149.1964329228615,149.77666937117485,24778
2023-01-01 14:43:00,150.0801454096323,150.348591921778,149.75730768276097,150.15718132945656,24397
2023-01-01 14:44:00,149.45406310554745,150.9533798602719,149.33144202836704,150.76027810149242,69857
2023-01-01 14:45:00,150.96163795827226,151.6845198919402,150.67151755504688,150.78485376431982,13337
2023-01-01 14:46:00,151.02196207635032,151.6914994501664,150.9572828423256,151.10841678684884,7011
2023-01-01 14:47:00,151.29888262994936,151.35879443195523,150.9322890293559,150.98287587341625,40855
2023-01-01 14:48:00,151.11981650548145,151.53213920618674,150.52384092471596,151.14480486548388,76532
2023-01-01 14:49:00,151.52711094038384,151.7064657395839,149.8743243165969,151.10090800629942,47845
2023-01-01 14:50:00,151.21631676263507,151.42239016205042,150.7611499403914,151.15998663225008,21046
2023-01-01 14:51:00,151.9870258704631,152.02866510444622,150.5913856657315,151.4449944149407,88030
2023-01-01 14:52:00,151.32742148847808,151.8845041894509,150.74788451400946,151.08839263397476,7618
2023-01-01 14:53:00,151.7098323177581,152.37715773875092,150.53009168226643,152.05190776399144,73435
2023-01-01 14:54:00,152.1425377074213,152.89832414206046,151.11450972694507,151.60821236846553,32322
2023-01-01 14:55:00,150.89931071672854,151.4951401225126,150.33984888677372,151.0711302945137,34797
2023-01-01 14:56:00,151.75030706239906,151.86087995420004,151.14306356695496,151.6111087635412,16128
2023-01-01 14:57:00,152.6247686552547,153.2591234465844,151.4745956079538,151.98634445081294,34179
2023-01-01 14:58:00,152.3194719178027,152.49535903224165,151.61011508746068,152.28611615373723,68517
2023-01-01 14:59:00,153.68110431328006,154.2678308613865,151.52144741481217,152.58840965697811,35073
2023-01-01 15:00:00,152.40727088883105,154.12319522137875,152.00203313779733,152.59806235116739,79014
2023-01-01 15:01:00,152.16205874315204,152.2284612733518,152.03865107238096,152.20256432182794,92965
2023-01-01 15:02:00,152.25970325398072,152.7196379443111,152.14497242045005,152.25239752269323,38363
2023-01-01 15:03:00,151.64193268508197,152.2435924950117,150.7996534998966,151.95832428018062,12697
2023-01-01 15:04:00,152.47167744081105,152.5457563407606,152.31610083727787,152.41805279459672,16422
2023-01-01 15:05:00,153.24723590841523,153.25149653202237,151.71054393881906,152.36605200066327,39380
2023-01-01 15:06:00,151.50489589968413,152.414055358571,151.47625357819922,152.00395535942468,96877
2023-01-01 15:07:00,150.15920786012873,152.55216196212268,149.91894702505462,151.8725999975773,61857
2023-01-01 15:08:00,151.82073265235744,153.31687705420794,151.69587198724852,152.07592617832194,68573
2023-01-01 15:09:00,151.19817965706997,152.52095597689538,150.32233363157223,151.8339469705084,76058
2023-01-01 15:10:00,152.55022600437843,152.84321189120885,151.20102145301541,151.47460746138995,22259
2023-01-01 15:11:00,151.76185821035767,151.8088256105452,151.50764377336668,151.60049219624838,78534
2023-01-01 15:12:00,151.73549699162814,151.76215879694965,151.66079097571688,151.72706340372312,73622
2023-01-01 15:13:00,151.5319182626183,151.59792354483238,150.95785220212656,151.51148511212864,2149
2023-01-01 15:14:00,151.2019862962406,151.35935175536991,151.1269545462928,151.31253312095305,23792
2023-01-01 15:15:00,150.6370683485057,152.13531148610952,150.4922224160607,151.43300056576157,17390
2023-01-01 15:16:00,150.12763546789407,150.93371294665104,150.07786533795024,150.79028059510244,35204
2023-01-01 15:17:00,151.0550578373827,151.29301187932387,149.68377120533108,150.1686640507649,37018
2023-01-01 15:18:00,150.40098665998232,150.8814850807527,149.09898094274817,149.86001749046855,94651
2023-01-01 15:19:00,149.81641858283032,150.00642602203973,149.37597781747226,149.77904191055111,90583
2023-01-01 15:20:00,149.3802970517075,150.30022470425754,148.90707812137734,149.9337221266362,83614
2023-01-01 15:21:00,150.242795525761,151.80890249098147,149.28330973246335,150.61233244605862,22471
2023-01-01 15:22:00,151.88912761606315,151.95290480794026,150.430284491614,151.01491602818902,15263
2023-01-01 15:23:00,150.85371617584389,151.80713762020318,150.78873741111366,150.95755820877554,61309
2023-01-01 15:24:00,151.54779974067884,151.79149129972512,150.71448847242505,150.96404204366226,53451
2023-01-01 15:25:00,150.2471685924339,150.57618252526322,150.099603999491,150.52510079240704,71379
2023-01-01 15:26:00,150.44076056508885,150.85666464361788,150.42385744510472,150.5317932275026,78969
2023-01-01 15:27:00,150.71818502378952,150.97278643559832,149.98377380562326,150.41648949918357,12559
2023-01-01 15:28:00,150.73403572873852,152.51357644993757,149.85392567583395,150.57715772696037,64728
2023-01-01 15:29:00,151.27344071811692,151.90806136385214,149.62404128649402,150.21852918994136,5952
2023-01-01 15:30:00,150.7538969427885,150.92557235928157,150.33833791286108,150.46759745138806,62726
2023-01-01 15:31:00,151.34817428234098,151.59564658988597,151.06369189111132,151.17452683641244,41610
2023-01-01 15:32:00,151.0896028745711,151.58347386049024,149.365093913057,151.1403189971512,99329
2023-01-01 15:33:00,151.30893254962953,151.8065516051113,150.6188079899049,151.33757754251974,87467
2023-01-01 15:34:00,151.36490634909674,152.35519297088376,150.9669987170301,151.66604545985726,3153
2023-01-01 15:35:00,152.41526235090444,152.77467375223523,151.42291713453727,151.49865749741784,95447
2023-01-01 15:36:00,151.8874532722341,152.25418380460636,151.36159175859027,151.6156564936162,9019
2023-01-01 15:37:00,151.53546734983735,151.65413246490957,151.53393759588155,151.63654567459966,86409
2023-01-01 15:38:00,152.52835384244602,152.72086252248917,150.76359476061137,151.6961431277039,98167
2023-01-01 15:39:00,151.84246915256662,152.5042032617637,151.0477824082553,151.3595249335841,38929
2023-01-01 15:40:00,152.08057379327934,152.39303967175917,150.0145714178984,151.38579043107308,18028
2023-01-01 15:41:00,153.0331882691881,153.27829324541645,151.18808030811346,151.62709860497674,35620
2023-01-01 15:42:00,151.4864288307975,152.8349718228603,150.40531059903157,152.3023593995646,49474
2023-01-01 15:43:00,152.36104860288205,152.87938927543422,151.82657888258376,152.7558872658524,11623
2023-01-01 15:44:00,153.30135313739967,153.83697333783152,152.92020102643852,153.75789674480632,86504
2023-01-01 15:45:00,153.3190638023344,153.53387496115138,153.14370876554835,153.41931529245502,4809
2023-01-01 15:46:00,154.74985676537594,154.9215074780835,153.28444441880703,153.83614972838777,93907
2023-01-01 15:47:00,154.2832214678922,154.5543199616293,153.27468421087906,153.9361472280994,52046
2023-01-01 15:48:00,154.66804218826675,155.1484770912924,154.59844958619172,154.96281032300718,63496
2023-01-01 15:49:00,154.49695759465618,155.16919834473987,153.4441427284372,154.60253808240577,32739
2023-01-01 15:50:00,155.68128622493415,155.688118583489,154.01898633035506,154.22852895196087,54452
2023-01-01 15:51:00,153.52727535676053,154.20641744267635,152.5272401317368,153.9666214669417,74324
2023-01-01 15:52:00,153.70470066748302,153.90963727583514,152.95256370293868,153.00099098202818,7977
2023-01-01 15:53:00,152.99451851559604,153.0784731990313,152.71493626708477,152.77496796313358,35838
2023-01-01 15:54:00,151.9915733444049,152.84961516961917,151.52890565476525,152.44231605578398,69192
2023-01-01 15:55:00,152.54530428482087,152.5958102903154,152.51540600880787,152.52633941878204,5134
2023-01-01 15:56:00,153.0799124358628,153.34811455832318,152.3760985957851,152.69797241660328,54420
2023-01-01 15:57:00,153.173869585483,153.57752159082128,152.7702441692719,153.5727046630112,30431
2023-01-01 15:58:00,154.65896933165013,155.20542024005974,153.9329152665331,154.02593941169678,70020
2023-01-01 15:59:00,154.2397095681264,154.65917813064107,153.19809480524853,153.77476762309763,50565
2023-01-01 16:00:00,153.30108527213443,153.53311246302832,152.48994187024314,153.3756845779126,57993
2023-01-01 16:01:00,153.74227794674687,154.47651095450635,153.4686184132119,153.61736746543082,59035
2023-01-01 16:02:00,153.08152430081265,153.42715765927542,153.02205823309836,153.0242969530685,48312
2023-01-01 16:03:00,153.90097780061237,154.28321279341097,153.74348940522938,153.880372452894,39916
2023-01-01 16:04:00,154.33258670468533,155.0303444934344,153.61346715190416,154.44023854532674,93810
2023-01-01 16:05:00,154.20179069375152,154.91400167544955,153.83138165321049,154.23830377028915,21693
2023-01-01 16:06:00,153.76923654015812,154.00538490626639,153.4582857600533,153.46103470897432,39559
2023-01-01 16:07:00,153.9842662061941,154.596340530488,153.9496927123427,154.0996807786552,83839
2023-01-01 16:08:00,153.73178963121748,154.35674625838092,153.0819738935114,154.06213908596348,51058
2023-01-01 16:09:00,155.10564782481364,156.1775573222333,154.48153849422408,154.64964718632646,86130
2023-01-01 16:10:00,153.85389060458664,154.3643081718807,153.267422074313,153.9253791263551,85639
2023-01-01 16:11:00,154.04261271092807,154.5699269726399,153.65677594275348,153.66399458132665,12858
2023-01-01 16:12:00,153.10821640269904,153.70782943864097,152.87011682150327,153.68177828432005,81538
2023-01-01 16:13:00,154.51671276121917,154.633746928481,153.41326918398744,153.71880664573234,71431
2023-01-01 16:14:00,153.64956203491192,154.23743711870017,153.51632593549684,153.5266279448322,44324
2023-01-01 16:15:00,153.87332737553157,153.8989032326735,153.81863614543545,153.82885275711362,50944
2023-01-01 16:16:00,153.42230815499704,153.4877162641742,152.6197199839039,153.3515431648934,91687
2023-01-01 16:17:00,153.39293824621075,153.80412181406064,152.91282159097196,153.30137597798077,76455
2023-01-01 16:18:00,154.0160452933656,154.11121239198917,153.3411991643028,153.3720305731753,45187
2023-01-01 16:19:00,153.2885481243986,153.63950762216822,153.23847912343828,153.6240693619885,88463
2023-01-01 16:20:00,153.8293686570106,154.5610937959352,153.11560010490186,153.96739528909632,29147
2023-01-01 16:21:00,153.5645366246427,154.82451369925815,152.50400589415912,153.46331738808695,78914
2023-01-01 16:22:00,152.45651927648217,153.29642021693556,152.44964446756947,152.77237297014628,88081
2023-01-01 16:23:00,153.14425202779609,153.84655055089397,152.5851086401688,153.37323136735446,79593
2023-01-01 16:24:00,153.41896355181933,153.62366170712235,153.29924362659693,153.5414729120291,2360
2023-01-01 16:25:00,153.37704677734055,153.47645919969182,153.17539305999688,153.21205588348715,3048
2023-01-01 16:26:00,154.42527669227107,154.46984582569786,153.747144781368,153.94034263854812,40020
2023-01-01 16:27:00,153.92334872923286,154.48118283763864,153.87100052455517,154.00915765132487,44935
2023-01-01 16:28:00,153.7955653586608,154.61351036707444,153.39727796682033,154.56942626490476,23482
2023-01-01 16:29:00,154.87254579086428,155.53151023605844,154.3461843725658,154.61619208633277,92199
2023-01-01 16:30:00,155.02343771350365,155.85344739795366,154.32997564997552,155.5875286965266,33973
2023-01-01 16:31:00,156.3426740846886,156.46937096675572,155.90674951372952,156.42241488048367,16185
2023-01-01 16:32:00,156.39136135260216,156.7917098689463,156.0724403775515,156.32122640200043,20699
2023-01-01 16:33:00,156.3928963162903,157.28891964963472,156.3678796718015,156.79249001240984,56885
2023-01-01 16:34:00,157.5664198398823,157.77994620715336,157.0433840022779,157.11173956779984,42582
2023-01-01 16:35:00,158.09718394057526,158.19931511957526,157.3125311596894,157.77253499625053,19061
2023-01-01 16:36:00,157.45096249276838,157.926047554387,156.94869789911564,157.3315969883909,78015
2023-01-01 16:37:00,157.70763447651905,157.84606975015643,157.51558970745253,157.67114286354308,45597
2023-01-01 16:38:00,157.84936875955677,159.25514550832472,157.5757309283416,158.18755897325843,11892
2023-01-01 16:39:00,157.03125584377543,158.76001852885318,156.54181914530648,157.3687456104743,24931
2023-01-01 16:40:00,156.68075074292912,157.07675284079744,156.55898781892503,156.82585876142196,25654
2023-01-01 16:41:00,156.25432431982452,156.97871499341778,155.70619771367944,155.88212833482464,89478
2023-01-01 16:42:00,156.06563917343536,156.1158672731179,155.41684487949814,155.77172941543463,59820
2023-01-01 16:43:00,155.87168000556105,156.20918434852823,155.50342610521867,156.12262498271815,54886
2023-01-01 16:44:00,156.51855504220788,158.17865027886205,156.12382864504232,156.84189302512,73470
2023-01-01 16:45:00,156.44069260558732,157.7617130520896,155.96174252282427,156.89244071129545,96269
2023-01-01 16:46:00,157.48995369884034,158.44416691111186,156.8950816926058,157.67468235914168,86148
2023-01-01 16:47:00,157.5772967210701,158.136488799335,156.65220107332155,157.03762865023535,98391
2023-01-01 16:48:00,156.23425684886152,156.7419858343966,155.83527325264492,156.250846996218,75842
2023-01-01 16:49:00,155.0761216317743,156.45722819711074,154.1840081411219,156.24043395591374,66324
2023-01-01 16:50:00,156.74747168675034,157.24665842603036,156.09981822532433,156.4360776565386,83080
2023-01-01 16:51:00,155.47999348414623,156.59552096905915,155.1241691162446,156.4363773498488,66027
2023-01-01 16:52:00,154.57700048389685,155.5101968965478,154.49706072433548,155.48175153005138,2425
2023-01-01 16:53:00,154.71779385026525,155.96846194594934,154.68649551830933,155.45573008568476,2733
2023-01-01 16:54:00,154.6769465479554,155.70705882791324,154.33126599053054,154.86291388296686,46375
2023-01-01 16:55:00,154.6465832141675,155.77000585640099,154.53331189899444,155.18952250113293,65411
2023-01-01 16:56:00,155.75164796524274,156.90409079635978,155.16759328271309,155.3757180736676,11603
2023-01-01 16:57:00,154.84118381747797,154.96961188294281,154.40401507191078,154.95315215536434,13152
2023-01-01 16:58:00,154.71260230539508,154.95686654949407,154.0958888872635,154.72977157469083,16801
2023-01-01 16:59:00,154.02345864739985,154.44593679540327,153.36007675303574,154.2535689529762,85442
2023-01-01 17:00:00,154.3155508737594,154.49191927683867,153.296199312833,154.2399888865121,57318
2023-01-01 17:01:00,154.1974391250512,154.79387042063289,153.96310791991257,154.6973763080982,95973
2023-01-01 17:02:00,155.24339823752604,155.42420590772593,153.85123006061525,154.255378346349,17985
2023-01-01 17:03:00,154.5787520818629,154.79895693590282,154.43241364126314,154.50405954204973,93471
2023-01-01 17:04:00,154.15949440084097,154.5617337803164,153.8903351934877,154.273729084079,22068
2023-01-01 17:05:00,153.64203078897478,154.30715584890945,153.1886376200282,153.9221981114197,14531
2023-01-01 17:06:00,153.6490817741137,154.01885862658577,153.60886356875375,153.88816728642425,35288
2023-01-01 17:07:00,154.6283703212198,154.68121070122967,152.5252966102945,153.4256214720695,92017
2023-01-01 17:08:00,152.54974498109198,153.32652770145347,152.42485755435644,153.1861320679653,92762
2023-01-01 17:09:00,152.0761074662503,152.66606396606224,151.77098928521602,152.65095583800587,67653
2023-01-01 17:10:00,152.6908242929262,153.93630720479982,152.10659735026974,153.56597244208558,99197
2023-01-01 17:11:00,153.38111548474728,154.44158077698705,153.29552898709994,153.5975748842807,41068
2023-01-01 17:12:00,152.80029638788528,154.79262844285992,152.4424593335109,153.29050621843214,13459
2023-01-01 17:13:00,153.23963101727492,153.74986829417608,153.21566766590132,153.40423853556504,87641
2023-01-01 17:14:00,152.660605869616,153.4313576882294,152.3421028645354,153.36788416263158,86000
2023-01-01 17:15:00,153.24342267065222,153.30974267999912,152.81237895215725,153.28155203121383,33554
2023-01-01 17:16:00,153.91202015676566,155.4102023168393,153.1421461783964,153.57930146138258,71313
2023-01-01 17:17:00,153.96627494498767,154.51722820727196,153.888507304688,153.94367190641074,77968
2023-01-01 17:18:00,153.7146449072117,153.81718071529687,153.5277818058919,153.7140643897602,15271
2023-01-01 17:19:00,153.788950101062,153.79257692164538,152.72557876156372,153.46390170984142,4801
2023-01-01 17:20:00,152.899126664579,153.89813952546498,152.59679288053397,153.352616580162,73593
2023-01-01 17:21:00,151.96626194579207,152.60171602933735,151.71966646125722,152.30893494049963,27511
2023-01-01 17:22:00,151.913166219755,151.94345674882754,150.8675292286787,151.6318344232492,74046
2023-01-01 17:23:00,152.35470795462004,153.04658900461064,152.20408891662987,152.26878256448714,74635
2023-01-01 17:24:00,152.77671984485292,153.3252595294176,152.2030102009371,153.03544113602177,81729
2023-01-01 17:25:00,152.9202390917414,154.52898363105194,152.413182944069,152.93641065961856,56233
2023-01-01 17:26:00,153.48740552520513,153.54630954407398,152.675567911399,153.21623395809618,21011
2023-01-01 17:27:00,154.33113719900496,154.3529080354353,153.17476778957504,153.3746213109861,63963
2023-01-01 17:28:00,154.67435287595174,154.90612439656317,153.65534821421218,154.80662530729268,49900
2023-01-01 17:29:00,155.45497890316543,155.84822158703642,155.27432579626864,155.3420588112771,21764
2023-01-01 17:30:00,155.40775523808617,157.00189589643423,154.32946138368413,155.29798007110182,52694
2023-01-01 17:31:00,155.0889391926061,156.1068663300465,154.76341275583192,154.86832936820443,70986
2023-01-01 17:32:00,154.49039159293426,154.67935623119624,152.94957664829946,154.13745322762728,81085
2023-01-01 17:33:00,154.5351384131217,154.65817908829976,153.21812530837946,154.24695107292106,7960
2023-01-01 17:34:00,153.61788395671516,154.03966973505035,153.31386611280442,153.91238137882286,17583
2023-01-01 17:35:00,153.94675163766576,154.33018177559805,153.21382935755304,153.2710652508536,73532
2023-01-01 17:36:00,153.0359723377895,153.35903034269776,152.9718780436201,152.98908961318818,85103
2023-01-01 17:37:00,152.45806596896364,153.1498848729897,151.925565535642,152.50799338881174,15201
2023-01-01 17:38:00,153.69334647956876,154.10088661509462,152.99494591615368,153.29515194413352,71579
2023-01-01 17:39:00,153.57663769331393,155.66180119606403,152.26906757574017,153.7159347608326,61019
2023-01-01 17:40:00,153.54711462932605,153.90219212970538,153.34945670285384,153.7276297882712,21420
2023-01-01 17:41:00,153.5531799103259,154.53498239058635,153.55219811643593,154.42552746532186,41602
2023-01-01 17:42:00,154.41559026220656,154.58151996581833,153.7336703905605,154.47681294322112,53645
2023-01-01 17:43:00,154.5922801152409,154.65441384583656,154.09294276491514,154.09311530913683,54124
2023-01-01 17:44:00,155.2888609268837,155.3061805972605,154.73900075888383,154.81263342287426,50031
2023-01-01 17:45:00,154.9153521561967,155.2790529785524,153.98349277196147,155.0784049353391,13629
2023-01-01 17:46:00,155.06082568873788,155.53556294386044,154.4834149682441,154.61134933841785,58731
2023-01-01 17:47:00,154.30908298901755,155.71222166037992,153.79199592355135,154.5385249138023,29675
2023-01-01 17:48:00,154.5360483148535,154.53692996610627,153.27837036380467,154.14802850649664,2662
2023-01-01 17:49:00,153.40689079514723,154.00491905480905,152.5471922521527,153.5239757523049,81270
2023-01-01 17:50:00,163.06778514401745,163.79436457583608,161.51558548924334,162.78545104663624,8589
2023-01-01 17:51:00,162.40496630201025,163.33694760568204,160.4024407228984,162.11873023177085,50364
2023-01-01 17:52:00,162.86906655879503,163.01448330377676,162.07478422491997,162.4087456782295,5655
2023-01-01 17:53:00,161.99627614355597,162.64418214501737,161.9899480387481,162.10797642218952,75285
2023-01-01 17:54:00,160.8274260990399,162.4971316518264,160.3558055841734,161.8872864891538,11797
2023-01-01 17:55:00,161.92947965286595,162.11236788302566,161.56556124123648,161.61577208301966,98466
2023-01-01 17:56:00,161.81161354719248,161.9033027513578,161.028858533368,161.21303005428476,7645
2023-01-01 17:57:00,161.56872540678506,161.74575602073628,161.1831489888555,161.25261831328262,78431
2023-01-01 17:58:00,160.973172481534,161.76651875294007,160.41385977294553,160.86676492923695,35762
2023-01-01 17:59:00,160.53064557917915,161.0238749381722,160.25132641468642,161.0133741495786,48634
2023-01-01 18:00:00,160.87320124783366,161.14951020797895,160.09510509418755,161.00520846445366,22432
2023-01-01 18:01:00,160.96508136893343,160.9943960102132,160.88110809711517,160.9058933450064,48890
2023-01-01 18:02:00,160.62746319315204,161.5206612317839,159.24755725817832,160.4838869089161,83394
2023-01-01 18:03:00,160.09833890119722,160.82241767270318,159.8004768511296,160.2222477826453,60111
2023-01-01 18:04:00,161.55252826771928,161.65772356049968,160.25221834936534,160.60136144789482,74769
2023-01-01 18:05:00,160.65824264949538,161.02806640492176,160.20278811415554,160.858765530955,44611
2023-01-01 18:06:00,160.23210438341908,160.5317652537506,159.10145529004018,160.40310641775827,98540
2023-01-01 18:07:00,160.1320161411838,162.47350568973755,159.49334255986128,160.46694635947551,27671
2023-01-01 18:08:00,160.55782694158168,161.69368159141248,159.9620881781085,160.84471144577537,37760
2023-01-01 18:09:00,160.18516917268838,160.33829719964518,159.11737998942513,160.0552508847359,94977
2023-01-01 18:10:00,158.9964719863302,161.3201511747845,158.87389747916293,160.3321593655608,29233
2023-01-01 18:11:00,159.69077750968233,160.79158282259098,158.5343757822281,160.02947288714122,38591
2023-01-01 18:12:00,160.3925862464038,161.6734625438347,159.2021335067355,160.31941364692514,68804
2023-01-01 18:13:00,160.93511297701102,161.3040237652091,159.82108342538717,159.96834980697722,92756
2023-01-01 18:14:00,159.35320251215325,160.0919370653127,159.06321105944585,159.11817460823957,51091
2023-01-01 18:15:00,156.6535487454671,158.5136447719916,156.13175592593967,158.35717168026014,5438
2023-01-01 18:16:00,158.64810902380344,158.6851144634766,158.1841416487835,158.39585118588923,85905
2023-01-01 18:17:00,159.14021463409588,159.8598030703008,158.1796614572679,158.53510767120474,46896
2023-01-01 18:18:00,158.0385755733293,159.73043378697375,157.84074485483308,158.1208633813825,93139
2023-01-01 18:19:00,157.93371900062087,158.81112333569186,157.72383256256552,158.43959984051278,12319
2023-01-01 18:20:00,158.05270182254813,158.05351570851496,157.36022164742215,157.6656920791182,81258
2023-01-01 18:21:00,157.40320283728826,158.69704528813187,157.08857074675169,157.65020309676757,7028
2023-01-01 18:22:00,157.34875951829392,157.8572908054468,156.5517726622355,157.09321726753916,26940
2023-01-01 18:23:00,156.29443112087233,157.12052468643367,155.69591084389674,156.80172949534852,97984
2023-01-01 18:24:00,156.84317154743965,156.97508176277378,155.82202956304707,156.83970624921264,9422
2023-01-01 18:25:00,156.54781330166725,156.95015622818434,155.30680936231812,156.45054928144546,52651
2023-01-01 18:26:00,155.99738520785684,156.3353807341807,155.4967832965788,156.28570255800167,60648
2023-01-01 18:27:00,155.61087980229934,157.91047126158398,155.58591645049464,156.77313866425888,44441
2023-01-01 18:28:00,156.54374908261323,156.5766376526847,156.3030331699876,156.5174925309602,21688
2023-01-01 18:29:00,157.1756216684173,157.74851347046393,156.71689408574704,156.9255455819383,47280
2023-01-01 18:30:00,156.42519111740555,156.43224714528816,156.32912253477855,156.4093985429521,15472
2023-01-01 18:31:00,156.4356615464136,157.28083907318472,155.6054319588446,156.67363854124622,81436
2023-01-01 18:32:00,157.832499713991,158.1895318386763,157.02190358835955,157.36687330811642,36671
2023-01-01 18:33:00,155.77255915988223,156.2362568416417,155.7380361265117,156.21574509470454,61809
2023-01-01 18:34:00,156.21309007810768,156.34457836342955,155.8286311848761,155.85790391092675,74299
2023-01-01 18:35:00,156.2618570245875,156.72649377507824,156.02462977959263,156.1433134577612,11960
2023-01-01 18:36:00,154.90832703774834,156.0883887178039,154.26910546847316,156.06381525102978,77620
2023-01-01 18:37:00,155.3247037184313,156.79232001830343,155.12711773487965,156.25318895559388,3074
2023-01-01 18:38:00,155.25249876496574,156.83402674908552,154.98025984287628,155.98569043997057,74361
2023-01-01 18:39:00,155.72504546338718,156.5814163814465,155.52967497174873,156.04180931236658,35833
2023-01-01 18:40:00,155.80320282953943,156.19754828348562,155.610544599472,155.98453702085985,91741
2023-01-01 18:41:00,157.10575637070184,157.32793699949784,155.2712819091943,156.54660330724974,36976
2023-01-01 18:42:00,155.7678989260299,156.68392678746164,155.23391854535674,156.6817441240686,71210
2023-01-01 18:43:00,157.04615744193703,157.27419322945008,156.44688940321598,156.85610082022563,66658
2023-01-01 18:44:00,155.8318990527331,156.94750639728886,155.73125749168562,156.67797018553674,51108
2023-01-01 18:45:00,156.50581983942843,156.75745291524683,156.14206446598234,156.46444652224275,22480
2023-01-01 18:46:00,156.19542114612025,157.04275243965822,155.40732114669694,156.27705303455738,51138
2023-01-01 18:47:00,157.96778699694917,158.0090105384069,156.1387881334139,156.47761219498298,10443
2023-01-01 18:48:00,156.71506736522184,156.81777523065713,156.1499400262748,156.2956360172128,70969
2023-01-01 18:49:00,156.3115172885517,156.5984055257469,156.07216945728345,156.44713721749577,1990
2023-01-01 18:50:00,158.19069224826833,158.49811723157353,157.13091647416863,157.43685347179846,72092
2023-01-01 18:51:00,157.69532928397052,157.87641685993003,157.65201008202618,157.86403855401517,93198
2023-01-01 18:52:00,158.19239574509072,159.22402598664863,156.86689582912382,157.72542278351557,62336
2023-01-01 18:53:00,156.31804856005948,159.11937952124396,156.0921603224457,158.30958124697418,30097
2023-01-01 18:54:00,158.3328351782981,159.43108476839626,157.74642283688823,158.13160548083812,71245
2023-01-01 18:55:00,155.90078361458623,157.48793138688364,155.43771793054688,157.1805429266335,90893
2023-01-01 18:56:00,157.19312881785885,157.63577230790472,156.06103397060568,156.72090631992546,20186
2023-01-01 18:57:00,155.62992764609623,156.42117665583783,154.86943206889165,155.85700179435995,52356
2023-01-01 18:58:00,155.9248924715744,156.20987539381915,155.06504162349768,155.70822998140048,85744
2023-01-01 18:59:00,156.71006132594735,157.86526893667067,155.48194577363236,155.73240448406682,89015
2023-01-01 19:00:00,156.32642479438007,157.45954846454535,156.21914958963822,156.53120456533753,94014
2023-01-01 19:01:00,157.51113632597855,157.90722746279516,156.4104673863485,156.70038069265615,13922
2023-01-01 19:02:00,156.93750346583172,157.04622520348087,156.39430184900692,156.61305132190247,93615
2023-01-01 19:03:00,157.17044863288123,157.21777529647255,156.7271848018889,157.01839984359236,31766
2023-01-01 19:04:00,156.30175244332605,156.58051920979887,155.92920724635326,155.99253489940247,20787
2023-01-01 19:05:00,156.18281384781469,156.41709278376632,155.46634190711225,156.11839648942808,23537
2023-01-01 19:06:00,157.0918153557703,157.3752789010017,156.23207635556435,156.49504704301447,76919
2023-01-01 19:07:00,155.6990490360581,157.17428561589367,155.4268930661631,155.81652227544737,54034
2023-01-01 19:08:00,156.09288840190692,156.68686412411333,155.97617924199898,156.3667512597279,98431
2023-01-01 19:09:00,155.91333990816827,156.7577293090157,155.84891838622113,156.54117668551282,46542
2023-01-01 19:10:00,156.23695435381381,156.4504545842904,156.13652352860655,156.36180182706545,4207
2023-01-01 19:11:00,156.69652011044778,157.03382948875625,156.39315545219176,156.67426674549176,29234
2023-01-01 19:12:00,157.90337976815704,157.90566304744246,156.81949779902524,157.75721158766848,31568
2023-01-01 19:13:00,157.5956161118112,157.94082006491644,157.33414183313627,157.859059448667,69633
2023-01-01 19:14:00,157.9300368719745,158.1613502113397,157.31639285254525,157.99239695947938,85558
2023-01-01 19:15:00,158.03441941995982,158.55600285616566,156.85483398012775,157.79046961041186,55703
2023-01-01 19:16:00,157.35682753815382,157.7335290039254,157.25999925071585,157.40395663091206,53623
2023-01-01 19:17:00,156.44484944157563,157.98584487142367,156.34908742581968,157.81179145514443,54454
2023-01-01 19:18:00,157.80333915244987,158.42265280706692,157.05850552798492,157.4222722676826,82504
2023-01-01 19:19:00,157.65479270024693,157.76989104631934,157.38583868124087,157.47181285395155,77685
2023-01-01 19:20:00,157.9657443583083,157.968539413898,156.36972926667647,157.26190728304107,61631
2023-01-01 19:21:00,157.17486626415555,157.53329604823972,156.97446230880757,157.5036093166103,76253
2023-01-01 19:22:00,158.12648459051331,158.19698341427102,157.51672552977334,157.67701863516658,17642
2023-01-01 19:23:00,158.1686192743443,159.58074071126376,157.2960042769873,158.18357495240656,80176
2023-01-01 19:24:00,158.18359233863526,158.77764204618708,156.8649823494872,157.9573646581362,83373
2023-01-01 19:25:00,157.67360406408963,157.91879721069168,157.3084800105747,157.84527419390335,9990
2023-01-01 19:26:00,157.28340355032435,157.7997213315791,157.25451941043593,157.39757904005663,54622
2023-01-01 19:27:00,157.14758492830052,159.21066175852317,156.97210823923476,157.20352674740124,52663
2023-01-01 19:28:00,157.1119835051017,157.52970256934066,157.10312603159767,157.39718600452656,5170
2023-01-01 19:29:00,157.73541761218223,158.0275449168201,157.56323606364685,157.77036935741933,25817
2023-01-01 19:30:00,157.32246104818478,157.65679527262952,156.34154899477608,157.34967530294276,6136
2023-01-01 19:31:00,156.563668017485,157.89731958179485,156.28515849350015,157.77590689798348,2712
2023-01-01 19:32:00,158.4556204084684,158.68714385048807,158.09974010658476,158.43334546646784,95330
2023-01-01 19:33:00,158.80067853712296,160.05716432051764,158.29038301478892,158.6456944255655,74687
2023-01-01 19:34:00,160.07839665489416,160.30467759475962,159.19003366259952,159.55479571994286,53479
2023-01-01 19:35:00,159.28620266458012,159.5797809671661,158.12356720371804,159.20036586673504,11473
2023-01-01 19:36:00,159.46367181849294,159.9827395576183,157.67151388313744,158.62183745088694,81839
2023-01-01 19:37:00,157.72460497180188,157.86821128187808,157.5659881364179,157.79126801205516,86031
2023-01-01 19:38:00,157.8520971092088,158.77505057294235,157.48498834528652,158.51523532559264,22625
2023-01-01 19:39:00,159.3465226223599,159.5987365787216,158.2751675783328,158.84226762714306,14761
2023-01-01 19:40:00,158.3498159333156,159.47564243554672,158.09239230711123,158.83166426838758,75454
2023-01-01 19:41:00,158.04326687569775,159.27253331075968,157.54175815551213,158.98095108339834,2821
2023-01-01 19:42:00,157.78244320762533,159.0467457366863,157.49745466967312,158.46005522098636,49646
2023-01-01 19:43:00,160.0764633660896,160.3288598616875,159.55413804747062,159.63856320774923,37200
2023-01-01 19:44:00,159.7162518028132,159.83732087431764,159.45146053867296,159.71641311554959,84889
2023-01-01 19:45:00,159.51602125571637,160.0232415082929,158.56357290762074,159.78480118948457,49250
2023-01-01 19:46:00,160.26380214780252,160.77533975493006,159.90001653263667,160.14867909673237,85304
2023-01-01 19:47:00,159.64780268069777,160.9628180237139,159.50141218600433,160.39579294392996,37447
2023-01-01 19:48:00,161.98757229888858,162.1927487222808,159.8829945432415,160.51956269002955,30184
2023-01-01 19:49:00,160.09536169789178,160.96206506472296,159.20143560507776,160.1549548045814,50754
2023-01-01 19:50:00,160.28942407429813,160.66997674777778,160.02826539762853,160.39749428034858,17811
2023-01-01 19:51:00,161.41987445580335,161.5059636744164,161.29659005913814,161.3191500700031,27595
2023-01-01 19:52:00,161.93031805092446,162.62334362771645,161.76479882405667,161.98640804000868,92568
2023-01-01 19:53:00,162.4132333398392,163.23223627173007,162.28808758398515,162.77683041777277,18757
2023-01-01 19:54:00,162.96055490357782,164.84591871018137,161.67444050007566,162.5434658984065,12954
2023-01-01 19:55:00,162.19704673212635,163.17862671071686,161.90843226956628,162.07715885293257,96329
2023-01-01 19:56:00,161.70043983682504,162.64833742632106,161.394022994941,162.03220500892604,62349
2023-01-01 19:57:00,163.31640821473155,163.48794134749974,161.8921137634807,162.07549592066314,38930
2023-01-01 19:58:00,162.13674638200303,163.11775388002016,161.02712695601608,162.6237283692203,93342
2023-01-01 19:59:00,162.28763074205958,163.08305761830044,161.5431171785301,161.81428601740544,89760
2023-01-01 20:00:00,163.29281085582224,163.74983959182052,162.27802412730378,162.57297672462082,95772
2023-01-01 20:01:00,163.17778204355344,163.27487271642892,161.27101527674705,162.51217057903932,4811
2023-01-01 20:02:00,162.17824300916286,162.4632348053856,162.14222631765682,162.32030168832844,31368
2023-01-01 20:03:00,161.868007987338,161.91083340153122,161.6535702962153,161.84367845590035,33719
2023-01-01 20:04:00,160.988120412663,161.1618107306319,160.74426667676488,161.05637855046982,9637
2023-01-01 20:05:00,160.4553312852521,162.38110040866746,160.12566473149892,161.47021480787143,13133
2023-01-01 20:06:00,161.249257582205,162.2292163840005,160.83495323842368,161.5218778330858,47986
2023-01-01 20:07:00,160.6199057728267,161.5612773356497,159.74268885950906,160.91295930029682,29871
2023-01-01 20:08:00,160.50859493528986,161.11362033156524,159.15448620126426,160.3038657230076,94107
2023-01-01 20:09:00,159.62927247020002,160.19393765518328,159.44839974075484,160.15841335353937,42472
2023-01-01 20:10:00,161.31794417316175,162.08585594897826,160.43486304357342,160.9763527129045,59333
2023-01-01 20:11:00,160.93797054775155,161.4072072015874,159.91911829290336,160.8670861413608,56508
2023-01-01 20:12:00,159.5575140919908,160.2016200650535,159.033193459871,160.15775416920883,2401
2023-01-01 20:13:00,160.66588963733085,160.79388423881596,159.85944000009852,160.05569697288576,11004
2023-01-01 20:14:00,159.84673208619327,159.9466376234043,159.18131779349,159.94074965947237,99849
2023-01-01 20:15:00,158.49463427273582,159.8356688952091,157.3021106638584,158.66271752018224,36301
2023-01-01 20:16:00,159.01453539604978,159.03956197066927,158.11519516373,158.65274007872694,94544
2023-01-01 20:17:00,158.6391312394042,159.6973428225809,158.55260621731532,158.5586901647456,6901
2023-01-01 20:18:00,158.23296250528273,159.45705657835998,158.22883275211365,158.9057147416296,70621
2023-01-01 20:19:00,159.56826467488838,160.37560013698197,159.07204113150902,159.8030343824833,68751
2023-01-01 20:20:00,161.17197183015236,161.74641708936633,160.30635434831342,160.35910021637434,49809
2023-01-01 20:21:00,160.7397323579791,161.31452768876804,159.76437781050618,160.2457798809688,82299
2023-01-01 20:22:00,160.35413594374452,161.7244149316338,159.10715234229062,159.72985613734247,59171
2023-01-01 20:23:00,160.94120932600683,161.01598659704328,160.9305382537905,160.97895629644435,68720
2023-01-01 20:24:00,160.52877180756914,161.53982575789902,160.32095784986205,161.02365295717746,65744
2023-01-01 20:25:00,162.87492642836165,163.32072671779093,160.30554775003796,161.04648415887397,11354
2023-01-01 20:26:00,161.81562738889232,162.1130385623296,159.86143948851364,161.05093302591257,59860
2023-01-01 20:27:00,161.03956907899902,161.17894539263088,160.75154370998428,161.1627433258348,10504
2023-01-01 20:28:00,160.90690674736828,161.2537569203518,160.22079462830325,161.10906304012747,55320
2023-01-01 20:29:00,161.43695391969143,161.92972840129045,160.70488974527106,160.8479075011409,4523
2023-01-01 20:30:00,160.31964994126088,160.88897953568207,160.17470518627277,160.6001089427006,75243
2023-01-01 20:31:00,160.4023396285995,161.00079240400837,159.95408753584164,160.60038841730008,87703
2023-01-01 20:32:00,160.68236137674265,161.11725983693333,159.68716838249674,160.3546257681828,34787
2023-01-01 20:33:00,160.13937336545533,160.30124173616653,159.9514434315655,160.02773687462476,92407
2023-01-01 20:34:00,159.96869330452566,160.90085436233664,159.95104553930526,160.09483501373,24982
2023-01-01 20:35:00,159.99591741945068,160.0266403684335,159.36512364632364,159.98838289056562,2049
2023-01-01 20:36:00,160.91259313405297,161.17965161705467,159.45873597192426,160.72624594722097,14381
2023-01-01 20:37:00,159.27318375421268,160.65530408630656,158.78619730027296,159.4640772955484,68876
2023-01-01 20:38:00,160.11852277737688,161.0063224900284,158.6915776190028,160.00219210228872,49390
2023-01-01 20:39:00,160.96931116622122,161.01599305843283,160.40784405600283,160.61632140853644,13061
2023-01-01 20:40:00,158.856417036639,160.64550656006352,158.66640112028634,159.63332210475593,72241
2023-01-01 20:41:00,159.35235864457138,159.61934654502923,159.0821156829534,159.48517235970502,51296
2023-01-01 20:42:00,159.12704170830534,159.37786889811,158.91658343102236,159.32340294533665,25014
2023-01-01 20:43:00,158.82705462694133,160.0521161969938,157.9750189326445,158.66658662696778,65535
2023-01-01 20:44:00,158.39250812411962,158.57473210925147,157.46639050405702,158.31221272910585,66191
2023-01-01 20:45:00,158.07180240035783,158.62680120683873,157.73070795817077,157.80059079188118,52576
2023-01-01 20:46:00,158.22374694461197,160.0031373009603,158.10276276739916,158.64589878455857,29147
2023-01-01 20:47:00,158.33418242743323,159.52391714989983,158.25033248889775,159.10708799339955,69020
2023-01-01 20:48:00,158.6901132208765,160.049318992468,158.62942020594167,159.72993898736195,57148
2023-01-01 20:49:00,159.31953465532146,160.68820587256147,158.3717793474746,160.09172988553618,2745
2023-01-01 20:50:00,159.50854923625306,159.64922962002024,159.149643256314,159.56548350497127,23148
2023-01-01 20:51:00,158.1075993808405,159.8185348927474,157.66986758755763,159.3303540636305,17216
2023-01-01 20:52:00,159.4358867545959,159.60054555653963,159.13479127026022,159.5802037653674,99083
2023-01-01 20:53:00,158.97724774228305,159.18373285323943,158.5238494914963,159.01107957143304,42929
2023-01-01 20:54:00,159.12883214733498,159.41361615095374,159.0312520051882,159.36710462973352,63637
2023-01-01 20:55:00,159.15225964955002,159.74901889996133,158.25503795511216,159.26814145157613,60991
2023-01-01 20:56:00,159.14451791359886,159.378006081404,158.63708348471837,159.10497722553387,23012
2023-01-01 20:57:00,159.93577767910094,161.12324434151242,158.8969657690266,159.46023953190428,67313
2023-01-01 20:58:00,159.93341081391506,160.466177998996,159.66295092758693,159.6887125580519,10525
2023-01-01 20:59:00,159.4077875127266,159.77009343348692,158.81878085165022,159.5317547624177,44348
2023-01-01 21:00:00,160.70476485628788,160.7217189859872,159.95639616138297,160.10255769153113,61447
2023-01-01 21:01:00,159.99240916397872,161.11450904225757,159.15676140203905,159.5993249359745,69650
2023-01-01 21:02:00,159.36611597536492,159.97976770081027,158.97091165519993,159.9101935896851,87030
2023-01-01 21:03:00,159.6879694714823,161.04071992434245,158.51567441383318,160.21071341998407,67881
2023-01-01 21:04:00,159.0720215961228,160.7636804022206,158.93244800476415,160.07795652368875,3041
2023-01-01 21:05:00,159.73844120157116,160.56952173926706,158.70960177323406,160.25058444260733,80866
2023-01-01 21:06:00,159.6372828869868,159.98013778777124,159.4694070170936,159.66513445559212,79734
2023-01-01 21:07:00,159.09703225946555,160.46457348944423,158.9080339216516,160.12370566382447,52826
2023-01-01 21:08:00,160.19924879371874,160.4114076106231,160.01391534561822,160.05089638857362,76283
2023-01-01 21:09:00,159.2201880571564,160.02508031701913,159.21745506414388,159.81591461422144,18073
2023-01-01 21:10:00,159.79735991768513,160.78052523442327,159.13702629229897,160.3348413122805,96822
2023-01-01 21:11:00,160.02913939172385,161.53615293856566,159.85095448133984,160.01208229485428,29028
2023-01-01 21:12:00,159.21020912246775,159.69766398600868,159.19807269952406,159.35197102849523,92646
2023-01-01 21:13:00,159.47446388093456,159.9896239470227,157.05465626826322,158.6237504447136,24440
2023-01-01 21:14:00,159.48474541297458,159.5375379992551,158.90718776726163,158.92799553362588,33887
2023-01-01 21:15:00,158.38796118011666,158.811438975765,158.27696435019442,158.33340012193528,39937
2023-01-01 21:16:00,159.14074974139697,159.53929966348136,158.67420650060035,159.1827610499908,66045
2023-01-01 21:17:00,158.0669044473524,159.16539624027234,157.6440276329419,158.2044575117215,62503
2023-01-01 21:18:00,159.71691095679907,160.7813029333472,158.67951668243978,159.02543883578556,78782
2023-01-01 21:19:00,158.55956981075119,159.32549273358563,157.96595154636503,159.14201281564087,28428
2023-01-01 21:20:00,157.80841762259956,159.21983781513998,157.28889557580774,159.11175365905626,2613
2023-01-01 21:21:00,158.63295710663988,158.90926249942223,157.98703462311033,158.86755573990877,49343
2023-01-01 21:22:00,157.99724577269268,159.18890365626072,157.82468436593635,159.07367183216667,74159
2023-01-01 21:23:00,158.81984236850735,159.10585203351516,158.80381227837574,159.0716191284408,61127
2023-01-01 21:24:00,160.14462333594147,160.43033762991558,159.20053099470104,159.6140383406331,53088
2023-01-01 21:25:00,159.64239226374258,159.83675346058615,159.25495558885953,159.68469675334646,72195
2023-01-01 21:26:00,159.60693389989837,160.23128142129443,158.98625640312514,159.7726678966234,46023
2023-01-01 21:27:00,158.34630558836943,159.8387176044812,157.0345399819713,159.61435928373746,30653
2023-01-01 21:28:00,159.228076384087,160.06538025908387,158.39939770231683,159.60305270193308,78616
2023-01-01 21:29:00,159.80949749987872,160.89436350713927,158.96734325422574,159.76639131302997,78512
2023-01-01 21:30:00,158.9598318242197,159.46194273304044,158.6348886446589,158.96268565426422,16718
2023-01-01 21:31:00,157.79852642517187,158.41397212304378,157.18384192476606,158.3356483964561,75877
2023-01-01 21:32:00,158.48280878423344,158.97303187484223,157.93328878954586,158.70453756806643,55219
2023-01-01 21:33:00,159.31197109110911,159.58987505182296,158.68787554511692,158.80175938285663,54954
2023-01-01 21:34:00,158.55211011537992,158.74619300989318,158.0741441633686,158.72998892626512,17296
2023-01-01 21:35:00,159.00020861488414,159.9180526068776,158.44329862544137,158.75463997913175,27285
2023-01-01 21:36:00,158.735311459836,160.34188545994044,157.60243957764337,158.93605606862374,53310
2023-01-01 21:37:00,158.7670725017408,158.98559120002017,158.63668858020074,158.6945878497909,15134
2023-01-01 21:38:00,158.43629704180896,158.64383254308655,158.19604069752995,158.3399190657181,54642
2023-01-01 21:39:00,158.11374480123396,158.609038845639,157.70297966707017,158.4487834231494,95873
2023-01-01 21:40:00,157.84689596551502,158.01369936512933,156.50284740918084,157.99956237244942,1455
2023-01-01 21:41:00,158.7082861986354,158.98124935831245,158.0822759075111,158.20887359890736,74179
2023-01-01 21:42:00,157.42264953555448,157.452221875992,157.1604191800446,157.41660298356393,71156
2023-01-01 21:43:00,158.35627816479104,158.8920098956898,157.05014030295263,157.91836319696984,9867
2023-01-01 21:44:00,159.17453164188694,159.25801787808658,156.3799613536942,158.15805049591057,26577
2023-01-01 21:45:00,158.65325869645983,159.36856476502024,157.40485823122782,158.29534579190437,29647
2023-01-01 21:46:00,158.91080290616983,158.9332733674764,158.31679746951346,158.77784155381428,49894
2023-01-01 21:47:00,159.71624686645376,160.418705841786,159.58426315872032,159.58704065033407,92007
2023-01-01 21:48:00,160.00260204224668,160.5452300550227,159.97254907242484,160.0886403048007,71635
2023-01-01 21:49:00,159.3325712060267,159.48439342039293,159.1236633195914,159.22054001083308,14887
2023-01-01 21:50:00,159.02449231440488,159.03662546710217,158.30158554656384,158.6252572579469,44314
2023-01-01 21:51:00,158.20937227372153,159.01927956556324,157.62862951576403,158.34378376079314,49203
2023-01-01 21:52:00,157.7940950049497,158.39531711612923,157.6323029065494,158.37201220600727,94205
2023-01-01 21:53:00,158.68302353263664,159.0435838614574,158.28999647502027,158.63379750935272,1059
2023-01-01 21:54:00,158.7193184865131,159.08101886907252,158.05112431889964,158.3042783978053,13673
2023-01-01 21:55:00,157.8911524984127,159.5214836382967,157.1408171356502,158.4088067592828,56351
2023-01-01 21:56:00,157.77537533120116,158.1503992046697,156.83558999800334,158.06566971307748,89231
2023-01-01 21:57:00,158.01847639369475,158.04305258455776,157.0554815965861,157.79149636683462,72067
2023-01-01 21:58:00,157.3385053125358,157.63359213945898,154.76969688348652,157.14139803841323,69300
2023-01-01 21:59:00,155.86363133850466,156.7844947029114,155.4846014906944,156.72187768918883,2794
2023-01-01 22:00:00,151.17730792041013,151.68733757122348,150.92980364637745,151.5319602304777,11721
2023-01-01 22:01:00,151.52608721984967,153.26007717768834,150.50096229967582,152.02609464696297,60286
2023-01-01 22:02:00,151.60516522421253,153.0398105828496,150.67024754343103,151.6082970404338,6686
2023-01-01 22:03:00,151.748290298206,152.94622865703434,151.61471334937326,152.82073075616717,48443
2023-01-01 22:04:00,153.30890353934507,153.5960513491837,152.38973629947145,153.06218043556592,96003
2023-01-01 22:05:00,152.74077730089155,153.80264978471413,152.12951574169176,153.16236091395749,65263
2023-01-01 22:06:00,152.80721353910465,153.0185666423205,151.25992907992094,152.78327283768462,63722
2023-01-01 22:07:00,154.0320067841584,154.1169930129447,152.95374426356054,153.11953807109842,53573
2023-01-01 22:08:00,151.7064900644316,153.2159648454519,151.66868806686944,152.87042583075618,13888
2023-01-01 22:09:00,153.20805151479263,153.2138843013656,152.70655003591125,152.94166795030034,40348
2023-01-01 22:10:00,154.0604230849715,154.15408880957312,153.83107823330892,154.13159291522518,14533
2023-01-01 22:11:00,154.35478013184368,154.64038650210605,154.0448866254544,154.10258847843718,22916
2023-01-01 22:12:00,154.4321247573329,155.60237430543884,153.68541693905215,154.64931672063457,62422
2023-01-01 22:13:00,154.0064015837084,154.8667616780205,153.07986137588574,154.3385443912673,51525
2023-01-01 22:14:00,154.06606314884908,154.69069009453023,153.76583103045456,154.33777802762518,4553
2023-01-01 22:15:00,155.95035261946217,156.80105393421948,154.54641879218582,155.17311611172963,9144
2023-01-01 22:16:00,153.79656704621414,155.00371066404438,153.67282051195525,154.8967681271718,92045
2023-01-01 22:17:00,155.76998362273534,156.21484558436154,155.0406874924692,155.75448507607598,60931
2023-01-01 22:18:00,155.52567935816103,156.1842587819237,155.27544108582578,156.10076713938898,64712
2023-01-01 22:19:00,155.8177973104352,157.36649647905762,155.7899959938781,155.8529727304804,6437
2023-01-01 22:20:00,156.30985036620135,157.52851367634412,154.8039909395128,156.16424590608213,91083
2023-01-01 22:21:00,156.52807176198965,156.7096020991636,156.27897851764018,156.6354970273584,33518
2023-01-01 22:22:00,157.37104193072102,158.21894477083922,156.7402963421967,156.9433531145265,24830
2023-01-01 22:23:00,156.00108407347582,158.17761822758885,155.83149140433775,156.21973845178917,75285
2023-01-01 22:24:00,156.0971674822591,156.12644449786,155.85194772178522,155.89458088735654,47553
2023-01-01 22:25:00,155.72724002425724,155.90307478776018,155.4505562485304,155.79440990359194,88885
2023-01-01 22:26:00,155.2133577644807,155.9970530633932,155.1108073485922,155.77520040809108,95825
2023-01-01 22:27:00,156.01702639457673,156.1637081999205,155.86378798752554,156.0808338892829,6915
2023-01-01 22:28:00,156.63533132653492,158.59910572652274,154.69300675385304,156.1796491338977,29695
2023-01-01 22:29:00,155.22881801344985,155.77042728140876,155.19400077525648,155.56960625856226,76270
2023-01-01 22:30:00,155.99032173804062,156.15989640581176,155.72856268264675,155.76260490913216,15703
2023-01-01 22:31:00,156.2901972967104,156.57021118232487,155.10932202472057,156.06350044824046,89035
2023-01-01 22:32:00,156.40265026401454,156.5719804372183,155.897336584816,156.34119536875008,22478
2023-01-01 22:33:00,156.5812618569427,157.05059226765485,156.46174358474013,156.8637411399811,68918
2023-01-01 22:34:00,157.5188120452714,157.59467899588807,157.04375063760023,157.27186396104125,31128
2023-01-01 22:35:00,157.97217408413707,158.93666061822054,157.46966686789017,157.50423946829943,54250
2023-01-01 22:36:00,158.3250118973176,158.41379137562072,156.75410196131136,157.48683570118612,92119
2023-01-01 22:37:00,156.24485902747742,156.8249991399276,156.20001789551128,156.7178459398281,38126
2023-01-01 22:38:00,157.5827078884851,158.7435675603908,156.48416837249593,156.93550425005895,47799
2023-01-01 22:39:00,157.21448682494514,157.33245916495216,157.03963345566615,157.0489785162184,95228
2023-01-01 22:40:00,157.34023367100136,159.3171171039745,156.68950536512133,157.19263695097447,59248
2023-01-01 22:41:00,156.65465029337906,156.7868851045781,156.20848023905566,156.60626978859977,33907
2023-01-01 22:42:00,156.44616793718194,156.97516842305694,155.55733309591136,156.11402971890692,8644
2023-01-01 22:43:00,156.46931352345638,157.75208276621171,156.44565484901875,156.62287692941013,35583
2023-01-01 22:44:00,156.69354918086609,156.7914240827078,156.54150821917753,156.61995349111982,55560
2023-01-01 22:45:00,157.19474541121184,157.6164693540133,156.78715589813956,156.95582530904892,16185
2023-01-01 22:46:00,157.0694492683407,158.89639086143703,156.62399291244762,156.98485509387075,42988
2023-01-01 22:47:00,157.54826975633634,157.55168532016881,156.7483583597955,157.0145673691208,11446
2023-01-01 22:48:00,158.04000365570965,158.1137487736671,157.39664753026904,157.47224150345204,24162
2023-01-01 22:49:00,157.17230789347462,157.38269375233043,157.08532534651513,157.2442005673971,15150
2023-01-01 22:50:00,157.83563327635667,158.28828491081512,157.30196337449811,157.30526829163784,42304
2023-01-01 22:51:00,156.2531819230132,157.31119166298055,155.76325742390554,157.10284380352397,96373
2023-01-01 22:52:00,156.7597805352329,156.94022722956586,156.13647097262208,156.91377230904976,37003
2023-01-01 22:53:00,156.97630379014404,156.99447937116295,156.73359297931043,156.78392359372188,52746
2023-01-01 22:54:00,156.42636041681328,157.77868376398635,155.66953890544073,156.90408299891948,67923
2023-01-01 22:55:00,157.39317904958764,157.6321669047432,156.4029051082949,156.69442056681206,78745
2023-01-01 22:56:00,157.09441319258517,157.76985888609357,156.4232563132359,157.30039994427864,1983
2023-01-01 22:57:00,157.28315513817424,158.20753447891113,156.67563772902753,156.89396372497646,48114
2023-01-01 22:58:00,156.88395339493482,156.90718221059234,156.52995722982857,156.82169602246813,98687
2023-01-01 22:59:00,156.53653927685713,156.65742119022974,156.41051949287416,156.63050008101345,52274
2023-01-01 23:00:00,157.15353878728897,157.4524102745796,156.89124358346925,157.32608573991905,88339
2023-01-01 23:01:00,158.0020947668208,158.50682169775612,156.96597939331693,157.4345879293592,20378
2023-01-01 23:02:00,157.14878218805924,158.12439634596933,156.8037962867153,157.93767544778734,8548
2023-01-01 23:03:00,157.12906746926055,157.34364204442033,157.02585130158516,157.2495913591677,40621
2023-01-01 23:04:00,158.1704567991781,158.25945505655204,156.9497743475603,157.39129695384452,67311
2023-01-01 23:05:00,158.2028311479423,158.47462440223092,157.6291547670854,157.82709651773965,87901
2023-01-01 23:06:00,157.77693716712142,158.0273344267927,156.58298082709234,157.88183915674313,97243
2023-01-01 23:07:00,158.3567193966642,158.73495410801806,158.21603407117098,158.40228734426103,90673
2023-01-01 23:08:00,158.74274801110064,159.6786425183861,157.62718617828327,158.17230855185747,22531
2023-01-01 23:09:00,159.9557800148988,160.00415910700224,158.31280322398928,158.85688499721007,18870
2023-01-01 23:10:00,159.98207428595234,160.9503078109909,159.52914376255808,159.96835807024203,50547
2023-01-01 23:11:00,159.4872434904739,160.28268820378847,159.335192760391,159.81022683977474,46738
2023-01-01 23:12:00,159.25922160751549,159.89860181733923,158.59138055486218,159.61262028545048,68537
2023-01-01 23:13:00,160.14482438660121,161.2837049217118,159.42333287338627,160.32451706150388,15756
2023-01-01 23:14:00,160.73083906522777,162.30330616925917,160.43226320686364,161.10028193749426,58707
2023-01-01 23:15:00,162.3286039559144,162.57202353467358,160.38788177801712,160.8636932723233,41830
2023-01-01 23:16:00,161.24802522485606,161.25623937331432,160.3707209114795,160.6770012318634,94399
2023-01-01 23:17:00,160.73434262938545,160.99490800788627,160.3909334689635,160.55724001415157,11046
2023-01-01 23:18:00,161.510182173894,162.26644071600543,158.9101132896136,159.92571194799115,24652
2023-01-01 23:19:00,160.0365946919224,160.29395923891042,158.46818192518566,159.50095631946428,56029
2023-01-01 23:20:00,159.48296476466777,159.76914354725633,158.81208146954918,159.03642217736729,37956
2023-01-01 23:21:00,158.2273669716476,159.13460223789573,158.1854564433285,158.68600248645308,14886
2023-01-01 23:22:00,158.1380214002908,158.87826861858645,157.99949689474926,158.6853590683234,87281
2023-01-01 23:23:00,158.32817596219164,159.18609832329506,158.2626189052604,158.8127269510252,32823
2023-01-01 23:24:00,159.41044308863619,160.0558669275537,159.40400292874384,159.56732585792847,39948
2023-01-01 23:25:00,159.13020145708245,159.88386186906916,158.79790147708167,159.10536853689382,14322
2023-01-01 23:26:00,159.62914042828473,160.69356080110458,158.94184383591653,159.59111200765372,74330
2023-01-01 23:27:00,159.3844077491811,160.9387367501757,158.89079222953134,159.50461896603292,7162
2023-01-01 23:28:00,159.3727099158027,161.27016629495162,159.24165891006135,159.49690035744726,83293
2023-01-01 23:29:00,159.56088301814796,160.24977463757253,158.78447462390085,159.8357448993871,6905
2023-01-01 23:30:00,158.80302420422498,159.55312608907622,158.5208956948307,159.31337514198296,95301
2023-01-01 23:31:00,159.82612509863446,160.0156845953749,159.0863021060611,159.51207544155247,58483
2023-01-01 23:32:00,159.49721693702597,160.59996563399352,159.48826483109974,159.60768006067832,39457
2023-01-01 23:33:00,160.51814729404998,160.84099893485111,158.79079511609376,159.85943784005826,85940
2023-01-01 23:34:00,160.2694011916756,160.2819687926546,160.00420917184516,160.0141027944105,16380
2023-01-01 23:35:00,162.16914604303312,162.65473107220708,160.94411110424446,161.2087521516264,16508
2023-01-01 23:36:00,161.24022566738415,161.3724060830637,160.87615126595273,160.9164452256665,20676
2023-01-01 23:37:00,161.0475160841326,161.15808354951207,159.49385548789843,160.67619844291545,89796
2023-01-01 23:38:00,160.3893615726208,160.91889011785787,160.2493878790396,160.3918945101148,73433
2023-01-01 23:39:00,160.6928235315236,160.69931741664746,159.50436541925544,160.14065161706841,2564
2023-01-01 23:40:00,160.12564460279611,160.3727326052136,159.28192687031287,159.85045091253252,14870
2023-01-01 23:41:00,160.53138713879764,160.74670761544797,159.9592262328444,160.43663044354378,15219
2023-01-01 23:42:00,160.65275866674722,161.64842080184067,160.0900431940606,161.13637685182283,82977
2023-01-01 23:43:00,160.865038977567,161.04415759029357,160.64981647559446,160.87658651987883,20880
2023-01-01 23:44:00,160.48878820825487,160.78013420454832,159.9382937792925,160.4909546084154,11379
2023-01-01 23:45:00,161.0019378387669,161.4658355366382,160.24394965433717,160.73397750186135,55294
2023-01-01 23:46:00,160.86687130356205,161.50369464418435,159.3450838608815,160.48376788048512,3948
2023-01-01 23:47:00,159.43107810419596,161.59253445446208,159.23702733094942,160.8045421060477,96129
2023-01-01 23:48:00,161.03553910351502,162.22018575547654,160.3816759848437,160.9185153906106,36902
2023-01-01 23:49:00,159.88924668583624,160.50788206979098,159.41488665973174,160.20287336405744,84507
2023-01-01 23:50:00,160.3374811740939,161.62049883894284,159.8852154943886,160.96263799079054,9969
2023-01-01 23:51:00,161.29783923942225,162.10594048141056,161.12923287074122,161.84594187790026,63805
2023-01-01 23:52:00,161.24255573650424,163.50633309658602,160.87731253528338,161.56459438373733,21646
2023-01-01 23:53:00,161.43189069494366,162.51649636257707,160.8047267303129,161.3928343073567,61566
2023-01-01 23:54:00,161.618238014725,162.09041967266342,161.1582828219538,161.54738346770586,56818
2023-01-01 23:55:00,161.61822008385437,162.93895764051683,161.52945459998583,161.72563006396885,64451
2023-01-01 23:56:00,163.1578610231756,163.25957590152868,161.35985123586306,162.06131308924435,4678
2023-01-01 23:57:00,163.89119252343897,164.41820369917914,162.1732785189357,163.05484838194457,94055
2023-01-01 23:58:00,163.24000812703537,163.58550539082097,162.30183628448992,162.98459755673082,69879
2023-01-01 23:59:00,162.15973624312173,163.28880190122408,161.92377738938228,162.61056555109124,5014
2023-01-02 00:00:00,162.6397582478272,163.7889314171562,160.88843823961173,161.95395096841753,6107
2023-01-02 00:01:00,161.51939454558055,161.8984704653602,161.09239768474552,161.6150153399641,38423
2023-01-02 00:02:00,161.79473015800826,161.79913005195502,161.54815433790728,161.6151153928106,33332
2023-01-02 00:03:00,162.8389709583283,163.08270293916271,162.11677066550536,162.5013599329244,35010
2023-01-02 00:04:00,162.90856673719014,163.40038166052122,162.24109185497696,162.26527244888763,89935
2023-01-02 00:05:00,163.3771368254655,163.62483820546447,161.9645003326827,162.3904380149629,3661
2023-01-02 00:06:00,162.2249073108339,162.76485496963502,162.12579236160755,162.39867629490422,5798
2023-01-02 00:07:00,162.79064674656735,163.81435093201148,162.77482882760117,162.99389664611093,67076
2023-01-02 00:08:00,164.75214434432752,165.5360957528404,163.00531535237224,164.2458197237392,23329
2023-01-02 00:09:00,163.57931323624746,164.88751052421952,163.4366799654589,164.00066537538947,57060
2023-01-02 00:10:00,163.28941262545385,163.80700257123493,163.22186846578305,163.77626025922515,26850
2023-01-02 00:11:00,164.89507575044166,165.2026131828545,163.99809216058262,164.30566417591714,85705
2023-01-02 00:12:00,164.1174219699356,164.71602244002318,163.89542057127878,164.65821064463162,4157
2023-01-02 00:13:00,166.73561348249072,167.67518398199613,165.14516385403974,165.5869030372162,38485
2023-01-02 00:14:00,165.90542540326044,166.0195863376916,164.637376800856,165.8935343069327,6336
2023-01-02 00:15:00,165.69854402656034,166.60980608034723,165.27662670962027,165.7313109559958,73701
2023-01-02 00:16:00,166.14904568164698,166.78354897516195,165.9730507207653,166.04155408533077,94154
2023-01-02 00:17:00,165.3757200030393,166.93362589045657,165.18990396636568,166.6104308373592,43280
2023-01-02 00:18:00,166.45011123012875,167.18429878105061,166.33995631863507,167.03719454955393,53145
2023-01-02 00:19:00,167.1949640781145,169.73365994075522,167.02651843697754,167.3080991620809,80290
2023-01-02 00:20:00,167.56734635658768,169.26298377406238,167.40446099951728,167.86021991621553,6209
2023-01-02 00:21:00,168.4603981919552,169.22509564106008,167.8787864384881,168.46584058308494,62402
2023-01-02 00:22:00,169.27564214060197,169.60903160062938,169.1181284928087,169.18122689587705,81026
2023-01-02 00:23:00,169.49385656458,169.60088471078896,169.23614764964276,169.52739362261235,94137
2023-01-02 00:24:00,170.22874411489022,170.52492964280987,168.24233629337067,169.45935308422463,8645
2023-01-02 00:25:00,169.72065597788966,169.89512091337318,169.08451118433038,169.55088503870783,39508
2023-01-02 00:26:00,169.9679832826348,170.38143298109077,169.50055842441245,170.1815341164476,58822
2023-01-02 00:27:00,169.84551360029155,170.5399817027166,169.76625098853677,169.78147017257007,7018
2023-01-02 00:28:00,170.4587987330493,170.66434817295777,169.95612532785614,169.98623000876879,51908
2023-01-02 00:29:00,170.09462361171373,171.3932185023242,169.35515598914228,169.8026420862987,27374
2023-01-02 00:30:00,169.08643217377812,170.382736815757,168.96500268719987,169.83426519114923,6713
2023-01-02 00:31:00,171.25360482482932,171.4395734826295,170.25907188605134,170.50262341567284,96608
2023-01-02 00:32:00,170.06114665690254,171.68572940760694,169.23087401625168,170.61742235530346,88071
2023-01-02 00:33:00,169.77997062625127,170.79588824058837,169.49634734242636,170.6582527499874,97856
2023-01-02 00:34:00,170.27128333885398,170.52654446908343,168.54081728122486,169.97910655622948,94099
2023-01-02 00:35:00,170.4180033680776,170.44649190609718,170.15539489871037,170.3766470101382,85498
2023-01-02 00:36:00,171.21070522615287,172.21947169356733,170.6934172860301,170.72361096628194,2026
2023-01-02 00:37:00,171.50858835441528,172.58821497846625,170.9148904295367,171.8486393007863,71009
2023-01-02 00:38:00,171.76339850782804,172.28442063750902,171.0449879836102,171.70715035206717,71203
2023-01-02 00:39:00,171.8270523289033,171.9803984553999,171.4051171459088,171.83721010188805,52106
2023-01-02 00:40:00,171.2046609779867,172.99850467512525,171.08374546182284,171.9829540122596,94425
2023-01-02 00:41:00,172.94738308294777,173.16249505963353,172.63351775363967,172.81403753227096,92676
2023-01-02 00:42:00,173.5610650943106,173.6170567322488,172.43028879539057,172.78191371889244,83506
2023-01-02 00:43:00,171.94329037611843,173.63219340063972,171.34341571189745,172.94382152983843,82477
2023-01-02 00:44:00,173.26544718589608,173.36567758058712,172.2663320500293,173.27651174844652,95564
2023-01-02 00:45:00,175.29260740034033,175.39701460552635,173.30181635636393,173.39084433338428,34452
2023-01-02 00:46:00,173.40912106500545,174.6249604466006,172.96135582358428,173.17596091372047,88962
2023-01-02 00:47:00,173.3548388928307,173.67687421862573,172.36671241876107,173.29411367288355,4268
2023-01-02 00:48:00,173.6697899238774,174.9363253769783,173.27251314413903,173.8696052717599,81729
2023-01-02 00:49:00,174.27149009640434,174.7215535400705,173.00629977151385,173.351552802545,94602
2023-01-02 00:50:00,173.8608230755702,174.51731416323037,171.2766635826337,173.43803945629227,1658
2023-01-02 00:51:00,173.13862114911157,175.0223635272076,172.5200300379911,173.09110051566114,35064
2023-01-02 00:52:00,174.27466519411638,174.87633958493785,172.7587405129857,173.72896543421712,35293
2023-01-02 00:53:00,173.3239637231664,173.61955251695576,172.04639693351382,172.95247327536742,44042
2023-01-02 00:54:00,172.29914968407897,172.6807261000894,172.08583391550573,172.6797677751352,8792
2023-01-02 00:55:00,172.86656805167615,174.22755105996103,172.5923383390448,172.8924463288772,7604
2023-01-02 00:56:00,173.03723748338905,174.149860710774,172.9245525484063,173.721737411113,48821
2023-01-02 00:57:00,173.67512312420465,174.42884740450728,172.65378427908263,173.7048428360876,39557
2023-01-02 00:58:00,173.93050061935253,173.95416635956275,172.873631744688,173.4328907807905,8420
2023-01-02 00:59:00,175.1433231532789,175.44584584510716,173.737157685568,174.428997595566,39521
2023-01-02 01:00:00,173.94945560692986,175.1362036163328,173.03263858180662,173.6887136558634,62951
2023-01-02 01:01:00,172.35961813526447,173.8500374803605,170.63362276878038,172.56035919267643,24018
2023-01-02 01:02:00,172.40702249628458,172.9234262227953,172.20666881323768,172.80540238324923,64076
2023-01-02 01:03:00,171.82502642837292,172.5843126004266,171.67708926893374,172.56240987671518,6108
2023-01-02 01:04:00,171.97221495484249,172.66742280925055,171.32511239622286,172.05098692979507,93686
2023-01-02 01:05:00,172.6111326059471,173.13181958113788,172.16129116510706,172.43381230605587,71783
2023-01-02 01:06:00,172.53965849540748,173.03527534943206,171.9985719271381,172.577174146842,74937
2023-01-02 01:07:00,173.00064047811952,173.04168764283213,172.1719598270456,172.3023905759892,18007
2023-01-02 01:08:00,170.9894855540765,171.76350895106418,169.80942106149718,171.65782228937894,10997
2023-01-02 01:09:00,172.3622882698186,172.64287392183238,171.931139758525,172.1242804466468,6261
2023-01-02 01:10:00,172.26353839357822,172.86156177375977,172.1757356691748,172.47723910439652,70804
2023-01-02 01:11:00,174.20738333041763,174.21400511934687,172.32806477565447,172.44317009079558,72520
2023-01-02 01:12:00,173.37460899248322,174.1202753271887,170.83764385683386,173.4157342206209,21926
2023-01-02 01:13:00,174.33834634036836,174.69614804502302,171.78237403371298,172.8763671877507,98398
2023-01-02 01:14:00,171.73787184401473,172.13249458553375,171.45873153449136,172.10247307566064,98994
2023-01-02 01:15:00,172.23090568843207,172.94375162789026,171.5119657941766,171.7624460530655,66546
2023-01-02 01:16:00,172.25076630026584,172.9310124909313,171.50765374371437,171.75613240064573,18144
2023-01-02 01:17:00,171.8017873924913,172.00690456256353,171.75238690500674,171.8986931419143,26903
2023-01-02 01:18:00,172.12611991209454,172.52255785830798,171.24582967218745,171.79147852197588,2177
2023-01-02 01:19:00,172.8548160852229,173.04255351806376,171.10758038748583,171.99009802109458,93482
2023-01-02 01:20:00,170.9716831999732,171.65110278698847,170.83868581488557,171.36153986616537,61952
2023-01-02 01:21:00,171.7915898016088,172.63057831341268,171.71232802180944,172.12089319742677,10168
2023-01-02 01:22:00,172.63043270319213,172.93526579697024,171.77080778136246,172.09568548414006,3389
2023-01-02 01:23:00,172.5756786429301,172.6903927706968,172.53255785480707,172.68974042876567,7364
2023-01-02 01:24:00,172.65918361020687,173.47743600873795,171.3020281085266,172.88456485612153,28033
2023-01-02 01:25:00,174.3060734368743,175.00322115475868,172.71179363203348,173.13875005722724,49545
2023-01-02 01:26:00,173.00734015663707,173.83965970335188,172.6122113056877,173.4520103164017,12865
2023-01-02 01:27:00,174.11455300549784,174.25694257422973,173.4866671765458,173.70232336674593,19936
2023-01-02 01:28:00,174.55126512176662,175.4934518198139,173.39975486440642,174.05462090909165,78863
2023-01-02 01:29:00,175.17188602914752,175.31053440018047,174.2521546717747,174.76606179047025,98788
2023-01-02 01:30:00,174.82120507927405,175.09631358651268,173.9340786317291,174.88657408931084,4741
2023-01-02 01:31:00,175.60222708412283,175.70224093107134,174.9412416696785,175.2760484612631,90537
2023-01-02 01:32:00,173.25285698093734,176.1212562904413,173.19383614476064,175.24639051240743,4839
2023-01-02 01:33:00,176.1694033272949,177.44967784709746,175.75729831590326,176.02104118322555,20139
2023-01-02 01:34:00,175.51435359458802,177.43069982243532,175.32480647124893,175.68146545557352,47905
2023-01-02 01:35:00,176.5369196003376,176.9952465054513,176.17374990428178,176.64820916547498,91934
2023-01-02 01:36:00,177.80293452471895,178.04927344757223,175.81064026777057,176.64459249619628,53749
2023-01-02 01:37:00,176.04668479956635,176.40461824093353,175.7323919372302,175.90404090084385,26036
2023-01-02 01:38:00,176.36501642264417,176.6906505855458,174.52390123599358,175.98923355765407,46272
2023-01-02 01:39:00,175.55342124144104,175.68320080311244,175.49031233100158,175.64725920337332,2740
2023-01-02 01:40:00,175.8744905543213,176.49077666956376,175.55761769256193,176.10779413533425,85044
2023-01-02 01:41:00,176.0168334486102,176.12688449922845,175.07314192993186,175.78060840656346,59788
2023-01-02 01:42:00,175.71484192129887,176.03495598380636,175.47744358063596,175.56289528134985,32611
2023-01-02 01:43:00,174.65355885174193,174.8527072709019,173.90543930299825,174.58525184644748,71827
2023-01-02 01:44:00,174.17601113262162,175.23616519281768,173.84735914126153,174.3658123336586,32109
2023-01-02 01:45:00,173.52266082668766,173.56437895767306,172.74955850799125,173.1153238515327,20481
2023-01-02 01:46:00,172.25645625621212,173.0540147711718,171.1792669275193,172.3100418332066,6247
2023-01-02 01:47:00,172.78261908598608,172.8684352872636,172.51187274073328,172.72035408102238,54621
2023-01-02 01:48:00,172.97775014051325,174.14267227153607,172.86321898413684,173.14479716134778,22383
2023-01-02 01:49:00,173.38439968994268,174.43849520347507,172.360787367362,173.38310893077195,65535
2023-01-02 01:50:00,173.19429607783576,173.30201248444016,172.21354470517304,172.89747525179214,26319
2023-01-02 01:51:00,173.74700090963958,173.90166673919273,172.64382593642858,172.89001748026396,40334
2023-01-02 01:52:00,171.97964182769925,173.86859157867508,171.88686957874438,172.90543795287294,24728
2023-01-02 01:53:00,172.22727692430342,172.86548172739887,171.94891789003796,172.32186583498628,31442
2023-01-02 01:54:00,172.94258106273145,173.93173310490025,172.15485580792296,173.11630322293078,87846
2023-01-02 01:55:00,173.12865913859704,174.0649029784258,172.93381195309976,173.58927200224807,43521
2023-01-02 01:56:00,173.3731680457964,173.6773262565182,172.55082141191153,173.49155989922727,65777
2023-01-02 01:57:00,173.50700053198716,174.2492298350079,173.33906402139098,173.5229024536563,87988
2023-01-02 01:58:00,173.48068910000154,173.92757661258145,173.24359335138695,173.64873231287115,13137
2023-01-02 01:59:00,173.2959676778523,173.9708776845202,171.9665082286927,172.60246317123983,44636
2023-01-02 02:00:00,172.94078534324944,173.4749945360763,172.44352475035356,172.49173314236714,15905
2023-01-02 02:01:00,172.6705647794145,172.87662312910257,172.08842296714616,172.15607238094256,88309
2023-01-02 02:02:00,171.69754536056666,171.70638165062542,171.47859582987036,171.65598308741565,31024
2023-01-02 02:03:00,171.4750577938943,171.91135948725045,171.41750012050275,171.5283910443599,65966
2023-01-02 02:04:00,172.559280151987,172.64274136596612,172.3553724380218,172.47060671612218,18702
2023-01-02 02:05:00,172.5206724978296,173.76491089553667,172.14829431708534,172.819433448071,17505
2023-01-02 02:06:00,172.23621769930108,172.95382031104793,171.72824543582624,172.5405829031807,70790
2023-01-02 02:07:00,172.81472237855672,173.5986232324383,172.78808591287725,172.85421826203756,62071
2023-01-02 02:08:00,173.72331625489738,175.4881181544907,173.44574229867575,173.5971571540492,9498
2023-01-02 02:09:00,173.70758467962276,174.26522165577578,173.44543577215933,174.09605820605222,78710
2023-01-02 02:10:00,170.05951165923685,170.89059804200204,169.62757607462802,170.76479542371854,59456
2023-01-02 02:11:00,171.76918522478957,171.96439668859287,170.02034565421874,171.1395677871888,95958
2023-01-02 02:12:00,171.3945573486959,171.57243245499726,170.8834936478864,171.35870450034247,30733
2023-01-02 02:13:00,172.13069390457102,172.17904677648485,170.44079978309705,171.83603782217685,68432
2023-01-02 02:14:00,173.202576484398,174.32618704240556,171.5236659271137,172.1806576431713,58158
2023-01-02 02:15:00,172.19328798839433,172.9776361356838,171.94326668909912,172.7400137392002,4911
2023-01-02 02:16:00,172.49759067400618,172.75395499209878,172.3726562102209,172.4799181271781,50105
2023-01-02 02:17:00,172.26991629966346,173.27978283707216,171.79504323968501,173.17883818073636,74876
2023-01-02 02:18:00,173.47547879188792,174.22727849072828,173.11102998723464,173.29881627445124,83959
2023-01-02 02:19:00,174.875081814051,175.708727429156,173.15963174432747,174.3950669141386,65322
2023-01-02 02:20:00,174.81079846130243,175.76247757097204,173.7341417003416,174.0519335538736,37672
2023-01-02 02:21:00,175.04208104327378,175.48943708572477,174.76152683201803,174.97578231679032,71412
2023-01-02 02:22:00,174.86100613923202,176.5276450973603,174.5689908270523,175.0971686775179,67239
2023-01-02 02:23:00,174.29059794736813,175.14373822099915,174.27128250818228,174.7724940502103,64804
2023-01-02 02:24:00,173.49536395949997,174.97478358928566,173.08092119250503,174.5362614974556,62727
2023-01-02 02:25:00,173.69856707774824,175.16264901960508,173.52227363178338,174.3859784589463,7440
2023-01-02 02:26:00,175.43932871247353,175.87112309558734,173.8586114076551,174.625322837569,98473
2023-01-02 02:27:00,174.15899847564302,174.97732745034972,174.05526875548637,174.91668631752015,68560
2023-01-02 02:28:00,175.15116817601546,175.38627221281067,174.5337409946062,174.63312887526405,16751
2023-01-02 02:29:00,174.97635786238368,176.11786527225797,174.25976556306173,174.6378328322045,13730
2023-01-02 02:30:00,175.6970596679018,176.49855363593943,175.63359003141483,175.77766097379367,65792
2023-01-02 02:31:00,177.1702346686365,177.42834471986203,176.05006672896124,176.7062292329057,22380
2023-01-02 02:32:00,177.25626806759414,177.79935480255762,176.50742752024036,176.9552031870085,29972
2023-01-02 02:33:00,176.48099369691303,178.07138623775248,175.9903702098911,176.9930734469304,65385
2023-01-02 02:34:00,178.797829091425,179.02410954397257,176.87558148060128,177.0745068945524,38113
2023-01-02 02:35:00,176.5219449174351,177.73401544873795,176.46448825733958,177.4181295227184,11149
2023-01-02 02:36:00,176.90803467572903,176.98839690209405,176.88771511738676,176.89148550424895,56014
2023-01-02 02:37:00,176.8610545487288,177.14066600390765,176.0129870737594,176.7725914986831,39402
2023-01-02 02:38:00,175.53460730212615,175.90712765344313,174.62532427314855,175.90538896521466,83917
2023-01-02 02:39:00,176.15610904808395,177.48360894167544,175.61580674233983,176.13365600010857,50557
2023-01-02 02:40:00,176.41243496759955,177.68017820331053,176.3286037293203,176.4932483267334,98895
2023-01-02 02:41:00,176.63463249944877,177.01388201577257,174.34164156449498,176.25506020672992,1243
2023-01-02 02:42:00,176.6097361025992,178.32448294761113,175.8259532322397,177.10495510793544,3414
2023-01-02 02:43:00,175.4606954792743,177.37143442764483,174.99574026111824,176.4713980852896,4856
2023-01-02 02:44:00,175.71382174234049,176.03282055725117,175.37364789915054,175.7137843778033,72799
2023-01-02 02:45:00,176.53342079342715,176.60090515665541,175.84918121923928,175.84967359159003,82335
2023-01-02 02:46:00,175.7354943042209,176.7206401479208,175.69064138281777,176.41965424314716,59949
2023-01-02 02:47:00,178.19251492533286,178.65873748715524,176.66800008314848,177.32853003186386,42392
2023-01-02 02:48:00,176.82205575625437,177.16812211322895,176.35866085936166,177.10214306949914,13470
2023-01-02 02:49:00,177.7355361364194,178.60420139375466,177.09229830151338,177.69296334567213,14772
2023-01-02 02:50:00,179.30674273302458,180.0375027743492,177.18207408790443,177.69020458982823,28382
2023-01-02 02:51:00,178.10421252298354,178.14711082084264,176.8918781829655,177.61595106955437,70662
2023-01-02 02:52:00,177.3038498231231,178.14849682385133,177.05268233629258,178.1045689653176,85944
2023-01-02 02:53:00,178.087747895251,179.11560338416405,177.91533208588095,178.47092447747227,81399
2023-01-02 02:54:00,177.80250191267163,177.96920220876902,176.0557077692451,177.64475107313197,14584
2023-01-02 02:55:00,179.57724608477776,180.58007167107155,177.550816547383,178.44941447686875,24391
2023-01-02 02:56:00,178.63669014941811,179.36743803248183,178.0672072355635,179.20608890053305,86376
2023-01-02 02:57:00,178.90279922453192,179.13181763762705,178.59514851247064,178.88769557412436,37965
2023-01-02 02:58:00,179.60816030865328,179.86643219518854,178.8511570217786,179.11799748967192,92207
2023-01-02 02:59:00,180.0699349252657,180.38559245623622,178.99483521250684,179.40137838242012,13097
2023-01-02 03:00:00,180.16976323381286,180.33817340546358,178.2358271168611,179.55961421894918,19839
2023-01-02 03:01:00,179.26149571222018,179.72696371163755,178.9148514492436,179.2811324369895,84310
2023-01-02 03:02:00,178.64818710730015,179.4535771270834,178.31374914048746,178.93783235630798,38693
2023-01-02 03:03:00,179.28347421424917,180.29172854277806,177.49363155820603,178.94200836933032,52988
2023-01-02 03:04:00,179.0734578463423,179.75554785104833,178.58812944468437,179.58945402810505,50769
2023-01-02 03:05:00,180.11574057405875,180.3075425280447,179.83442653760437,179.90028753842748,3469
2023-01-02 03:06:00,180.02104152123002,181.25244837732208,179.1293850922957,179.71825669245686,13468
2023-01-02 03:07:00,180.109771817458,180.84661743518473,179.97667416201384,180.15229355903475,40025
2023-01-02 03:08:00,178.90474808026707,179.77256005674784,178.13694804804936,178.63079432916913,4165
2023-01-02 03:09:00,179.52565109805724,180.06686340587032,178.31583294784812,179.26427219726875,58603
2023-01-02 03:10:00,179.08855790705996,179.53845524339033,177.2969951444193,178.34659305133584,77906
2023-01-02 03:11:00,178.05274044468183,179.36127198758473,176.77867991111057,178.17050738939628,44251
2023-01-02 03:12:00,177.1581275934021,178.96496106533195,176.80047198426277,177.58984798043272,48526
2023-01-02 03:13:00,176.1393100132132,177.20110023254568,175.3870426143526,176.9178401058617,29942
2023-01-02 03:14:00,178.30171705749189,178.63585942567587,177.07229894106771,177.5516447937524,46017
2023-01-02 03:15:00,177.14547471130888,177.43904429102756,176.93904562796902,177.32027660553695,61555
2023-01-02 03:16:00,177.22467896336548,177.60675733464512,176.3477222720189,177.52233512565766,33209
2023-01-02 03:17:00,177.6505659076733,177.81069503658287,177.48574865930752,177.515099006986,40365
2023-01-02 03:18:00,177.70449556774574,178.06281362099614,177.59058250127197,177.78689636591136,2407
2023-01-02 03:19:00,178.93366695595924,179.2219976925288,177.80756818488902,177.84564883230166,65081
2023-01-02 03:20:00,174.80782933647802,177.41301149793227,174.568263261529,177.17890964351204,26976
2023-01-02 03:21:00,177.0674784471741,177.76202189974944,176.30016282306502,177.72617994082734,42969
2023-01-02 03:22:00,177.2741592376282,178.14212783081814,177.04497354391174,177.48069214478375,39325
2023-01-02 03:23:00,176.40338191745627,176.7522643328898,176.37830189125734,176.6696505157357,57741
2023-01-02 03:24:00,176.50551803789276,176.60396642474512,176.40590746599287,176.46041261318226,16515
2023-01-02 03:25:00,177.5857995337388,178.04472570474076,177.12767641191732,177.2725327301094,37174
2023-01-02 03:26:00,177.63217214993998,177.8065463238548,177.21161384227514,177.7424228682024,78330
2023-01-02 03:27:00,177.92270589052256,178.22974603202232,177.02684309304507,177.57428628516575,6700
2023-01-02 03:28:00,177.82848657191477,178.42016205716348,176.24655079714964,177.40598615107245,74663
2023-01-02 03:29:00,177.18693070596476,177.3300715274517,177.0876412816898,177.25254679936165,54379
2023-01-02 03:30:00,178.32142306028905,178.5824433762312,177.8737464493211,178.37459866148137,28391
2023-01-02 03:31:00,178.8917144895302,179.238039300852,178.41941049382422,178.59681887036672,77276
2023-01-02 03:32:00,178.87486276669466,179.37076683379775,178.51345134273674,178.84509076276407,68081
2023-01-02 03:33:00,179.18110693024636,179.6226347873458,178.52645362491532,179.41575868538342,90227
2023-01-02 03:34:00,180.4804024850386,180.5798258914783,178.6950978420296,179.56222787564974,58284
2023-01-02 03:35:00,179.32978511288508,179.75459422376457,179.22825818367843,179.44064154398555,83054
2023-01-02 03:36:00,180.02281287787724,180.15580813482532,178.74438698461748,179.35288617947933,63206
2023-01-02 03:37:00,177.791985274627,180.2853157548126,177.65117597900777,179.33229579050726,94590
2023-01-02 03:38:00,179.65293136814827,181.426419200195,178.86213323888515,179.330203572703,79593
2023-01-02 03:39:00,179.61498316389395,180.51315484793207,179.2514203686914,179.73959445561806,60485
2023-01-02 03:40:00,180.02161018454564,180.2657929605912,179.61225984257678,179.78557861240955,72539
2023-01-02 03:41:00,179.23611427111686,180.85350130523744,178.99181451136675,180.19871153086132,35032
2023-01-02 03:42:00,180.91026430906552,181.1108560139683,179.40590375554447,180.17309633081015,19156
2023-01-02 03:43:00,181.02907026715627,181.37382797816957,179.36297616581737,180.23361747760265,50316
2023-01-02 03:44:00,179.44170672179925,179.6017485858475,179.1417711731556,179.17121202589206,49787
2023-01-02 03:45:00,179.8549552200254,180.46596833492848,179.3377764593401,179.68166776736257,94099
2023-01-02 03:46:00,180.0530714894001,180.07257738783943,179.78163545865556,179.88640881577388,42579
2023-01-02 03:47:00,181.14104446119177,181.37318920058362,180.00160861616143,180.44298282052893,58574
2023-01-02 03:48:00,179.06320524435947,179.6287647777461,178.49919288992234,178.8932002404572,73261
2023-01-02 03:49:00,180.54054572633714,180.7852933870844,179.9643414044152,180.03187766319957,88218
2023-01-02 03:50:00,179.83014705753715,180.47118653026877,178.99096531442152,179.97448910238865,94263
2023-01-02 03:51:00,180.4124175905192,180.90152518633505,179.71453724099766,180.59082046012202,60235
2023-01-02 03:52:00,179.83063151912157,180.14853831815302,179.67335830663362,180.0454871484252,53904
2023-01-02 03:53:00,180.4295592395035,180.52774497129386,180.34521490683665,180.39447322588657,82721
2023-01-02 03:54:00,179.351042326538,180.52746360545652,179.25135054869426,179.84242163638916,37740
2023-01-02 03:55:00,179.41005640131118,179.71269510425623,179.24177300541393,179.52386551725337,74130
2023-01-02 03:56:00,181.24275269378708,181.95434374710393,179.61490336805568,180.57266082590726,50554
2023-01-02 03:57:00,181.11877366068916,181.1896036164128,179.67562443743353,180.48742200655434,8199
2023-01-02 03:58:00,181.60842812558343,181.68148294865216,179.70360104209325,180.62320244497405,40032
2023-01-02 03:59:00,181.42972828643255,182.46935077104402,180.12931926286421,181.11272802480167,93886
2023-01-02 04:00:00,181.59901469448218,182.14041543142142,180.7641282890252,181.40016219449376,82410
2023-01-02 04:01:00,181.024072092115,182.82062347208102,180.61431360870665,181.50016025208367,5480
2023-01-02 04:02:00,181.47141142283343,181.99138890176658,180.28482074965848,181.717031709409,31435
2023-01-02 04:03:00,182.74506409101116,183.5464302725366,182.68413537459318,183.04542805092086,31120
2023-01-02 04:04:00,183.2815943468586,184.74216380343432,182.70030691957191,183.03209202162557,73155
2023-01-02 04:05:00,182.8290105836341,183.19269485644622,182.09606012130686,183.16081796849912,3607
2023-01-02 04:06:00,183.8708871410438,184.4934967839104,183.59075821786482,183.75645020602082,75918
2023-01-02 04:07:00,183.26037965671327,185.44185925015597,183.14593501014514,184.3842684141946,75116
2023-01-02 04:08:00,185.74899849245895,186.06780131555186,184.1716281204455,185.05931598446472,86324
2023-01-02 04:09:00,184.84096507644668,185.9620110139102,184.33652933562837,185.43243085002516,23026
2023-01-02 04:10:00,184.35194814862828,184.85562467972443,184.31802265176972,184.81512355478677,18173
2023-01-02 04:11:00,185.64848288059144,186.6269040609424,185.56939361542888,185.73925361852378,89816
2023-01-02 04:12:00,184.42476053753353,185.56729079390274,184.04033631115078,185.11906353082065,35262
2023-01-02 04:13:00,184.19317800388544,185.3482005753714,183.9430363661854,185.30564621892253,52903
2023-01-02 04:14:00,184.640182837549,184.92017995976303,183.67960721572726,184.90486206209894,48156
2023-01-02 04:15:00,184.24688941490575,185.51946581143108,183.64338374337356,184.88777407191614,73246
2023-01-02 04:16:00,185.3143328481129,185.6353155553217,183.9918143780724,185.08861530004194,78764
2023-01-02 04:17:00,184.63347777283414,185.4894823305753,184.453350380012,185.28556284764505,63301
2023-01-02 04:18:00,185.24133758976166,185.59766567202107,184.89501638631623,185.5386188772066,92591
2023-01-02 04:19:00,186.5942674081797,186.80199102245084,186.13613095828026,186.45539001947748,65314
2023-01-02 04:20:00,187.2121484527229,188.10728333660654,185.53512426025108,186.7277273037074,97688
2023-01-02 04:21:00,186.41510335700286,186.84998163598434,185.75970752250447,186.60962763559596,21449
2023-01-02 04:22:00,188.80047103041477,188.93880129596712,187.09877451825207,187.16801244080713,94242
2023-01-02 04:23:00,187.747705951964,188.68467534828153,187.47015825348274,187.8546217238583,31466
2023-01-02 04:24:00,186.9589203295128,187.90505636120076,186.03625936153827,187.18157178081725,89121
2023-01-02 04:25:00,187.98800648429523,188.35221974823182,185.21265186561794,187.53575679016473,25279
2023-01-02 04:26:00,187.10209348905207,188.62992673233495,186.97303169543176,187.94899524845346,12837
2023-01-02 04:27:00,186.83702704291696,188.22113772714968,186.75509230297976,187.80000986354094,25209
2023-01-02 04:28:00,188.3375034669626,188.7433593031729,188.21400356149763,188.59386312385507,13220
2023-01-02 04:29:00,189.01703980762423,189.39318450123002,188.3682078169316,188.52782382164213,4965
2023-01-02 04:30:00,188.18276485468462,188.704820060639,187.99945479221626,188.617700570513,43276
2023-01-02 04:31:00,187.4408581279098,190.01358766681096,186.83643743742908,188.53862911198013,28230
2023-01-02 04:32:00,187.95224272554998,188.701521813105,187.31703864028609,188.56629473171296,90165
2023-01-02 04:33:00,188.1144722687454,188.78407012932544,187.05116507254286,187.96498976775857,42920
2023-01-02 04:34:00,186.0966955957215,188.3426944711193,185.35377716320323,187.17174881849968,66165
2023-01-02 04:35:00,186.96736741533934,189.5270295650167,185.86675516108724,188.08580489693284,62544
2023-01-02 04:36:00,187.71325031172543,189.10843292714745,185.49809210954405,187.6267092566774,94406
2023-01-02 04:37:00,187.6190821282679,187.65969958996413,186.91115037364148,187.08743687527087,83909
2023-01-02 04:38:00,186.22585610424147,186.9533783957657,184.71662578131605,185.8975289081184,95691
2023-01-02 04:39:00,185.47762055098946,185.70265329120744,184.66609393934516,185.55977443112232,24036
2023-01-02 04:40:00,184.83350581700185,184.99147377200592,184.74199418666248,184.841793677715,66322
2023-01-02 04:41:00,185.8053129535483,186.17803836613015,185.66587396172838,185.7708169394196,5847
2023-01-02 04:42:00,186.2715217545027,187.1758532180629,185.51875589186255,186.35217765805328,87250
2023-01-02 04:43:00,186.02557615962516,186.10931106320695,185.6751526575931,185.98609792967903,51772
2023-01-02 04:44:00,186.82078452196586,187.61865310565577,186.15117461011548,187.26146177829125,13893
2023-01-02 04:45:00,188.8350510287496,189.0718812744977,187.52674425029633,187.83172844512166,5649
2023-01-02 04:46:00,187.97362144539545,187.98414273416114,187.04708620798326,187.66747069731323,31571
2023-01-02 04:47:00,185.85571396775416,186.52430965978894,185.80381946104742,186.27906599811277,12613
2023-01-02 04:48:00,187.35006201979522,187.72522981598863,187.33221516306267,187.57795783274514,54833
2023-01-02 04:49:00,186.2423885274004,187.94513573942078,185.94287022375886,186.81475613180004,63423
2023-01-02 04:50:00,186.27288270560587,187.3905797336138,185.57504696345475,185.91128331045624,90964
2023-01-02 04:51:00,186.46255158381825,187.31773342319707,186.33358684164932,186.500196582658,42382
2023-01-02 04:52:00,188.26235717641998,188.78963630057513,184.71280485900974,187.88388951250215,53348
2023-01-02 04:53:00,188.2752076536099,188.9710865856241,188.25871901499661,188.68292558531795,89069
2023-01-02 04:54:00,189.0431050804321,190.65525328792094,188.29902551019956,189.02099394548364,54705
2023-01-02 04:55:00,189.4173096792328,191.22634894571354,189.00750023954294,189.37715921532308,76642
2023-01-02 04:56:00,189.90468096197424,189.93895543776205,189.43831067535044,189.88094917370054,98849
2023-01-02 04:57:00,190.48174937108834,191.04485928208473,189.3411450649668,190.33225551156923,86930
2023-01-02 04:58:00,190.7898714123257,190.9088763222776,189.5560826781071,190.5118481309842,78813
2023-01-02 04:59:00,191.6574254006974,191.70266435447368,190.0677946290745,190.5904539504708,56817
2023-01-02 05:00:00,190.18910427939036,190.59568818945596,189.78721236897232,190.5737240378842,81984
2023-01-02 05:01:00,189.1898696434908,191.377404182112,188.52042477774884,190.16172389180895,79669
2023-01-02 05:02:00,190.09704729977537,191.04958068876974,189.86817501201116,190.02061909478678,45142
2023-01-02 05:03:00,189.09559082284244,190.0921123920941,188.8097217637312,189.07453105089382,71182
2023-01-02 05:04:00,189.41165258938193,189.6745164651496,188.77246485603047,189.03765794753912,14708
2023-01-02 05:05:00,187.97530862446268,189.3983781078692,187.91532548112946,188.49591887064315,7090
2023-01-02 05:06:00,187.71314052919524,190.43907561257913,187.56555334199462,187.89070221531696,53902
2023-01-02 05:07:00,187.78335347118426,188.1513890920735,187.21218023074147,188.01089260069247,93170
2023-01-02 05:08:00,189.03572664269467,190.16563920652624,187.00895496619964,188.81482846702608,92757
2023-01-02 05:09:00,189.09078484668146,189.80507189653943,187.6711969787037,189.35388532719503,81928
2023-01-02 05:10:00,188.29899860670793,188.76228860931877,188.02470602193642,188.48067954211348,44752
2023-01-02 05:11:00,188.2035459104158,188.27659241186595,187.9001709872196,187.93995025904337,20643
2023-01-02 05:12:00,188.36832463809162,189.00964604930593,187.63452764825612,188.48916972489621,40647
2023-01-02 05:13:00,186.84071035389064,188.9835081490257,186.58807442728104,187.95245394264907,66082
2023-01-02 05:14:00,189.43376519040146,189.99720377246823,187.22028579390928,187.84458813270692,81329
2023-01-02 05:15:00,189.8425706215198,189.9303783862852,188.05942967563163,188.1733455214986,98330
2023-01-02 05:16:00,186.50668205755557,188.73579519394508,186.36430662771167,187.6455130089841,73974
2023-01-02 05:17:00,188.27819232287126,189.20860052239513,187.67995475566082,187.72359728301302,85431
2023-01-02 05:18:00,186.9575205841433,187.36456787673498,186.57030439104122,186.99108544842144,19474
2023-01-02 05:19:00,186.22040541746054,186.79301209153093,186.12214266223882,186.6724333914783,38402
2023-01-02 05:20:00,186.86130634447437,186.92930413287812,186.41530271506377,186.8701840502205,83487
2023-01-02 05:21:00,185.0535808866995,186.60937442622281,184.43602418840064,185.9958219720978,17504
2023-01-02 05:22:00,186.776462058221,187.1764636131924,185.3330659289822,186.26020093712967,7768
2023-01-02 05:23:00,186.32156379039438,186.3850968054252,186.19199057601452,186.26785373610122,75043
2023-01-02 05:24:00,186.60779339704288,187.03982494922636,185.96499707995258,186.59521387553494,96346
2023-01-02 05:25:00,186.53764757660642,187.95730737238702,186.1999919936842,186.73921731412915,1620
2023-01-02 05:26:00,187.33687017497488,188.35995088238369,187.04712484712167,187.5221067844602,21447
2023-01-02 05:27:00,186.69052159986077,189.15101341914365,186.56823097114037,187.61130608281132,99757
2023-01-02 05:28:00,186.60540536878017,187.39983596506355,186.35355175412147,187.38838321019048,20118
2023-01-02 05:29:00,187.78534737466558,188.59760307826423,187.35667759752883,187.4758734426031,63051
2023-01-02 05:30:00,187.90737376488013,188.04954841689863,187.1974618091518,187.80018684754708,47599
2023-01-02 05:31:00,188.09000337476223,189.13333880986193,187.48667946693718,187.84649465724146,67494
2023-01-02 05:32:00,188.52557966161868,189.01482524363124,187.02098248315014,187.88815432742174,11200
2023-01-02 05:33:00,187.38291988466568,187.54151677979283,187.25858981288982,187.51125537512888,95854
2023-01-02 05:34:00,187.20570723240817,187.2385949759684,187.08572236168715,187.1571023509485,59704
2023-01-02 05:35:00,188.06191460523453,188.140228510541,184.83979920435561,186.388295445947,54487
2023-01-02 05:36:00,186.88951779082367,187.87314619920116,186.57916805713904,187.38523615623504,47465
2023-01-02 05:37:00,186.61299771479858,187.01074494421167,184.12136613419162,186.70472986152112,30840
2023-01-02 05:38:00,186.20490993936602,187.6638818288472,183.80596323421977,186.3352943011849,89440
2023-01-02 05:39:00,185.99650541806906,186.31854216381774,184.55594429169378,185.95233394284116,19435
2023-01-02 05:40:00,186.88920156205612,187.24338972619208,186.22681730147863,186.4701690060209,48897
2023-01-02 05:41:00,186.56823606806213,186.91227669254107,186.31503629638942,186.32381807384334,98607
2023-01-02 05:42:00,186.88329832530397,187.31223533137822,186.75656350778945,187.03990265650657,64876
2023-01-02 05:43:00,186.193054694104,187.0200583663288,186.13077342269284,186.6806977843763,90727
2023-01-02 05:44:00,186.86410193930973,187.02755176384352,186.67565448303063,186.85561432879985,50412
2023-01-02 05:45:00,188.70102773488844,188.72475722052081,186.2718197075102,186.40603202978892,73282
2023-01-02 05:46:00,187.75466687004715,187.83233672371938,187.53583959112746,187.6242788440531,29484
2023-01-02 05:47:00,187.157115905893,187.8808114448368,186.804931355602,186.97457438115725,39658
2023-01-02 05:48:00,187.4434359198301,187.75794641739398,185.93781195925084,187.16705762488286,7053
2023-01-02 05:49:00,187.570944827925,187.59089519902946,187.50453593768088,187.54164079262958,83055
2023-01-02 05:50:00,187.88286841178518,188.50302068571605,187.6397367578797,187.79320864179252,56251
2023-01-02 05:51:00,187.59324066803026,188.0458888819028,187.58667040434935,187.70760067070958,41645
2023-01-02 05:52:00,187.498693932375,187.8564228609662,187.45075970331038,187.65326643458357,3545
2023-01-02 05:53:00,188.33898861422992,188.57815852769585,186.6288351341667,187.6966958586996,80983
2023-01-02 05:54:00,188.6242945893599,188.88284124157667,187.30090625704565,187.6326901583146,96495
2023-01-02 05:55:00,188.30130085301613,189.06811636793557,187.98011224206692,188.19401912234537,78213
2023-01-02 05:56:00,188.74583716569506,190.03389092737012,188.23192461512383,189.4608601483532,9560
2023-01-02 05:57:00,189.52068005031563,189.63375310962778,189.08786249591444,189.16293761502837,63375
2023-01-02 05:58:00,188.8666607374522,188.91076025673917,188.2024768122199,188.4045060420769,4662
2023-01-02 05:59:00,188.8247468442438,188.9784107779307,188.28266675402318,188.3734482855451,79591
2023-01-02 06:00:00,190.36079094783383,191.4584053872026,188.67555776855505,189.85013186089876,40497
2023-01-02 06:01:00,189.45787697875573,190.3646973949003,189.16730387685254,189.41138370597793,53606
2023-01-02 06:02:00,190.0675081470725,190.90397138311042,189.14021902250204,190.36172699087317,63112
2023-01-02 06:03:00,191.34285133723594,191.6812052045832,191.23977128138344,191.33887323659704,79334
2023-01-02 06:04:00,192.91857658496738,193.5599460651394,190.21928132093788,191.04023827270439,71344
2023-01-02 06:05:00,191.0986769229198,191.67430913197396,190.73532762554476,191.38543828559375,9048
2023-01-02 06:06:00,192.60054430178047,192.71105645245945,192.04653269235496,192.33953103368302,79643
2023-01-02 06:07:00,192.5798564077136,194.25862754855726,191.54388601349223,192.1400012310762,7520
2023-01-02 06:08:00,192.68079639731107,193.37633193719316,189.4210678638887,192.04186743927724,17928
2023-01-02 06:09:00,192.1524563284378,193.01550837195597,191.72096044019733,191.7259503591157,56368
2023-01-02 06:10:00,191.33763969355383,192.12055157424095,190.72216326482476,191.16145735842542,24501
2023-01-02 06:11:00,190.61274780109625,191.12434669577118,189.79383047620678,190.8082229789265,54751
2023-01-02 06:12:00,189.73236857831864,191.47317862880027,189.60076079641308,190.1266901992246,37191
2023-01-02 06:13:00,190.83402822501773,190.90035986400818,189.6196516957613,190.16514339927645,30476
2023-01-02 06:14:00,189.8113761816905,189.89463801155838,189.69936840620662,189.74489370392274,27948
2023-01-02 06:15:00,189.4066201861153,190.18966585095987,188.59869163783205,189.89694724223978,5483
2023-01-02 06:16:00,189.45786500759536,189.59701064571288,188.73063197308278,189.02955743663932,57123
2023-01-02 06:17:00,189.17697202038175,189.3682364209617,187.94341304342328,189.2360988239631,40887
2023-01-02 06:18:00,189.6372397716494,189.79779399230887,189.46172341708018,189.72822374070046,84017
2023-01-02 06:19:00,189.4040554768921,189.5260028373238,187.84946641019332,188.61239279685373,77254
2023-01-02 06:20:00,194.85710916344064,196.74486441288255,194.72644093658909,195.79800667053803,81909
2023-01-02 06:21:00,194.09195148345876,195.5889429209184,193.90081146154725,195.1070505704651,89780
2023-01-02 06:22:00,195.57820859806145,196.46084511255208,194.27183035605765,196.10555327130666,62055
2023-01-02 06:23:00,196.3129668534043,197.1000441405293,195.88153401609077,196.37167969062256,94165
2023-01-02 06:24:00,195.64061833958525,196.06610182484093,195.27195574255978,195.9759837716404,32257
2023-01-02 06:25:00,195.7947813036911,197.02286797876485,195.1951425864495,195.96279317044355,19327
2023-01-02 06:26:00,196.05699770776428,196.70647174270522,195.61542243819432,196.31062335360053,72304
2023-01-02 06:27:00,196.30821647301195,196.45801135237514,195.61340016476825,196.3750164132351,25866
2023-01-02 06:28:00,196.48794743429625,197.60730062266106,194.85382545598287,196.71204856545455,45649
2023-01-02 06:29:00,196.36791981522956,196.36842749415035,196.1772437837405,196.18839700464682,10166
2023-01-02 06:30:00,197.15247692764066,197.4945707935126,195.8894066688743,196.30769573009636,97279
2023-01-02 06:31:00,194.81388748321316,195.55022090179756,194.5364535768692,195.49475739374643,83334
2023-01-02 06:32:00,193.9432685479553,195.55994892399477,193.36234184627972,195.44907453384812,10042
2023-01-02 06:33:00,194.781614555358,195.1197503559577,194.61058770002055,194.9386157053364,12969
2023-01-02 06:34:00,195.23543917796053,195.4226636477578,194.22817692172822,194.52796000045208,52880
2023-01-02 06:35:00,194.96661415446528,196.26359632165483,194.9302297122384,195.26877684768465,73739
2023-01-02 06:36:00,195.57524715246927,196.5097116535023,195.29583561309778,195.92760010259923,64588
2023-01-02 06:37:00,196.78441832127135,196.9099947009408,195.58927222110657,196.30523377309052,5641
2023-01-02 06:38:00,196.14831572226578,196.6993228165982,195.16918774006837,195.68158415860069,29536
2023-01-02 06:39:00,194.63808498903123,196.19855254584155,194.18023566734308,195.51540639698422,80910
2023-01-02 06:40:00,195.95632788435202,197.66812515363634,195.47591635732525,196.24649580705596,15546
2023-01-02 06:41:00,196.35352412644264,196.6588857810837,194.43616460346271,196.34955479973192,15102
2023-01-02 06:42:00,197.87145195896235,197.97408455466018,197.00806244774782,197.7353877230397,99895
2023-01-02 06:43:00,197.67856577472608,199.44051007162005,197.0718880261405,197.9884798282251,10029
2023-01-02 06:44:00,197.65716984052466,198.6231607617995,196.95619236169404,198.12234921408657,48545
2023-01-02 06:45:00,198.0185199112651,198.39021549109063,196.14302078919414,197.9584328088023,12322
2023-01-02 06:46:00,198.5651200175896,199.23688523634985,196.30331737422256,198.05753529676292,13654
2023-01-02 06:47:00,198.30705681653777,198.65864346516867,196.76924486036276,197.9867476502907,57663
2023-01-02 06:48:00,198.52097868586418,199.34896403578634,197.6297318109804,198.42713472669732,76501
2023-01-02 06:49:00,200.00377245460854,200.14492809269726,198.54906467479162,199.01648453869382,60687
2023-01-02 06:50:00,198.47818570828284,198.9113987611371,198.2686956305702,198.56711160920344,8508
2023-01-02 06:51:00,197.51192535205138,198.37328235936698,197.3519037919113,197.79395107296347,48859
2023-01-02 06:52:00,196.8158106242011,196.94212958902813,196.50844271283154,196.72415952088824,23132
2023-01-02 06:53:00,197.793327478478,198.46331572945383,197.008860776976,197.04363443733263,66800
2023-01-02 06:54:00,197.1125676204469,197.35271555198344,195.7012407989938,196.4111047021845,17025
2023-01-02 06:55:00,193.30086990788206,196.2625995933917,193.03926662444326,195.1621909536605,78024
2023-01-02 06:56:00,196.86282980823248,197.31185804660356,194.43913625797848,195.4092147282098,66924
2023-01-02 06:57:00,196.79062056898496,197.8534647511562,196.34952228489763,196.89022088374065,68607
2023-01-02 06:58:00,197.34493401390557,197.70431506144726,196.66306647830217,196.90632399648683,25970
2023-01-02 06:59:00,196.38491849094038,198.267253275941,196.3062247925541,197.4213270371932,48736
2023-01-02 07:00:00,197.34151897716816,197.55712108118018,197.00488805040897,197.4895337515621,80990
2023-01-02 07:01:00,197.1553842052697,197.4791024658782,196.33412246837452,197.45069369043256,8840
2023-01-02 07:02:00,198.00379784323738,198.19811604879845,197.89028512350336,198.0148556271631,30654
2023-01-02 07:03:00,197.28759916955835,199.06139397987647,196.80059992849857,197.86222109684653,78385
2023-01-02 07:04:00,198.31197735354036,199.2681723915075,197.20013935042434,198.0407278304557,53408
2023-01-02 07:05:00,198.53728724983893,198.85418648623352,196.95441570128094,198.2516597062803,86939
2023-01-02 07:06:00,198.12394739505493,198.96375851569434,197.72226566184915,197.87413474844493,76967
2023-01-02 07:07:00,198.01951971166974,199.19372672549062,197.62294573960287,198.48282072656482,23442
2023-01-02 07:08:00,198.39312329926523,200.70457325618054,197.49896634655877,198.39848949056986,66243
2023-01-02 07:09:00,198.44501915121003,198.49208726628189,197.5667853757824,197.96851324526935,7630
2023-01-02 07:10:00,198.60359543001226,199.25614724487866,198.23768571146118,198.30694626481315,48736
2023-01-02 07:11:00,197.00679809669987,197.89717916653353,197.00357734135733,197.79225963408254,14008
2023-01-02 07:12:00,198.7002516106772,199.04877688331558,197.45237160193287,197.82876090443136,48487
2023-01-02 07:13:00,197.64297937937377,197.85073785607023,197.15987964573776,197.8431317811014,69395
2023-01-02 07:14:00,198.43350813294197,198.8924081502029,198.36580348500576,198.5074270328735,3393
2023-01-02 07:15:00,200.06460817306012,200.10827203591296,197.2158115519616,198.80997115005493,95680
2023-01-02 07:16:00,198.9329727518392,199.3035745713135,198.35801152499425,198.81492532033167,56971
2023-01-02 07:17:00,199.57308042582295,200.7304998188908,198.41204660620411,199.32255924997867,80627
2023-01-02 07:18:00,200.288925342304,200.69108668462462,200.04010920791833,200.17379068557997,88991
2023-01-02 07:19:00,201.01791972716634,201.14945469867084,199.85133421551583,200.52878507516633,69657
2023-01-02 07:20:00,200.29154753302595,201.95096806664966,199.75607338518995,200.55506594851246,75652
2023-01-02 07:21:00,199.49050678483556,199.89684562415087,199.3279277494736,199.78583524882941,71507
2023-01-02 07:22:00,199.02279844739317,200.48013957425178,198.8195207585662,199.16742996391693,30644
2023-01-02 07:23:00,199.94886606935668,200.3563920734886,198.66457675454345,199.00497424712987,90615
2023-01-02 07:24:00,198.7192752597514,199.10128265108048,198.1567735358231,198.6609868642725,94863
2023-01-02 07:25:00,198.31682162011984,198.85593222226524,197.47689935341035,198.5694212522598,37122
2023-01-02 07:26:00,197.54189084080625,198.73679572293477,197.2078645992062,198.62302502278743,4397
2023-01-02 07:27:00,198.67483956311872,199.042171329869,197.98913669854335,198.9585148568987,55569
2023-01-02 07:28:00,199.4088247019083,199.62356816885435,198.70798001645522,198.9363317118388,78948
2023-01-02 07:29:00,198.9417954537915,199.68970509496236,198.52493904271273,199.2465739021937,53133
2023-01-02 07:30:00,198.7473888924453,199.44358306666848,195.9390063487329,199.30503747834967,49519
2023-01-02 07:31:00,197.82667450330567,198.18851077424767,197.63287342538572,198.14380666796436,72057
2023-01-02 07:32:00,198.28007994483826,198.52005410894742,197.52785764146992,197.60525057662355,30151
2023-01-02 07:33:00,197.05142553946922,197.65186208692955,197.0304657750973,197.5395937290212,4472
2023-01-02 07:34:00,196.70827847903814,196.98385134052265,196.36987823949434,196.8424598642832,52769
2023-01-02 07:35:00,197.37333517636256,197.37920144006569,197.1866972847651,197.21641845113675,6481
2023-01-02 07:36:00,198.17060118436268,198.17327206376004,198.03086617028254,198.14180768306963,39977
2023-01-02 07:37:00,198.581091323823,198.96133696424232,198.4319293688187,198.88608489312935,20883
2023-01-02 07:38:00,198.81661918033907,199.20827624872493,198.50713691627496,198.77862105077568,89915
2023-01-02 07:39:00,198.50984402394099,200.95819831179952,198.3452884255472,199.6874723704229,25265
2023-01-02 07:40:00,200.64163756589545,200.96479289946726,198.41340595980904,199.79650220391724,53744
2023-01-02 07:41:00,199.91504447166415,200.3340162683159,199.36288795635988,199.61443606022345,24656
2023-01-02 07:42:00,199.5119907344756,202.036841390464,197.93072097446154,199.2670654235478,10304
2023-01-02 07:43:00,198.7470665060564,200.13952783356916,198.57007886990363,199.10617538967193,87616
2023-01-02 07:44:00,200.08654388648728,200.24049070798466,197.3485318264141,198.89422080206688,46911
2023-01-02 07:45:00,198.76298137281069,199.74665699464754,197.65275425705417,199.01579462943127,44013
2023-01-02 07:46:00,199.19234039432033,201.19966713548766,198.40032963151813,199.13156648420056,78981
2023-01-02 07:47:00,198.3149909550571,199.38757719421434,197.736898194295,199.15329931714308,41314
2023-01-02 07:48:00,199.97467018692515,201.574022793908,199.38103441494476,199.43426768138255,23857
2023-01-02 07:49:00,200.8467973388736,201.7128007964866,199.5379520009221,200.16657811178945,29894
2023-01-02 07:50:00,202.5590715655028,202.74626603261953,200.0734501485579,200.7568017756702,39570
2023-01-02 07:51:00,201.12429362500592,201.3808682924049,199.59047350589296,199.88256735452018,67080
2023-01-02 07:52:00,198.06972287040523,199.26214556230235,197.0523968013806,198.3711026714601,40420
2023-01-02 07:53:00,199.7699716977826,200.06582057416264,198.3606459978403,198.94696599484854,82588
2023-01-02 07:54:00,197.87355801247662,198.65890162740118,197.29757197451758,198.15105158164982,57210
2023-01-02 07:55:00,198.13576542499467,198.71376172714147,197.94072197558725,198.03725418457537,28734
2023-01-02 07:56:00,198.7073343566741,198.7337970232675,197.13820760443767,197.36187999769461,37219
2023-01-02 07:57:00,196.40428016262408,198.06910122645243,195.67750327872525,196.3146894450548,67972
2023-01-02 07:58:00,196.43022342620765,196.89542529758154,196.2075374673658,196.65321217600007,56813
2023-01-02 07:59:00,199.3482502701628,199.38908753669693,195.42704788412203,197.12074839965817,12007
2023-01-02 08:00:00,195.80863381712456,197.60727693650415,195.5304957141629,196.79953398954382,29341
2023-01-02 08:01:00,195.3132643921439,195.70621801301445,194.06526021025766,195.28946619601882,97550
2023-01-02 08:02:00,195.1773511746988,195.24141882582146,194.2432819748179,194.98896778250312,50411
2023-01-02 08:03:00,194.47558569411447,195.421045203463,193.48444173102357,195.23765905504087,74087
2023-01-02 08:04:00,194.1630867117723,195.47848012684918,194.15976121692847,194.39096512303573,79649
2023-01-02 08:05:00,194.82746424213792,195.75682685933577,194.26970642062668,194.5173347548603,49431
2023-01-02 08:06:00,193.5876429568626,194.69482893121997,193.4486027584872,194.52785239516587,5841
2023-01-02 08:07:00,194.37434884580134,195.9557633328915,193.24699138466693,194.8853701743899,41729
2023-01-02 08:08:00,195.24852303063673,195.32344682174667,194.96662139153491,194.97477210449927,83638
2023-01-02 08:09:00,193.9201501929462,194.4878057971823,193.47646198081262,194.42509789673866,85647
2023-01-02 08:10:00,195.20029348123046,196.02699733503096,194.57172465027648,195.14247100058304,77629
2023-01-02 08:11:00,195.08390170319592,195.13964842804253,195.01386909306854,195.06917768986165,74082
2023-01-02 08:12:00,196.04485348086698,197.07981975698218,194.6056553265906,195.07270578542244,58804
2023-01-02 08:13:00,195.74036145185582,195.9452337756137,194.51957572851958,194.54604773800324,98335
2023-01-02 08:14:00,193.50040765337488,194.80729192076373,192.91776030074791,194.30678591277191,53006
2023-01-02 08:15:00,193.66564229331388,193.93305049668632,192.43352658415048,193.81044707677478,22584
2023-01-02 08:16:00,193.88475171716212,194.1549461106016,193.5324734059734,193.72927186190068,61591
2023-01-02 08:17:00,195.00509445175447,195.9781040200233,194.58703801019348,194.74346890158031,20361
2023-01-02 08:18:00,193.3866953267888,193.9850987915724,193.13614777033658,193.96143688577698,81020
2023-01-02 08:19:00,193.07069719109344,194.41467672841554,192.31096963446726,193.04192696775877,48871
2023-01-02 08:20:00,194.20051298944648,194.73009675410262,193.32650735556254,193.91322382520698,15101
2023-01-02 08:21:00,193.77078562627918,194.54243923587515,193.5392341155471,193.8108432604111,43774
2023-01-02 08:22:00,195.0633687923031,195.31938107201847,192.10582860137603,193.44120368969047,43701
2023-01-02 08:23:00,193.89618384078432,194.0677202809528,193.6641881278385,194.06402905341676,14261
2023-01-02 08:24:00,195.10726044665174,195.27114853062363,193.2221433916511,193.73085088122602,14209
2023-01-02 08:25:00,192.62292579106483,195.45889555679287,192.48492038058245,194.81148721288264,29647
2023-01-02 08:26:00,194.99370740052214,196.10843576979656,194.4127441816154,195.227171603251,9221
2023-01-02 08:27:00,194.32064720994867,195.74980863340198,194.28729059477413,194.96093362779558,48833
2023-01-02 08:28:00,196.1889009281328,196.35683724461154,196.12607567081062,196.24220219130186,86413
2023-01-02 08:29:00,196.882135954275,197.16449589757147,195.11831338496788,195.90522592035006,26557
2023-01-02 08:30:00,196.3565202526087,197.2250105033341,196.32351682521937,196.3609575274659,99534
2023-01-02 08:31:00,197.05481922336256,197.9660239085841,196.34999127829101,196.5569017562271,8526
2023-01-02 08:32:00,197.24387747092334,197.6698862876707,197.18712005978773,197.34415615059987,2251
2023-01-02 08:33:00,198.21056808635714,199.09540008100038,197.57809266117755,198.28835589452825,33588
2023-01-02 08:34:00,198.5292958806688,198.68984148166433,197.6935822242422,198.32722288041788,55492
2023-01-02 08:35:00,197.80677526339053,198.39775862473164,196.82986808377404,197.8987857810232,7889
2023-01-02 08:36:00,198.47322123044685,198.70839405392545,197.81502846160117,198.19165944534353,95302
2023-01-02 08:37:00,197.90249797200494,199.130845418805,197.24368116418924,197.80852600999972,30146
2023-01-02 08:38:00,199.0577642870083,199.10495428620587,198.2562484779452,199.02310235376243,53318
2023-01-02 08:39:00,198.9007558131723,199.42963513323627,197.61054202996937,199.12452571951673,74588
2023-01-02 08:40:00,198.92892420792307,199.36159185124143,198.61329237045695,198.92620473016825,99084
2023-01-02 08:41:00,198.26008234105225,199.23744178065766,197.53334508355462,199.0563106076436,38638
2023-01-02 08:42:00,198.62025036731606,198.70744261993747,197.63517586525083,198.27175427135532,2147
2023-01-02 08:43:00,196.92103378566162,197.81083658125624,195.71024013506099,197.7136505871119,3847
2023-01-02 08:44:00,199.5924891253626,200.23516686170268,198.04636498521475,198.44543660003634,86770
2023-01-02 08:45:00,198.06761423561974,198.40248730426538,197.8280562533224,198.07420812772472,61335
2023-01-02 08:46:00,197.5260736477959,197.8318706265519,197.4379583133898,197.47191735691266,85990
2023-01-02 08:47:00,198.12074713679672,198.48231026177555,197.17438738895635,197.80958609263763,34388
2023-01-02 08:48:00,199.2944937118826,199.80796403972323,198.49867935756816,198.53299799543353,65347
2023-01-02 08:49:00,199.46356667848863,200.44941914661348,198.4724044216164,198.9810591637883,40983
2023-01-02 08:50:00,199.78814603106426,200.085992803642,199.29380301367507,199.59554114020253,44820
2023-01-02 08:51:00,198.54631475957126,199.3904634916482,198.32423466314864,199.16234191861074,27076
2023-01-02 08:52:00,199.19031010408344,199.46029898913685,198.15006318255016,198.3327447263431,31752
2023-01-02 08:53:00,199.99064602918492,200.06458492034898,198.63821740194763,199.2458688726428,61533
2023-01-02 08:54:00,200.20314474407627,200.36946792546271,198.84212188672507,199.07291558495672,17003
2023-01-02 08:55:00,198.7561820888587,199.07995510853954,198.6028108772577,198.94302069678318,73954
2023-01-02 08:56:00,199.2945634810629,200.3055341670924,198.60354677301362,199.75561986280653,18710
2023-01-02 08:57:00,200.45024721064053,200.61889245807754,199.73868749080063,200.10892563573518,66657
2023-01-02 08:58:00,199.54088682941259,201.21865581010988,197.07481790431177,200.40261816514393,38081
2023-01-02 08:59:00,202.28456678677082,203.23805720138876,201.12896435097272,201.72427484171598,51228
2023-01-02 09:00:00,202.61101538114045,202.71697333350116,201.2725786462661,201.35500752408757,94309
2023-01-02 09:01:00,201.92407296479794,202.40670841165777,201.36648985189174,201.93561879275282,84102
2023-01-02 09:02:00,202.18567736090807,202.6252779168357,201.71899960226384,201.99035129659828,21655
2023-01-02 09:03:00,201.94783112447155,204.8198927451868,201.82185792474928,202.1733094780174,9483
2023-01-02 09:04:00,201.1649005285201,204.6252710486208,200.90677375593629,203.1205733695666,99224
2023-01-02 09:05:00,203.40306348246938,204.81291900990956,203.39252371204702,203.4503410968889,41094
2023-01-02 09:06:00,203.77656836131027,203.93699413451185,202.08782876597414,203.7992356936799,42450
2023-01-02 09:07:00,203.88071043283043,204.80887788904334,203.2400027581332,204.47534414410808,26209
2023-01-02 09:08:00,204.8141653439226,205.64599149007373,204.08075684435116,204.27192017361364,47316
2023-01-02 09:09:00,203.81919431059305,204.06454177975485,202.47769341642845,203.7780664551042,19556
2023-01-02 09:10:00,203.32511344443657,203.67303742832672,202.7826453651712,203.15971666963335,28962
2023-01-02 09:11:00,202.29929607149705,202.51464842615252,201.9631676706233,201.98157929859303,16638
2023-01-02 09:12:00,203.80622843620472,205.1782436644027,203.22787781076238,203.247725346934,39754
2023-01-02 09:13:00,202.58365843999653,202.7253042872196,201.8724867757655,202.59537634671878,87619
2023-01-02 09:14:00,202.25400215578657,203.88166323384394,201.9304290354134,202.48116100093816,73617
2023-01-02 09:15:00,201.97236423666402,203.2455092197269,201.90089873792476,202.33326068201222,55376
2023-01-02 09:16:00,201.55809878419512,203.33419523459906,201.1371345875484,202.54008980665006,14353
2023-01-02 09:17:00,202.8592043664105,203.96775137307213,202.45388635755612,203.05600228048974,86388
2023-01-02 09:18:00,203.53679030009226,204.38031665818022,203.2049796722627,203.6004808005618,72296
2023-01-02 09:19:00,203.30258078245384,203.73349284281448,202.4256632675901,203.26469630813207,14771
2023-01-02 09:20:00,202.91792862663337,205.47176081837736,202.20672314220968,203.183112944565,67026
2023-01-02 09:21:00,203.05674173682073,203.7173164526056,201.6743547035706,203.37567767784725,5263
2023-01-02 09:22:00,202.73239596897378,203.5215525363384,202.65326724322546,203.2442820666549,8769
2023-01-02 09:23:00,203.64542474446165,205.2354232769067,203.3709730880705,204.24465788775518,26334
2023-01-02 09:24:00,204.22687292949374,205.68940484430667,202.71180757276517,204.56591938663038,84117
2023-01-02 09:25:00,205.53983511078087,205.67208552984152,203.97882929748064,205.0373688283893,33749
2023-01-02 09:26:00,206.4437675643361,207.01331458113873,202.95764814359126,205.4656188587917,12635
2023-01-02 09:27:00,207.19297094848227,207.24496224736626,205.58105739036498,206.20949101770609,66110
2023-01-02 09:28:00,206.4439498491253,207.56156027602162,204.36401095673463,206.34209705725843,2904
2023-01-02 09:29:00,205.9755104271898,206.58361973488763,204.70781099259548,205.55995819594796,71805
2023-01-02 09:30:00,205.98986007036046,206.54559939347513,205.0635369695636,205.82699370772863,31968
2023-01-02 09:31:00,205.37690312154345,205.57293251441772,205.05321027819173,205.44537591325948,2650
2023-01-02 09:32:00,204.6828091599361,205.5306641342372,204.53655556405647,205.1401148921625,13467
2023-01-02 09:33:00,206.025675267971,206.8260012102915,205.07190461771003,205.52148925017988,99331
2023-01-02 09:34:00,206.0069229568205,206.4791292758685,205.70997851020982,206.30552274196788,47900
2023-01-02 09:35:00,205.74440164206322,206.95741149193137,204.7814638157838,206.33931862551628,89180
2023-01-02 09:36:00,205.58663108819033,207.79844604829464,203.15567186548827,206.55112573754502,36518
2023-01-02 09:37:00,207.60669463212025,208.46653063280513,207.48003198184946,207.6265640893038,93816
2023-01-02 09:38:00,207.89788634565167,208.68013552306735,207.45884872067677,207.79728701206508,69415
2023-01-02 09:39:00,209.36087299893936,209.9457154291186,209.3212510054762,209.43993481914165,5357
2023-01-02 09:40:00,210.3564326030625,210.37292930321996,209.56155777171924,209.81619972258557,94837
2023-01-02 09:41:00,208.69803584826576,209.42126309301543,208.60078635819468,208.72887169034044,11865
2023-01-02 09:42:00,208.23340186943844,209.26078435506585,207.8751919569981,209.22147701722102,69368
2023-01-02 09:43:00,209.76123639221547,209.8112484782432,209.35118562758325,209.48163872571078,95404
2023-01-02 09:44:00,209.7463198078535,210.44916440012835,209.09045911856438,210.3131254510121,62039
2023-01-02 09:45:00,210.95194632653548,213.26770308209856,210.58855404926527,210.7588933855,97939
2023-01-02 09:46:00,211.13177863875757,212.61992729438975,210.20319709329496,210.69242678493748,72294
2023-01-02 09:47:00,208.6930823494478,210.5862244007634,208.4449807415836,209.939644928079,3921
2023-01-02 09:48:00,209.06418431235346,210.91714573211803,208.6003184224821,209.82899208732277,5428
2023-01-02 09:49:00,209.25748450472685,210.26747416293804,209.20205068419085,209.31458343756233,74647
2023-01-02 09:50:00,208.33213499051956,209.22595304176096,207.63488540749861,208.97097882369127,89783
2023-01-02 09:51:00,209.36158344747193,209.6693767235814,208.0775940242701,209.36086333743242,53557
2023-01-02 09:52:00,210.85143830609607,211.16000847869788,210.41472538206065,210.43063736993238,96983
2023-01-02 09:53:00,211.85660907388356,212.83699983320395,210.3465157287852,210.70083337838665,13366
2023-01-02 09:54:00,209.83816185903555,210.89617434457693,209.5726925461691,209.96598278834276,47923
2023-01-02 09:55:00,210.056062036294,210.61668609351716,209.76221452446163,210.2670336951711,31564
2023-01-02 09:56:00,211.57323007513466,211.78486057851998,210.41736652078444,211.0428968579103,76511
2023-01-02 09:57:00,210.88667391084397,213.3097509098442,210.6532871402454,210.67793009585012,3642
2023-01-02 09:58:00,210.46380597718013,210.85440083752636,208.1050754521971,210.61429451104382,14849
2023-01-02 09:59:00,210.76250808942052,212.1264978526546,209.48469383448628,210.64463657180653,20344
2023-01-02 10:00:00,210.416269154189,210.59241997559295,209.51076174424128,210.1696971757486,22214
2023-01-02 10:01:00,210.17465616675625,211.99046585819485,209.32796324368903,210.59946085286396,39226
2023-01-02 10:02:00,210.01620997869713,210.65781463694572,209.68738762601873,210.54410595428538,92691
2023-01-02 10:03:00,211.5012377977497,211.78589486149252,210.6399099872272,210.83015061484448,23522
2023-01-02 10:04:00,211.02940248748772,211.29718556794504,210.05170503542493,210.28990330135943,7680
2023-01-02 10:05:00,209.14495396473885,210.73179196497676,208.67191393869422,210.0349531006694,13507
2023-01-02 10:06:00,211.52578844678027,211.59113980306896,209.18219960014113,210.51113259981597,75955
2023-01-02 10:07:00,210.27525809395928,210.69778992077005,210.23626369503523,210.29672712572315,50007
2023-01-02 10:08:00,211.01131868889237,212.46142734791485,210.90467665351466,211.40728133577215,50353
2023-01-02 10:09:00,211.63458934215964,212.42289200166596,210.47403940716023,211.1749640653332,89095
2023-01-02 10:10:00,211.3185468371165,211.40864103729982,211.08369531967938,211.33842492839977,69696
2023-01-02 10:11:00,212.29747785519774,212.33031179257534,211.49086694278154,211.95083560342476,45233
2023-01-02 10:12:00,211.24697383991725,212.36536368566095,210.48588815275042,211.07015928012584,51865
2023-01-02 10:13:00,209.5783220478968,211.24682885337361,209.5350281973978,209.97630370683396,8872
2023-01-02 10:14:00,209.06698659057074,209.49464115965415,208.41770681841126,209.03624631622338,8839
2023-01-02 10:15:00,209.32684120353798,211.28642055753178,208.52763078467189,209.84892746577188,16652
2023-01-02 10:16:00,208.89906425548008,210.63859329497902,207.57092693700895,209.52249183843213,7859
2023-01-02 10:17:00,211.21719564493253,211.4238783719001,211.01983067621885,211.1514449544735,34520
2023-01-02 10:18:00,209.8172469705147,212.1523177421459,209.6562169946271,210.81513501166313,79840
2023-01-02 10:19:00,211.014172579536,211.47125996547845,210.58201640909041,210.9529351488645,50266
2023-01-02 10:20:00,211.78217561112152,213.24627574978607,210.69415734177167,211.9499683048288,70516
2023-01-02 10:21:00,214.00373485705055,214.76572335232143,212.11492045207459,213.24673727384487,40093
2023-01-02 10:22:00,215.27814819337658,216.2512731588903,213.5049244549221,214.58688868236047,52970
2023-01-02 10:23:00,215.479687787842,216.33640789844256,215.28493927087413,215.38624602066415,50620
2023-01-02 10:24:00,215.66588390021036,216.89227110865625,215.34743255115794,216.06949159464114,1425
2023-01-02 10:25:00,215.4277840875393,216.80640166235753,214.965775564051,216.47517953381066,74677
2023-01-02 10:26:00,216.99488416390673,217.16010482680375,216.95887377936634,217.00231461287993,51727
2023-01-02 10:27:00,216.59693015503163,217.4275368494357,215.00443685375112,216.66518911566666,76593
2023-01-02 10:28:00,217.9720234678553,217.9840761077426,215.82015731741689,216.15502998714547,50985
2023-01-02 10:29:00,215.98095681910397,216.3304557557926,215.32583570480614,216.1744572723156,98339
2023-01-02 10:30:00,214.54174661628107,216.02868397296095,212.24819174768882,213.14762292210077,48084
2023-01-02 10:31:00,213.58402846605412,213.97669383777426,213.31124059246113,213.61423767156757,70642
2023-01-02 10:32:00,213.395035068644,214.62075925765083,212.83767955299513,214.24779947695214,86623
2023-01-02 10:33:00,214.12201667527452,214.40634076245541,211.20903839939632,214.32604719943976,2408
2023-01-02 10:34:00,215.6412109234573,215.69431348816013,213.98122396312405,215.29749934983224,86401
2023-01-02 10:35:00,214.51741081356712,215.44750730598375,213.59923135541067,214.58162066584362,56337
2023-01-02 10:36:00,214.20291470316857,215.67915582687982,213.59935566589664,214.47841154602168,40612
2023-01-02 10:37:00,214.1891919943499,214.34155220537914,213.6787643410761,214.0386306491254,40163
2023-01-02 10:38:00,212.64153459694532,213.2226331316339,212.55281227594506,212.861501687466,16843
2023-01-02 10:39:00,212.76538602336547,212.8739782170599,212.4107241866185,212.82998923278765,50364
2023-01-02 10:40:00,212.67579966636188,212.79438906779683,212.13938582778795,212.77353766901595,29477
2023-01-02 10:41:00,212.97936490706326,214.6185219527213,212.74540524102537,213.76088119064454,98993
2023-01-02 10:42:00,214.76224823187135,214.80678019583965,212.8821997816049,214.18678586343097,62082
2023-01-02 10:43:00,214.02806583145878,214.04131311744766,213.12693214598295,213.55010268993706,28330
2023-01-02 10:44:00,216.2659048407719,216.41340295229756,214.08254173374564,214.75928267401798,95747
2023-01-02 10:45:00,215.38553959960373,216.92050627857793,213.8747271104457,215.56744356400085,38569
2023-01-02 10:46:00,215.35685934497795,216.7058546908226,214.91656025022792,215.96544424988085,99203
2023-01-02 10:47:00,215.72621113934855,216.72556982402307,214.33470648910725,215.84030257723492,49114
2023-01-02 10:48:00,214.69831060448612,216.26404866670336,213.56480819025273,215.24062964201605,68294
2023-01-02 10:49:00,215.01625605760293,215.7700145480868,214.82075794715144,215.02181164246457,65106
2023-01-02 10:50:00,215.59259719569695,216.30291419905862,215.07041736010282,215.7456279255249,39548
2023-01-02 10:51:00,217.22446934866616,218.09713937060187,215.50075843789494,216.98697625617856,63598
2023-01-02 10:52:00,217.38530957880118,218.31853419350406,217.3140804374263,218.01326619428428,95705
2023-01-02 10:53:00,217.88014134210965,220.62681200910447,216.50628269245152,217.71534054354126,12260
2023-01-02 10:54:00,216.74615058836437,218.9056980180496,216.70702545187507,217.0058384052946,33350
2023-01-02 10:55:00,217.01519367873902,217.31194293441598,216.12733642177093,217.11925840352737,42741
2023-01-02 10:56:00,215.97391562756732,216.07811620674843,215.78811329340442,215.98908359861989,99214
2023-01-02 10:57:00,214.9315517773897,216.6193552809301,214.81870092504604,216.22008460228602,46181
2023-01-02 10:58:00,217.78419726342673,217.85290657604273,215.90439388547358,216.14596267965518,84446
2023-01-02 10:59:00,214.31988562870825,216.74815422375565,214.26368302147523,215.86538155090264,1840
2023-01-02 11:00:00,214.46262008451657,215.27450945311492,213.29448153232903,214.8542445308299,63422
2023-01-02 11:01:00,215.46478640893304,215.83279434410977,214.18720225747856,215.20677744394698,18725
2023-01-02 11:02:00,214.61255104943993,214.90180610103215,213.53806247288293,214.8843756285554,13299
2023-01-02 11:03:00,214.10082675021494,215.39036297074787,214.05504519936298,214.15167351978144,51652
2023-01-02 11:04:00,212.59335822448,212.74968156538955,211.07929034381587,212.32778940784775,96525
2023-01-02 11:05:00,212.96208134781304,213.12503753457764,211.12676006383694,212.33149564989304,91041
2023-01-02 11:06:00,213.4483468875235,213.78105349257552,213.02250515097901,213.48164329602443,72095
2023-01-02 11:07:00,215.00993056152956,216.07197996991,214.0213621755106,214.56693650154108,33597
2023-01-02 11:08:00,213.8668419579787,214.41002773533197,213.8413257423133,214.29415996480512,9707
2023-01-02 11:09:00,213.65332792100057,215.11798753873504,211.77436587746303,213.9284377980139,49943
2023-01-02 11:10:00,214.47634809471077,214.98480241840787,214.1239214235033,214.25068307463985,64803
2023-01-02 11:11:00,214.51687364172403,215.12795287842314,212.4382677084797,213.63039385599373,94555
2023-01-02 11:12:00,213.8668596672178,214.16902539892808,213.66213494108268,213.84517266264226,89377
2023-01-02 11:13:00,214.95664013436922,215.80076135439435,213.13303035410587,214.3580248881224,86176
2023-01-02 11:14:00,214.04401477449957,215.37643451113266,213.89364815929324,215.1684696382356,99162
2023-01-02 11:15:00,213.83898998019265,216.70821266739304,213.3990261134589,215.12533648710675,76276
2023-01-02 11:16:00,214.0295775877041,215.03890055541754,213.86566456361257,215.01540286863423,4155
2023-01-02 11:17:00,214.50085160610044,215.2289666319873,214.46612275744263,214.47056507011175,24572
2023-01-02 11:18:00,214.723581782694,215.53806275243923,213.76232214567557,213.95998763628987,60694
2023-01-02 11:19:00,213.94559868425935,214.04282033524512,213.57094450181927,213.8360113723201,67514
2023-01-02 11:20:00,213.99810152705547,214.32684073376944,213.48303000350532,214.09306289753732,77033
2023-01-02 11:21:00,215.18828197298066,216.08485152967611,213.9755000132809,214.70124859636618,45843
2023-01-02 11:22:00,213.96242384107398,214.34783812232814,213.14106555691134,214.20538815055366,85967
2023-01-02 11:23:00,215.4889172355042,216.6072223535941,214.9137307237743,215.18603449227433,36357
2023-01-02 11:24:00,215.57848223981452,217.3366081702796,214.5811232555702,215.03252705802672,24167
2023-01-02 11:25:00,215.18297246574002,215.54533765145123,215.01690045661536,215.0402463208321,72478
2023-01-02 11:26:00,214.5184092986883,214.75003773059018,213.9454680223399,214.57970859485093,19983
2023-01-02 11:27:00,212.94610825485933,214.27196996433162,212.69047485443375,213.0405882598706,36276
2023-01-02 11:28:00,213.0688714553038,214.276858319308,213.05292943854883,213.62690497256415,46279
2023-01-02 11:29:00,214.56125922366374,215.19952259758162,213.61889417384103,214.12049670661273,60483
2023-01-02 11:30:00,214.14204831600807,214.23264444335624,212.6603037079283,213.96119476748115,84113
2023-01-02 11:31:00,214.8942713455324,215.9444123086553,213.25582488249134,214.0255911286452,72451
2023-01-02 11:32:00,214.58949617993483,214.686870303971,214.23830357515914,214.37826627592477,92869
2023-01-02 11:33:00,213.40961600425817,213.65622634223604,212.90254866525004,213.39477648722448,3045
2023-01-02 11:34:00,212.9871204277003,213.36502800626062,212.613067917628,213.07742473137634,90716
2023-01-02 11:35:00,214.65103808752826,215.2549074910707,213.11054275316002,213.60645209131619,43344
2023-01-02 11:36:00,214.11809110613044,214.5204367597524,212.23302864967934,212.82403979578876,10564
2023-01-02 11:37:00,212.16299099704074,213.14303584360115,211.8788995749238,213.03275075488176,12105
2023-01-02 11:38:00,212.27061949152792,213.70542480653262,211.54414872317076,212.1870649695684,57754
2023-01-02 11:39:00,211.78939733625407,212.7814901731567,211.50347172214987,212.5051949030245,21056
2023-01-02 11:40:00,212.74748475006405,213.4387525359147,212.17691671947432,212.50372342208803,64565
2023-01-02 11:41:00,211.62962295476325,211.77996173016595,210.47193381883196,211.49530922033804,48689
2023-01-02 11:42:00,211.94224602972028,212.48447947008995,211.65638032444954,212.2554694810561,33135
2023-01-02 11:43:00,211.5063826013116,213.0562337695649,210.57858527850564,211.80893178797393,33812
2023-01-02 11:44:00,212.30715843007073,212.86819576041825,208.85024675661998,211.31525657166486,71047
2023-01-02 11:45:00,211.13858439056702,212.12147540635232,210.09333063784342,211.46353809144173,23772
2023-01-02 11:46:00,213.25271251406306,214.16601484763842,212.2000254667476,212.21336919893338,81957
2023-01-02 11:47:00,212.6696700197852,212.9929968061632,210.67022682453998,211.5878776237197,93652
2023-01-02 11:48:00,211.02749305189477,212.18185734469435,209.91605778916932,211.6481885370465,8775
2023-01-02 11:49:00,211.52910247101255,212.5857439893105,209.2675888020988,211.9416280624295,93482
2023-01-02 11:50:00,211.9909542088211,214.27838867079922,211.77669772352132,212.40351601770337,55523
2023-01-02 11:51:00,212.76249172879363,214.38726081907447,212.40913588261483,212.5371867894427,11707
2023-01-02 11:52:00,211.70442906456628,213.69336039943107,210.35411952749732,212.32441931494512,14372
2023-01-02 11:53:00,211.58896152435116,211.8804023241147,211.30347568312175,211.8184989177867,96350
2023-01-02 11:54:00,212.78802028203614,212.86131714755567,210.72228059666307,211.894421371672,62526
2023-01-02 11:55:00,211.6632519897999,211.67947490778872,211.126704185819,211.23406998708512,66106
2023-01-02 11:56:00,209.37229453310334,209.4663863726309,208.83406111814963,209.40392713662192,89143
2023-01-02 11:57:00,209.48882755922716,211.48330870278176,208.56910977036642,209.69911954159738,54475
2023-01-02 11:58:00,211.07908425880444,211.1401326022532,209.4430115907271,210.2887524744478,58201
2023-01-02 11:59:00,208.88101787488594,209.01516848318948,208.5833427518659,208.81908700754073,28957
2023-01-02 12:00:00,207.71955513367766,209.02689317902164,206.8733361655369,208.20741578459845,96814
2023-01-02 12:01:00,208.53080096454227,208.8270931944992,207.83390741554203,208.61497405214467,57243
2023-01-02 12:02:00,209.25065128166975,210.6390784834877,209.22732526471063,209.9235086416288,74752
2023-01-02 12:03:00,207.77252456136702,210.96802021817533,207.22554416253624,209.95759625671164,76542
2023-01-02 12:04:00,210.50060002345228,210.804588530997,209.01972062400796,209.52004277351244,34993
2023-01-02 12:05:00,210.57054148228784,211.7262077173304,208.46554103089375,209.42603336729957,35016
2023-01-02 12:06:00,210.35925606306512,211.11782661581324,209.92474037653614,210.31078071513363,26354
2023-01-02 12:07:00,209.9085967634462,209.92605131286288,209.89109560827214,209.92425210072807,49637
2023-01-02 12:08:00,210.43996765768998,210.5829084251026,209.07601398380083,209.44193517309535,85762
2023-01-02 12:09:00,210.37397445472737,211.63329738823535,208.21514291395204,209.15955915417842,84502
2023-01-02 12:10:00,209.04318475907533,210.08273934308446,208.35547615927578,208.58228173579647,5848
2023-01-02 12:11:00,207.8749090033604,208.91493945634238,207.73264780032252,208.6799005272044,43673
2023-01-02 12:12:00,210.2176182236712,212.2118799823588,209.38815930643446,209.7178817345635,12783
2023-01-02 12:13:00,210.10983094312826,210.1443483810587,208.5507283939975,209.94212002510764,65694
2023-01-02 12:14:00,209.87355654703157,210.18748153743635,209.62952849582493,209.8041753494137,62865
2023-01-02 12:15:00,209.12318323663845,209.68253611945218,208.623477661799,209.64148609905118,54907
2023-01-02 12:16:00,207.8807435607236,209.3622594219558,206.4075126180795,208.67932131508647,51669
2023-01-02 12:17:00,210.92757238283332,211.39738530651695,207.34363869999146,209.25304949404335,11924
2023-01-02 12:18:00,209.1550151414837,209.61587491981498,208.45229832456116,209.22511178647576,71178
2023-01-02 12:19:00,209.98761137802714,210.65464659866532,208.47709120774053,209.13275150736575,71732
2023-01-02 12:20:00,209.78302966144895,211.78100336139244,208.5087825717524,211.15701489708366,77691
2023-01-02 12:21:00,209.52689899312261,211.83245349095816,209.4578267563759,211.36738191554034,78591
2023-01-02 12:22:00,212.34260922540577,212.56550708440597,209.33637091915676,210.91180633571344,21152
2023-01-02 12:23:00,211.10249783197185,211.14471563021038,210.31483802684855,210.66312596406502,9072
2023-01-02 12:24:00,211.67427745662204,211.82582251939644,208.84540633409958,211.40999776595962,82501
2023-01-02 12:25:00,212.24190727024902,212.30924659359974,211.1134405281551,211.50297825745244,45687
2023-01-02 12:26:00,211.0741608195851,211.41223507015485,209.58241366736007,210.61152832734948,98526
2023-01-02 12:27:00,211.43810880509898,211.62907029570684,211.02361975940798,211.21339011256302,22942
2023-01-02 12:28:00,211.14346822774723,211.21425455196936,210.75900799583337,210.81114851940322,48417
2023-01-02 12:29:00,212.74571129776612,213.40797010419374,211.75005904892808,212.01696580142496,93379
2023-01-02 12:30:00,212.58887140805405,213.1475150981415,212.50215456199027,212.72513303944265,62259
2023-01-02 12:31:00,212.08465237515148,212.50499138724928,211.81453219815995,212.4609357234502,6490
2023-01-02 12:32:00,214.42591056995752,214.4707976989219,212.90706346051567,213.2986796216964,22719
2023-01-02 12:33:00,214.01467543464813,215.28014321167456,213.32985576459893,213.36342996206025,50200
2023-01-02 12:34:00,214.5094829029289,214.84356253345868,212.31595144732685,213.93061845397273,39684
2023-01-02 12:35:00,211.44788633123656,214.98028726225795,211.08478040793116,214.26310908998437,19894
2023-01-02 12:36:00,213.72708725697407,214.78602655893496,213.1955885831746,213.74050637600132,31837
2023-01-02 12:37:00,213.5255946485217,215.26774406621925,212.58357745067374,213.34922242552574,53812
2023-01-02 12:38:00,212.89623111146432,214.62147229241492,212.80236030680692,214.02978136644737,68282
2023-01-02 12:39:00,213.89438910750857,214.8376151832646,213.7668693496545,213.83622867117109,91607
2023-01-02 12:40:00,213.6477194269123,214.78011623778528,213.37661105124343,213.59866829877245,74706
2023-01-02 12:41:00,213.01676859848678,213.2217415593301,211.9579150184982,213.007989432569,99937
2023-01-02 12:42:00,211.82787639432433,213.5743409355061,211.70965136492978,213.29998018737498,57132
2023-01-02 12:43:00,214.52535311063625,215.01081462771504,214.31858285669261,214.64111975862528,79425
2023-01-02 12:44:00,213.7006079718338,214.77695657319174,213.6895435414199,213.97517449031696,61161
2023-01-02 12:45:00,213.7168338706107,214.37354928825476,212.21594323932757,214.01211909516886,20104
2023-01-02 12:46:00,214.43686248348283,215.52602308633328,212.65752304250915,214.94021724816102,16140
2023-01-02 12:47:00,215.9062605224252,216.86255485943826,214.1689025857702,214.91035685607693,94272
2023-01-02 12:48:00,214.74802191613176,216.58941245355956,213.64609425124982,215.22350604425353,9152
2023-01-02 12:49:00,213.9743286520547,216.2070540748818,213.38700269538413,214.55907221507846,49486
2023-01-02 12:50:00,214.78538998186733,214.97580737763823,214.2949666275498,214.8562196425,86277
2023-01-02 12:51:00,214.92658768753125,215.07823182799868,214.2753811683424,214.7570779365443,39147
2023-01-02 12:52:00,214.7198697481824,216.3109988239054,214.46385250056017,215.41363112485777,88890
2023-01-02 12:53:00,216.2062171851007,216.88381730796104,215.56339840682088,216.20250991071399,9666
2023-01-02 12:54:00,216.87083095857437,218.84535541797263,216.21715672936017,217.90374063863894,94939
2023-01-02 12:55:00,218.23061265533795,221.25978799864532,217.61848456428922,218.30444372262727,35726
2023-01-02 12:56:00,219.0879158936502,219.32637379400958,218.42881782623434,218.53964251797456,49689
2023-01-02 12:57:00,218.85196618604257,219.6993500818277,217.864800885553,218.6889385095598,47116
2023-01-02 12:58:00,218.05352139944944,219.8484310875796,217.55846413202715,218.47910671833438,72420
2023-01-02 12:59:00,218.38916419358503,218.9578872028594,218.13365094414152,218.7228095722805,78848
2023-01-02 13:00:00,218.95476595666784,218.97237868890952,218.44420263646398,218.55084877410607,86534
2023-01-02 13:01:00,219.0566699078185,219.4514552564055,216.84251914128907,218.6831557270306,4820
2023-01-02 13:02:00,219.58948934137572,219.83387906905034,217.79820145793536,219.569433203798,5322
2023-01-02 13:03:00,219.2590455762158,219.65706813874132,218.91997280683904,218.92837220545653,39235
2023-01-02 13:04:00,219.40417294623924,220.10428288122262,218.24324233514434,219.6989203163767,60961
2023-01-02 13:05:00,219.19362652515568,220.72607676661113,218.26720173668556,220.58899648308935,51356
2023-01-02 13:06:00,218.51661625897373,221.56507753623328,218.25975295551288,220.53292152908207,25923
2023-01-02 13:07:00,218.96746127498503,220.00249113305605,218.27436152392545,219.1511582414175,89478
2023-01-02 13:08:00,218.785842930914,218.8067958322205,218.75519014733726,218.77345867981262,34750
2023-01-02 13:09:00,219.64367399889045,220.63197274507513,219.2455789690868,219.6465799742007,98869
2023-01-02 13:10:00,220.0771707942534,220.3705898139508,218.44082901958157,219.65347595717435,89448
2023-01-02 13:11:00,218.21740670914758,219.6190065960308,217.96792855422035,219.01694067820404,22983
2023-01-02 13:12:00,218.1481501498464,219.05193464889737,217.62386379911402,218.7071795953364,88610
2023-01-02 13:13:00,219.04220997056635,219.5744905105339,218.9662366933748,219.28059921862044,6905
2023-01-02 13:14:00,218.7042447687802,220.4476753409872,217.5183663648811,219.6621914718867,56483
2023-01-02 13:15:00,219.44677632504957,219.58281423660137,219.4411580560721,219.5267046454841,26028
2023-01-02 13:16:00,218.36832258341886,219.32475545329197,218.00998182690375,219.30707405302107,70609
2023-01-02 13:17:00,218.8013792224823,219.22823022333978,218.51593902900552,219.07125876021666,53046
2023-01-02 13:18:00,218.12145595206343,219.05053808486645,217.27012324188692,218.4869452054587,3234
2023-01-02 13:19:00,218.71733217764367,220.5835402280694,216.49370205761494,219.56760939923328,81809
2023-01-02 13:20:00,219.66463156512262,221.30276847199244,219.04329693422332,219.3772527555177,74167
2023-01-02 13:21:00,219.91413749635205,220.96560143964072,218.76108348117228,220.20024115819328,56011
2023-01-02 13:22:00,221.18312384833436,221.7506069892422,220.5948259659804,221.22724366684255,13061
2023-01-02 13:23:00,220.82126030268202,222.69184925513525,219.95635801381127,221.91192709616877,50253
2023-01-02 13:24:00,221.58633392192527,221.9103190152229,220.0022758809211,221.64677320277104,90354
2023-01-02 13:25:00,221.98328028386905,222.4549870181259,221.41680605178894,221.93739429539525,45667
2023-01-02 13:26:00,221.7626296977318,222.52129649508288,221.38510899744998,221.94347830531743,90240
2023-01-02 13:27:00,222.4368064784738,222.55880878814145,220.24208143218854,221.36396045018367,59796
2023-01-02 13:28:00,222.4270896900955,222.70625046279798,220.903906077184,221.60150121186072,95898
2023-01-02 13:29:00,222.03927598540997,222.08464941152027,219.4788065994406,220.8398303988533,65065
2023-01-02 13:30:00,222.36929632312194,222.90092431068553,221.1735477615247,221.64877512604136,77386
2023-01-02 13:31:00,220.70483444794448,222.2738253017891,219.75042766019286,221.3619944390083,31638
2023-01-02 13:32:00,221.40736043822355,222.83695639631458,220.8490301463497,221.51771794632623,83455
2023-01-02 13:33:00,221.6016865187367,221.89093734954218,221.03181599317955,221.72812956660115,24884
2023-01-02 13:34:00,223.95487054185222,224.0373535424487,219.73765039642208,221.57808283289313,98016
2023-01-02 13:35:00,222.32175365028095,223.5438142429318,220.27001311270982,221.99023610439892,31697
2023-01-02 13:36:00,221.8724607818798,221.97258464902905,221.12683715364057,221.69616320342794,84620
2023-01-02 13:37:00,222.16421218017788,223.59053186719726,221.46454143435466,222.29782262331565,96837
2023-01-02 13:38:00,221.11057693121526,221.88013382302609,220.58249989658188,221.42242734893574,8114
2023-01-02 13:39:00,221.49642829455038,221.56440283774145,220.83914578834228,221.52851941148214,31550
2023-01-02 13:40:00,223.76723497665313,224.46849511833796,221.58423308046952,222.83925647463937,8469
2023-01-02 13:41:00,222.5074498848843,222.5154849807123,222.08325075252546,222.19280113447664,48771
2023-01-02 13:42:00,222.18466963379694,222.95250203175678,219.5434860976237,221.76325025422292,7492
2023-01-02 13:43:00,222.81205436107774,223.71415756307871,222.07838440723663,222.1273242044629,2971
2023-01-02 13:44:00,222.52122143989337,223.86322136296695,221.00139922286635,222.26920699897767,47350
2023-01-02 13:45:00,222.7781100662384,222.84206215855656,222.1992274710104,222.52523674202408,10644
2023-01-02 13:46:00,223.78842356331776,225.06188981555601,222.22157090908598,222.87405871154004,92705
2023-01-02 13:47:00,222.06256276829254,223.83529370512557,221.45451921504937,223.32073496696034,65194
2023-01-02 13:48:00,224.36359396598678,225.26118542642797,223.67078328129506,224.08652399335216,83632
2023-01-02 13:49:00,224.03255808947574,224.47538814477454,223.5598522885342,224.38443716064768,13534
2023-01-02 13:50:00,223.5764491198875,226.20053866113807,223.29547150842197,224.2444722152369,13768
2023-01-02 13:51:00,224.93577294360745,225.68546570231803,222.75969071413192,224.71935946641457,23625
2023-01-02 13:52:00,225.87771433820402,226.66486543604637,225.78106756467926,226.0226521567756,29660
2023-01-02 13:53:00,225.7777726762804,227.18268723336027,224.82181279861072,225.95531972862264,90680
2023-01-02 13:54:00,225.54045870098165,225.69288501770166,224.91272214781122,225.3173150187302,76176
2023-01-02 13:55:00,226.62306635058852,228.90615502745837,224.61809795425006,226.08818008197073,21032
2023-01-02 13:56:00,226.24810576717195,226.59323836143122,224.4086402689837,226.02913862515567,65935
2023-01-02 13:57:00,224.52396399520228,225.92277255027238,223.79730703478162,224.57848166101022,38892
2023-01-02 13:58:00,226.01734802205857,226.08111182155372,224.57596023040674,225.17187752991953,93125
2023-01-02 13:59:00,223.6802403247205,225.08399187376398,223.3082859999947,224.83277215949474,75186
2023-01-02 14:00:00,224.29848036222717,225.96855655919398,224.23203380373508,224.79419089021124,69379
2023-01-02 14:01:00,226.71538202824252,227.04782668697646,224.44191894937404,225.04055205870546,25357
2023-01-02 14:02:00,226.3284010778747,227.08495701730615,224.03183259613598,225.1916665732248,83512
2023-01-02 14:03:00,223.80515586997535,226.69089085702907,222.9335025020305,225.69347365104696,1497
2023-01-02 14:04:00,225.56856724451407,225.58720415133143,224.36578411159954,225.42118370330726,3134
2023-01-02 14:05:00,226.06836930831497,226.55896677779128,225.57327683787528,225.7907205708472,19833
2023-01-02 14:06:00,226.25464719796955,226.33126277288667,224.76558863291604,225.63748994884398,71948
2023-01-02 14:07:00,226.38743162647776,226.73651376619037,226.0312563299333,226.1601637252049,33666
2023-01-02 14:08:00,226.83082546330968,227.51995818256026,226.21509251620736,226.6002945743841,57600
2023-01-02 14:09:00,224.93990387101195,226.36208888934513,223.78034172743457,225.98704254752278,70828
2023-01-02 14:10:00,226.93620446498159,230.07385144784615,225.35647007518838,226.74589491185924,93923
2023-01-02 14:11:00,226.95386197320605,227.56761716183283,226.25138906993357,226.40398696834313,98362
2023-01-02 14:12:00,227.84263243340462,228.91679488956746,226.9546584322799,226.9754698887351,1026
2023-01-02 14:13:00,227.13617172374538,227.6949083940453,227.11485663325638,227.24826306735432,13108
2023-01-02 14:14:00,228.89897432522054,230.3157760435869,228.4000523877334,228.5241600369124,15470
2023-01-02 14:15:00,228.65274525725818,230.0981560482271,228.26126105220632,228.39381032516104,30785
2023-01-02 14:16:00,229.03620762494893,229.31969071684043,227.18123501640358,228.17730432396553,3253
2023-01-02 14:17:00,228.5382242271103,229.2389855234608,227.49201756652283,228.18682871443045,65538
2023-01-02 14:18:00,228.72034311422698,229.09037716941128,227.5245388570074,228.00210249777604,65889
2023-01-02 14:19:00,228.98904751579263,229.16431990052064,225.10464190038343,228.57206801458238,21026
2023-01-02 14:20:00,227.73602301602344,228.0623509756851,227.14559827103213,227.48659484641107,53807
2023-01-02 14:21:00,226.95762022912157,226.99380840359416,224.9128333267646,226.7902476291523,63878
2023-01-02 14:22:00,225.89873785548423,227.09729424147392,225.35580371214766,226.086424786903,45258
2023-01-02 14:23:00,225.55507529163648,227.6224202788369,225.08185052146067,226.75358836713318,95810
2023-01-02 14:24:00,227.43163937866413,228.241429751641,226.88429250957583,227.93992688759516,47147
2023-01-02 14:25:00,227.9296563276873,228.30806402565355,227.5930086975867,227.89129643857322,46417
2023-01-02 14:26:00,229.70726571570808,230.0100993442484,227.1160044120794,227.79866656412278,2086
2023-01-02 14:27:00,228.77138775325525,230.58655377936566,226.46173480682276,227.86931979882053,25406
2023-01-02 14:28:00,228.72509986686944,229.08213757425744,228.57771807281085,228.6863759863134,87987
2023-01-02 14:29:00,227.98245083451505,228.6341014692515,226.10209898657035,228.07302554135927,76443
2023-01-02 14:30:00,229.21725671065158,230.61481283982025,227.78671399207667,228.258929449176,73659
2023-01-02 14:31:00,228.7463449804219,229.1305267949356,228.67200374664984,228.94954804304746,92838
2023-01-02 14:32:00,229.82567689511444,230.2565185505455,229.2384141052107,229.31661884905597,8084
2023-01-02 14:33:00,229.5912183564641,229.69424866826688,228.53145003158832,229.46997315688395,86383
2023-01-02 14:34:00,230.1555538132504,230.52413207038975,228.18212935546526,230.18205021417018,54493
2023-01-02 14:35:00,229.41509093353096,230.2418552444011,228.24092527001798,228.33836176496845,23805
2023-01-02 14:36:00,229.69198560462215,231.25566954946166,228.7454083407673,228.82555042097272,62786
2023-01-02 14:37:00,227.6841388422684,228.8717738689917,227.57099907529704,228.39942529138898,15248
2023-01-02 14:38:00,228.19406831661337,229.59360269292077,226.95471981349084,227.16791872923355,71003
2023-01-02 14:39:00,227.48735758475803,227.85989096492096,226.35725892645343,227.53902201285567,26384
2023-01-02 14:40:00,228.22849476589778,229.43525057851735,227.54888784832602,227.55725134522731,3896
2023-01-02 14:41:00,227.4548169759828,228.94853465028072,226.9948213910614,228.23050760887682,11362
2023-01-02 14:42:00,229.23996937373286,229.3939955399991,227.14937974085333,229.35724391532023,86048
2023-01-02 14:43:00,230.16724977174098,230.323536274457,229.4477083375762,230.28493510488715,87175
2023-01-02 14:44:00,232.8364993339153,234.00714780457184,230.77084819772762,231.4409409740595,57032
2023-01-02 14:45:00,231.69702668234436,233.33432685363817,231.43758382885684,231.97936112272606,62022
2023-01-02 14:46:00,230.94678947113252,233.3277332418762,230.54330056001496,232.055056200917,84254
2023-01-02 14:47:00,230.3723014132837,231.9123632637223,230.1950400084801,230.96302890700184,91629
2023-01-02 14:48:00,230.80222286955174,231.8221640451613,229.1640136263208,230.81563119721588,89998
2023-01-02 14:49:00,230.22661413313608,230.62786402144465,230.17418581036466,230.25480927487715,84208
2023-01-02 14:50:00,232.51881321697758,232.73248707815935,231.3747311023014,231.7774447598971,9937
2023-01-02 14:51:00,231.8602709093877,231.8684727154899,230.70261511445648,231.67832341184783,48391
2023-01-02 14:52:00,232.2387936236749,233.18008431139052,231.6945828656433,231.78712289340535,95079
2023-01-02 14:53:00,231.81048785590457,232.20398634030258,231.48372866787955,232.1937832315853,88567
2023-01-02 14:54:00,231.68045867100486,232.3145691265367,230.11533822072914,232.24737526085255,39696
2023-01-02 14:55:00,233.70978095658865,233.7616286073941,232.93664641215665,233.4516134635983,54954
2023-01-02 14:56:00,233.61170867388407,233.83640100492067,231.7147851322577,233.03888313058772,83617
2023-01-02 14:57:00,232.9719804082218,233.68935444527096,232.92814071757428,233.1982403309529,12226
2023-01-02 14:58:00,232.25996180590303,233.8382199671722,231.9388282193347,232.70213165273915,17858
2023-01-02 14:59:00,232.47787763504098,233.11606855943472,230.51548323341902,231.80388570933246,96868
2023-01-02 15:00:00,231.70021463816508,232.67308982955294,229.5459485912633,231.40163474061725,57848
2023-01-02 15:01:00,230.82369334279775,232.19441331570454,230.61302270962798,231.39906377794364,40300
2023-01-02 15:02:00,230.28305771873164,231.2265068322291,229.33178498799904,231.1241832858282,42470
2023-01-02 15:03:00,230.69543303101185,231.1906792914212,228.93119334643515,230.66719000376685,26113
2023-01-02 15:04:00,228.5268545129834,230.73939015924464,227.90723330389505,229.71708282997201,53096
2023-01-02 15:05:00,230.28762977579777,230.3801696847599,229.6612029445379,229.68278222912147,23016
2023-01-02 15:06:00,227.24861310683806,228.89782444983592,227.15636490391265,228.66892542139152,71920
2023-01-02 15:07:00,230.32982131233007,230.81680340619454,228.5809397480366,229.21319585536475,18750
2023-01-02 15:08:00,229.5574747198387,231.05737734927635,227.15322217710033,229.29280601265722,18445
2023-01-02 15:09:00,228.28455008919374,230.1081127569365,227.44520252337645,228.31311707359768,95440
2023-01-02 15:10:00,227.80569995531835,228.4459574485434,226.15168239274263,228.12415892067892,36075
2023-01-02 15:11:00,228.35876116482967,229.03295434305682,225.9351270566915,227.63221619436453,17691
2023-01-02 15:12:00,228.88264127729047,228.95414598581593,227.87239718498762,227.87294261946238,95610
2023-01-02 15:13:00,229.16897589782644,229.8496387741408,228.77302439895647,228.8120870764369,75724
2023-01-02 15:14:00,229.19908105527648,230.2219869845831,226.9641511489721,227.5477819059208,26860
2023-01-02 15:15:00,228.59590707027752,229.553192827172,227.14422209855167,227.6490584716254,31171
2023-01-02 15:16:00,228.0397324496479,228.54550804119188,227.48025518304,227.56246113704904,30421
2023-01-02 15:17:00,228.10175567457537,228.1878074658223,227.402545351071,228.04353278333377,43089
2023-01-02 15:18:00,226.59796550457116,229.25092703857,226.58953604324387,228.21219147345457,32990
2023-01-02 15:19:00,227.76771816428763,228.51170278692803,227.47535141397665,227.72018698525108,66839
2023-01-02 15:20:00,227.19121166480468,227.95232417017309,226.3039053124627,227.52499393828444,7486
2023-01-02 15:21:00,226.45743933686728,228.48539497370703,226.01741516757968,227.00439910294648,72102
2023-01-02 15:22:00,228.13154105518234,228.26283965582383,226.83774836206277,227.75987460464094,88077
2023-01-02 15:23:00,228.35251109532828,229.43021092237154,226.3720812513421,227.79721240738883,70427
2023-01-02 15:24:00,229.4077140923414,230.07857880245353,228.79368537202544,229.11924994403788,10046
2023-01-02 15:25:00,230.73392646252006,231.51391258038774,227.30455735964253,229.10046618854568,30741
2023-01-02 15:26:00,228.9651936415768,230.26433117750105,227.8984508886944,228.6364872735136,60089
2023-01-02 15:27:00,227.3809887889453,227.82426490987913,226.81989389814464,227.6210798978539,6724
2023-01-02 15:28:00,225.41405975743103,228.63652221774097,225.4051703227347,226.41254420489554,49347
2023-01-02 15:29:00,225.66878340131234,227.02812964672572,224.8850626726489,225.35918071164915,23664
2023-01-02 15:30:00,225.44554084441455,225.56498665040917,225.42629124335684,225.56231495937487,71886
2023-01-02 15:31:00,226.12047869841092,226.54320190758847,225.1809467050398,225.92911877262333,80561
2023-01-02 15:32:00,225.63301291507838,227.11984661837118,224.2658914494634,224.8800006187358,94761
2023-01-02 15:33:00,225.01669122546969,227.57409355039582,223.91146554563755,225.5063172686674,10164
2023-01-02 15:34:00,225.22603688565943,226.17935761118437,224.38796592007807,225.2020679440511,75906
2023-01-02 15:35:00,224.3532045261768,225.95144414224526,223.9293033860294,225.32376242042213,33872
2023-01-02 15:36:00,227.12603868974557,227.2844327861375,225.1700691999239,226.43610965009518,91366
2023-01-02 15:37:00,226.2218004073938,227.74632527596708,226.13482340928843,227.06798367805774,90491
2023-01-02 15:38:00,228.1195272036586,228.60451628566162,225.00087236928547,226.90776633809836,60879
2023-01-02 15:39:00,226.3296764145425,226.33771896200997,226.32125995838513,226.32380180299157,48037
2023-01-02 15:40:00,224.65521992676486,225.07976541082814,223.96562925996903,224.88541305595064,23985
2023-01-02 15:41:00,224.47441862720632,224.91169759266384,224.28467939669375,224.42272032351107,89591
2023-01-02 15:42:00,224.76199825437308,224.79908036422108,223.6855831823833,224.30301532792262,91702
2023-01-02 15:43:00,223.40248796598672,224.5007088828682,222.97147072553886,223.6611635956254,58868
2023-01-02 15:44:00,224.15477635249596,224.8833655529596,223.11116850343248,223.59545845401527,78925
2023-01-02 15:45:00,223.77875136923728,223.79136179171115,221.87584339566655,223.66936919587036,20347
2023-01-02 15:46:00,223.72906040855466,223.97225637026912,221.92697040966198,223.54085594595716,42623
2023-01-02 15:47:00,223.8213691916803,224.4400117000201,223.1057820210861,223.12730363169868,17360
2023-01-02 15:48:00,224.28833787103784,224.29854994872494,223.2376074466207,223.2625107486643,15214
2023-01-02 15:49:00,224.85432221411557,225.56007166629294,223.1967822264794,223.58084333681347,28222
2023-01-02 15:50:00,221.35271604485376,223.5160503914501,220.78214986789817,222.87182438522208,73279
2023-01-02 15:51:00,223.88507482902062,224.1262426947372,223.720511994579,223.8374827883353,35303
2023-01-02 15:52:00,223.58634656542296,224.50557755543753,223.12432769425203,223.7936633785242,15698
2023-01-02 15:53:00,223.33006623330516,224.4610817738757,222.73693668909075,223.82869802337848,30602
2023-01-02 15:54:00,225.71624645970456,226.4252962612618,223.46529266249075,224.3266370300175,15947
2023-01-02 15:55:00,224.81841940167305,225.4611624642841,223.91512987595928,224.50601946500296,53338
2023-01-02 15:56:00,225.19777460480637,227.91887946343232,225.0900155059479,225.1704248020079,36537
2023-01-02 15:57:00,225.80410738389756,225.87951069862723,225.2642321857533,225.38689745523632,23469
2023-01-02 15:58:00,224.20889279704147,225.09888994573308,223.833258171045,224.9953300657143,7486
2023-01-02 15:59:00,225.7923484458936,225.79823330367742,223.78640077250563,225.2618394136419,73777
2023-01-02 16:00:00,227.10393075446942,227.35144075191312,221.9483858843597,224.51145198984335,97390
2023-01-02 16:01:00,225.64224912334092,225.7228616541605,224.3673294142901,224.60702182655677,20371
2023-01-02 16:02:00,225.52832786964083,225.86536051100316,224.08091424667728,224.6070914610375,33524
2023-01-02 16:03:00,224.54303533448615,225.33661559472444,224.31840436209905,224.4893186041956,66101
2023-01-02 16:04:00,223.79818969721023,224.46127030217653,223.04251321875958,224.425201640982,23474
2023-01-02 16:05:00,223.23401047429917,225.1064346368602,222.69257553753522,223.180641106665,79203
2023-01-02 16:06:00,222.37693603765024,222.86045472573156,222.20733753310088,222.8355648406732,80337
2023-01-02 16:07:00,223.06478593938684,224.80754275733926,220.32800350991172,222.9199158351223,48141
2023-01-02 16:08:00,222.8021540002478,223.21796976822037,222.7844519299369,223.04911334705514,5405
2023-01-02 16:09:00,222.66434607648975,222.7091946242775,221.24074527141045,222.38375217141282,3153
2023-01-02 16:10:00,223.84872403505665,223.94043198840433,222.81278498366174,223.2504091230428,26131
2023-01-02 16:11:00,223.0540284594052,223.69307209047238,222.66107892872225,222.69261249624716,20680
2023-01-02 16:12:00,223.60989630172756,224.28485521719065,222.89197411346026,223.3625546275626,86233
2023-01-02 16:13:00,224.027452346332,225.73607603623424,222.53569049765784,223.67114855499577,54644
2023-01-02 16:14:00,225.08190371509178,225.4180968640902,222.56417057216342,223.25988845599016,29283
2023-01-02 16:15:00,224.09753962172428,224.75944748452392,222.63384744888737,224.47128158041187,94980
2023-01-02 16:16:00,223.5539701083563,223.7027961859607,223.49663411864302,223.68991714047203,61357
2023-01-02 16:17:00,224.14514101136385,225.48513764482158,223.06269265181612,224.3291026949885,88899
2023-01-02 16:18:00,225.51051840923367,226.25669950446238,224.94998035383713,225.0249148059952,20646
2023-01-02 16:19:00,225.3614221674502,225.4998058805116,222.09677413977846,224.59469853123184,40804
2023-01-02 16:20:00,225.34614299331778,226.14921568696099,225.1754272570154,225.5553789739344,17036
2023-01-02 16:21:00,225.0781630321376,226.8990798250954,224.89900352265568,225.40873650274736,7726
2023-01-02 16:22:00,225.80721610206945,226.0879790257107,223.73615981732843,225.62649957503473,42160
2023-01-02 16:23:00,226.47758027638764,226.57797584538542,225.60622410989856,225.82526874072687,19274
2023-01-02 16:24:00,227.02605439915703,227.28063521320234,225.29576850750655,225.7568603446905,91123
2023-01-02 16:25:00,226.11515198333262,226.84369521292354,225.35390208685288,226.32857262099512,88091
2023-01-02 16:26:00,227.76073921172414,228.4183650116295,226.48562428805906,226.88997298679755,11168
2023-01-02 16:27:00,225.54236037942755,226.73688551838222,224.0011456038327,225.72248886757254,16103
2023-01-02 16:28:00,226.46628434831626,227.25269824176786,226.4075936732436,226.62831789431706,92437
2023-01-02 16:29:00,225.87433773066005,226.34775430065147,225.17640980217521,225.5206774378226,31567
2023-01-02 16:30:00,225.91259424340998,226.5821081095724,225.9033535792839,226.24181106403333,79743
2023-01-02 16:31:00,227.15166369912026,228.87639473971998,226.3212853017345,227.02915867721276,24691
2023-01-02 16:32:00,226.49969421616603,226.52040568741114,226.2145090813565,226.30881802068998,70092
2023-01-02 16:33:00,225.8055101475203,226.10257669588066,225.6757291792255,226.05253621469302,41072
2023-01-02 16:34:00,226.0746726757416,226.14656424091373,224.95182343981284,225.3252994344675,55118
2023-01-02 16:35:00,225.1879325344883,225.4153830375189,225.1120615240311,225.20255052789724,34133
2023-01-02 16:36:00,225.04951817522274,225.21980749359423,224.97136871705797,225.01696046360405,16893
2023-01-02 16:37:00,225.8242966512107,226.484804507387,224.70729863779647,225.56577268914447,82402
2023-01-02 16:38:00,227.71564556234756,228.14669456523612,226.33839851793405,226.47501168075283,1656
2023-01-02 16:39:00,228.27704983733526,229.4992744092127,227.04802172536478,227.4459217039748,42120
2023-01-02 16:40:00,227.69514804329688,227.80411172842844,226.87978445758088,227.08507782127236,81632
2023-01-02 16:41:00,226.19128762976922,227.07505873903054,226.15423322276487,226.96525283261093,58518
2023-01-02 16:42:00,226.86272050118157,226.98315227139204,225.43528876083982,225.8417034331177,81983
2023-01-02 16:43:00,224.2596939726005,229.29409380568507,223.03000435399025,225.31829039777122,20854
2023-01-02 16:44:00,227.11707409948033,227.39924463394996,224.96172324843982,225.99301838818207,54212
2023-01-02 16:45:00,227.1261267142771,227.62175243326155,226.79451948410048,227.11094900627018,88519
2023-01-02 16:46:00,226.88601332639928,227.09322710547707,225.85422847293677,226.2926576700784,50696
2023-01-02 16:47:00,226.23018107053815,226.52167487564157,225.6338795044,225.91307600051067,97732
2023-01-02 16:48:00,225.7525740913772,226.73131456326777,225.5436068589773,225.91777109077458,78582
2023-01-02 16:49:00,227.27278914287766,227.40296617865948,225.81451986177154,226.13024302152385,67492
2023-01-02 16:50:00,224.15958524031524,225.65020592891963,223.6745199822688,225.60362852369312,58795
2023-01-02 16:51:00,225.43429474427097,227.5787461051684,224.7416443963239,225.91319801758544,25560
2023-01-02 16:52:00,226.35164642026783,226.68271793768298,224.90104991707562,225.61464965065716,90711
2023-01-02 16:53:00,224.38031713163863,225.68948003880342,224.22529957968624,225.62742918352964,87831
2023-01-02 16:54:00,224.13084154946898,226.49715531819018,223.45548053127126,226.0197620578896,81391
2023-01-02 16:55:00,225.76400878531476,226.57362074393987,224.94239895086955,226.046718713779,52317
2023-01-02 16:56:00,226.07120676406518,226.1879169797072,225.4994544383901,225.77339258971082,84539
2023-01-02 16:57:00,223.28694869567286,226.04627610644715,222.80958925364118,225.7217289970895,79572
2023-01-02 16:58:00,226.12655947163802,226.99800557036102,225.07144156311404,225.68446485019584,80380
2023-01-02 16:59:00,225.15514700758465,225.86007245352926,223.41885174890876,225.456516072878,1645
2023-01-02 17:00:00,226.02909110874702,226.27239184989273,224.52710916032942,225.3040199484984,34146
2023-01-02 17:01:00,227.3464093806975,227.41525074011707,226.3468568868359,226.40709525247527,40877
2023-01-02 17:02:00,228.62615143293633,229.20339408915436,226.52303363705582,226.81072439063752,53736
2023-01-02 17:03:00,227.10590733759443,228.15002481779592,225.14252802124295,226.63235114815046,45693
2023-01-02 17:04:00,227.38012299403218,227.90853549094518,226.97557073847017,227.12887162927723,84060
2023-01-02 17:05:00,226.34914604134605,228.24411484757016,226.10987621970074,226.92412438433172,21119
2023-01-02 17:06:00,228.24441696626357,228.96251056865657,226.48856770067084,227.74544764030426,48679
2023-01-02 17:07:00,229.47415053349818,229.486948414362,227.72480916170664,228.02077516465496,93125
2023-01-02 17:08:00,228.65201592490735,229.21080239218753,227.08807131128603,227.97017588801342,83581
2023-01-02 17:09:00,227.40401273985972,231.22197474227215,227.33912609209725,228.29917122457724,14163
2023-01-02 17:10:00,227.90464061188877,229.2355675341179,226.59347664553712,227.24611197085864,91123
2023-01-02 17:11:00,226.30555668245376,226.53637082571785,225.93740332544328,226.50067600284072,88129
2023-01-02 17:12:00,225.66212451451298,226.00251266669278,224.9056391441256,225.71205160730275,99691
2023-01-02 17:13:00,226.2462856675311,226.54373942834772,225.4824437450508,225.8314147500101,31802
2023-01-02 17:14:00,227.23448913511228,227.51854718765577,226.875724198854,227.02776683171314,53175
2023-01-02 17:15:00,228.21031553698126,229.38980282434835,227.87109686960412,228.5701708763605,94945
2023-01-02 17:16:00,231.19049432997986,231.35790170526474,228.4615471870042,229.03054624130064,11111
2023-01-02 17:17:00,230.42788154205422,230.91338381251705,229.3128279269762,229.39757534696017,60936
2023-01-02 17:18:00,226.06235774938844,228.20510509840508,225.39737480261388,228.18104027267128,66526
2023-01-02 17:19:00,228.01512162765567,229.12084343163275,227.48921081215303,227.83237476024246,22119
2023-01-02 17:20:00,227.33297235897703,227.39317652866367,226.62204327091726,227.31671006873412,91211
2023-01-02 17:21:00,227.89189534423565,228.1353438549887,225.97164199539623,226.91605463927544,62896
2023-01-02 17:22:00,226.85199919744085,227.71156698520923,226.26655960323137,226.82428264896365,36539
2023-01-02 17:23:00,224.19114053104443,227.49203968500316,224.05965542524595,226.5257202573341,90183
2023-01-02 17:24:00,224.78903390516646,225.4819530465126,224.753716341018,225.20328588390808,56387
2023-01-02 17:25:00,225.00125723786056,225.74200955652273,224.70755732953845,225.73110175416832,93489
2023-01-02 17:26:00,225.49252312808815,226.0161745678083,224.60425002817462,225.02722046904572,43823
2023-01-02 17:27:00,225.40510410662463,225.75242663436597,224.91712589691446,225.21123436160323,70555
2023-01-02 17:28:00,227.34552775110856,228.27428554435846,225.73788938939487,226.6350756397066,87190
2023-01-02 17:29:00,226.22269588109117,226.55236078428962,225.38630118946648,226.03264475790206,48418
2023-01-02 17:30:00,223.64319080906,224.82138568682745,223.62033205169774,224.33946528008505,94870
2023-01-02 17:31:00,222.65871466435377,225.6277576272855,222.31007389472356,224.16941312399976,49695
2023-01-02 17:32:00,224.3964047758851,225.41469244762553,223.82490109150004,224.93223449106472,62936
2023-01-02 17:33:00,225.68922585516415,227.36773651677981,225.38166242645946,226.27621412087703,17418
2023-01-02 17:34:00,224.75390447678282,226.92969124854847,224.57667520854147,225.46418826036944,27742
2023-01-02 17:35:00,226.33138368193602,226.90699186216457,225.30378545641693,225.82269834072522,80218
2023-01-02 17:36:00,226.759480119714,227.55326850733843,223.2547022456331,225.53004762181064,49028
2023-01-02 17:37:00,226.38773611839576,226.7020598934503,225.4314145935388,225.48091701439782,78700
2023-01-02 17:38:00,228.87931032007418,229.3816168178408,226.63617579274694,227.29221199445823,8618
2023-01-02 17:39:00,226.418185855609,227.30627616346618,224.64846469936558,226.29010086414874,69916
2023-01-02 17:40:00,226.5440069662188,226.90147456212958,225.55078014644346,226.48498619501368,55628
2023-01-02 17:41:00,226.05020326671084,227.6221731771425,225.46352982158433,226.82541113828557,90463
2023-01-02 17:42:00,229.08244626838012,229.10318471554413,226.1371442715647,227.58694546808752,81699
2023-01-02 17:43:00,225.54727511872522,229.0098405645447,224.7708348654466,227.67660322245163,86096
2023-01-02 17:44:00,227.9077400700898,229.57918893421993,227.45132664310054,227.9097785841393,15725
2023-01-02 17:45:00,225.46141604030265,228.4257061748041,224.2569800527925,227.664787947146,42135
2023-01-02 17:46:00,228.9571374477411,229.00855254414805,226.92423306602015,227.87136660996904,71223
2023-01-02 17:47:00,229.6265097312781,229.6564411046635,227.10069660130048,227.6595426681473,46969
2023-01-02 17:48:00,227.86856411996638,228.2146408574037,226.52733617048122,228.10682893895412,96498
2023-01-02 17:49:00,229.00356708922345,229.9345359066522,227.42479635190242,227.8767076967541,68122
2023-01-02 17:50:00,229.28336492759874,231.1996619313675,227.20685598483,228.15729255622455,9056
2023-01-02 17:51:00,228.23193124905166,228.27091407259624,226.94402688145823,228.16007871245137,71958
2023-01-02 17:52:00,229.83668371850052,230.23199515250292,228.93324006271777,228.95365386187368,86578
2023-01-02 17:53:00,229.18986818538954,229.20692906619058,228.8982458671108,228.9412488848564,61346
2023-01-02 17:54:00,226.99021524538557,228.31447642075247,226.37686178259833,227.74638220699083,1952
2023-01-02 17:55:00,228.00790590336157,229.022480556237,227.4996101497994,228.631351014462,96068
2023-01-02 17:56:00,228.08641807807297,228.25539761172536,227.09223077954906,228.03297775075248,13521
2023-01-02 17:57:00,227.65525116296874,228.2202139103649,227.55566528087084,227.60854019366167,11906
2023-01-02 17:58:00,227.84144856314603,227.8817695656536,227.1360805014877,227.22456825491972,69514
2023-01-02 17:59:00,227.36140087349492,228.27262389630945,226.4225212032978,228.18420901868677,43769
2023-01-02 18:00:00,226.77429134622096,226.81128974598641,226.3084992869523,226.74504604587364,32275
2023-01-02 18:01:00,227.16550366779768,229.84795474467563,225.803289621502,228.9021273577135,44766
2023-01-02 18:02:00,230.4409433872043,230.87429112689065,229.34863957152902,229.65021852106673,13343
2023-01-02 18:03:00,228.99391753612167,229.88621309095618,228.1607197087032,229.82698413915534,78487
2023-01-02 18:04:00,230.77497968398754,232.009128606586,228.70215934691657,229.81211846974233,81227
2023-01-02 18:05:00,230.24427489886693,231.3708262987867,229.09784632022374,230.03197104223142,78056
2023-01-02 18:06:00,231.8927068014629,231.96895144300203,229.65038452933544,230.4145986973989,77862
2023-01-02 18:07:00,230.41438004729036,230.9118459893341,229.2961439324884,230.88364142819862,31521
2023-01-02 18:08:00,231.2086860125369,231.6627898911925,231.05625137929457,231.2915697392554,1805
2023-01-02 18:09:00,232.28418146460015,232.5363279348273,229.74472167488338,231.37685666538684,36868
2023-01-02 18:10:00,231.50233224069765,233.06716271615582,230.85059558857054,231.2630157208833,35343
2023-01-02 18:11:00,230.39462445204376,233.43705969685163,228.59546209409754,231.18119027512824,78458
2023-01-02 18:12:00,229.84531695395353,232.58892040798602,229.5332617966796,231.06913100941654,75327
2023-01-02 18:13:00,233.2114697911018,233.3963332829654,231.5483170839192,231.87817573566008,36383
2023-01-02 18:14:00,230.31375230546084,232.63588883495618,229.3830864275043,232.314262103108,16040
2023-01-02 18:15:00,230.23167800762144,231.06165777529367,229.94170163039726,230.28821088144312,26187
2023-01-02 18:16:00,232.0369387298663,232.21145675414368,230.02279723064515,230.7643783515596,63678
2023-01-02 18:17:00,231.27666098116552,231.56309790130095,230.09021108681452,230.92226932014523,97396
2023-01-02 18:18:00,231.08411802601034,232.55166326832997,230.84307178176917,230.9324007415933,27525
2023-01-02 18:19:00,232.30528474016438,233.09826379626685,229.66062490734313,230.6863294843548,39394
2023-01-02 18:20:00,231.25477784625008,231.51331874033934,228.5404533363357,231.48735042920396,91672
2023-01-02 18:21:00,230.342143693186,232.23579179245027,230.18080410655855,232.16852033478204,83546
2023-01-02 18:22:00,232.1097355114351,232.33457346889,231.0482047822161,231.6534235932003,64989
2023-01-02 18:23:00,231.80877754325118,233.0755995000855,230.27648751539147,231.95947410324115,40652
2023-01-02 18:24:00,231.88319695322073,232.40046556100458,230.83678775134894,231.30651509519225,78510
2023-01-02 18:25:00,230.42860591717695,231.6089655291911,229.28150874002043,230.3723017371237,75402
2023-01-02 18:26:00,230.31152833977308,230.68755726512444,229.44323971398893,229.96220409859615,50200
2023-01-02 18:27:00,229.2764990970479,230.92356489897122,229.21835508882887,230.58015403013414,84822
2023-01-02 18:28:00,231.92077591112417,232.15176822554614,231.1783217058653,231.26252720485556,16015
2023-01-02 18:29:00,230.7237614839925,232.25245204855278,230.67103106037487,231.64162575034703,61911
2023-01-02 18:30:00,232.10770486580276,232.17460501360148,232.05178487572923,232.16867701359268,93206
2023-01-02 18:31:00,231.68719109808097,233.01508056004212,231.4510820779808,232.5514151713619,57221
2023-01-02 18:32:00,232.63711061929115,233.03845178415915,230.76360683047187,232.12713795455258,21695
2023-01-02 18:33:00,231.600328592712,234.51725327421534,230.26727724851654,232.45113350068763,25805
2023-01-02 18:34:00,233.20221319511842,233.8653419142113,232.65061233455782,233.0325469182495,25190
2023-01-02 18:35:00,233.672415204712,233.85614349779294,233.5345180597162,233.58317346205575,8997
2023-01-02 18:36:00,235.07604084467567,235.26894298821452,234.42101415173286,234.4396622542435,23752
2023-01-02 18:37:00,235.29040927370517,235.87401404938277,234.74922185198446,234.9612697646025,19069
2023-01-02 18:38:00,236.57302693979247,237.12366540914033,234.5145196303916,235.23249604288034,62485
2023-01-02 18:39:00,236.08991407763688,237.60837287154175,235.96943886286581,236.0112216275848,58291
2023-01-02 18:40:00,235.969377910362,237.6051073946455,235.58170650531713,236.01604480536417,31508
2023-01-02 18:41:00,236.13730675389402,237.1145466578301,234.93547299798993,235.41523670825407,88053
2023-01-02 18:42:00,235.61024329542366,235.6664546653094,234.60409234880717,235.32361288817654,52574
2023-01-02 18:43:00,233.96855666715396,234.85905441896193,233.89660610350975,234.82126570458792,52902
2023-01-02 18:44:00,233.68818645074538,235.39191599114847,233.61147766086967,234.3691091798412,63426
2023-01-02 18:45:00,233.5885288519198,235.14853360362022,233.29897998453706,234.29093395441282,9524
2023-01-02 18:46:00,233.9810295314567,234.11862522594416,233.73518675802492,233.75739263768278,11071
2023-01-02 18:47:00,233.3875790375975,234.03756602404493,232.9560696415958,233.56480352434315,42466
2023-01-02 18:48:00,232.16968108867258,232.30207254938165,231.54315442675468,232.26131479178196,87132
2023-01-02 18:49:00,231.71993964942092,233.42557217806709,231.58773847959088,232.4331605539949,51094
2023-01-02 18:50:00,226.46502558423342,228.22221787494283,226.03552910666397,226.75909929797334,76317
2023-01-02 18:51:00,227.07988518362717,227.2929597569115,226.98855602661672,227.23024506987258,41239
2023-01-02 18:52:00,229.1015209766556,230.22652311642497,227.2126125395192,227.8921009708088,48560
2023-01-02 18:53:00,227.89016896411567,228.65927656623563,226.21632584872447,226.8158395961237,46924
2023-01-02 18:54:00,225.85608376142008,226.94957653954893,225.7010073560932,226.31952699698954,55542
2023-01-02 18:55:00,225.7812799956833,225.85679565252786,224.512988093395,225.8199431512976,93375
2023-01-02 18:56:00,224.92567763965866,226.48650252903604,224.1178691004104,225.20577855103232,50264
2023-01-02 18:57:00,225.95124787327575,226.2396850766383,225.23408608268068,225.7887067115846,68799
2023-01-02 18:58:00,225.2582583803837,226.0303317696588,224.4076207253192,225.67999432265452,91538
2023-01-02 18:59:00,223.66060933021447,226.794597438242,222.76240596393774,225.5234751984311,39022
2023-01-02 19:00:00,225.04578379643132,225.48714857476386,222.61688802175055,224.19027353322988,92178
2023-01-02 19:01:00,224.74265562498152,225.00229351162463,223.5738435225517,224.64005618658484,36579
2023-01-02 19:02:00,224.14051532458467,225.35398017558404,223.3446933773629,223.82735896585476,13571
2023-01-02 19:03:00,223.6997169772096,224.485395897501,222.5755917957007,223.8899853887965,83753
2023-01-02 19:04:00,224.14002231151542,224.65995470464003,223.95940176137924,224.09868014309532,49225
2023-01-02 19:05:00,225.7708595418581,226.1411463119155,224.94724428186262,225.03585539746803,8227
2023-01-02 19:06:00,223.71966206739177,225.97416590220945,222.71137093998001,224.17476442877552,42189
2023-01-02 19:07:00,223.19053894388304,223.52607481382495,221.37411774361712,222.16648662655552,15207
2023-01-02 19:08:00,222.46307884789542,224.0579605307901,222.02007230298958,222.31123889749563,79208
2023-01-02 19:09:00,220.97741085459234,224.57637636254734,220.9233333137672,223.5342916356168,54406
2023-01-02 19:10:00,223.6523753014962,226.95198509873995,222.44119074069857,224.3874860509169,42783
2023-01-02 19:11:00,223.74667666083326,225.42971824553658,223.3491857554407,224.55105964688315,86587
2023-01-02 19:12:00,224.49885385752978,225.1016061330322,223.87578621632048,224.24232247351455,29879
2023-01-02 19:13:00,224.81172259022188,225.27295373367014,224.69373352766453,224.80771984253428,29845
2023-01-02 19:14:00,224.54178799856746,224.6901114380732,224.063772353861,224.17361851056776,11015
2023-01-02 19:15:00,224.23918794855928,226.2253414833421,223.60725993485426,224.51639640700543,83961
2023-01-02 19:16:00,224.96297344555686,225.77654767404536,223.00014534256476,224.87930706252823,22496
2023-01-02 19:17:00,225.85970693423104,226.24326334119183,225.33334649819957,225.617052801252,1707
2023-01-02 19:18:00,227.51090044648708,227.52133707024018,226.7623178111496,227.50749360066965,18767
2023-01-02 19:19:00,227.90381266418228,227.90386023358553,227.4234727713007,227.7980770694549,27467
2023-01-02 19:20:00,228.5795576458905,228.9192490715407,226.31572927013573,227.47303407145847,84222
2023-01-02 19:21:00,228.3486807231086,228.78983746046094,226.95181175339465,227.4783289756998,8118
2023-01-02 19:22:00,225.9704365819186,227.38882694460293,225.07702645470965,226.29379751657135,64884
2023-01-02 19:23:00,225.87479730369117,226.29535059669098,224.59079598329774,225.8447990784667,12213
2023-01-02 19:24:00,226.67026898266587,226.77448386810747,224.3690325730087,225.59008062836855,98021
2023-01-02 19:25:00,224.5403642905007,225.62361145107033,224.51443442084982,225.25795220459204,82037
2023-01-02 19:26:00,225.38245549267208,225.5445740418053,225.19373286767015,225.3834354392606,9868
2023-01-02 19:27:00,225.06238171243626,226.79036081938676,224.58067365803203,224.84989429360246,52716
2023-01-02 19:28:00,225.1149825012724,225.93358242022634,224.08206451169667,225.6285701641752,95869
2023-01-02 19:29:00,224.70556758655056,225.6821697142973,223.8517943025965,225.65127318047587,43523
2023-01-02 19:30:00,226.9305242987499,227.87130692745987,225.6536903441518,225.66754241987616,35028
2023-01-02 19:31:00,225.75107797246255,226.24255770370783,225.1480401493094,225.46812358957433,11545
2023-01-02 19:32:00,227.2332010493284,227.3282856014449,224.9447936235429,225.5956420587981,1357
2023-01-02 19:33:00,225.87779032684725,226.85236262660777,224.67607395132305,226.17661734134188,22788
2023-01-02 19:34:00,226.185094153148,226.41324993439136,224.92948275266193,225.61086126612412,17802
2023-01-02 19:35:00,225.06228825051357,225.3198625012198,224.941176919001,225.1879876685096,55739
2023-01-02 19:36:00,224.69603967048437,225.2710779933315,224.2476947796915,225.00532010760816,86875
2023-01-02 19:37:00,224.51839064377057,225.1717509005704,223.93803322225745,224.11933628574008,2593
2023-01-02 19:38:00,223.43111011530456,224.0206412596786,223.20329193821019,223.5909136360657,5602
2023-01-02 19:39:00,223.14771466747584,223.52356925427418,222.91755718536666,223.29383674680403,76113
2023-01-02 19:40:00,224.75468647205653,225.6994099576327,223.34634828299224,223.90190327539244,96865
2023-01-02 19:41:00,224.75582555222056,226.4321340077846,222.439138308662,224.10065740959013,11943
2023-01-02 19:42:00,224.82639716969535,225.60526166253095,223.46296185090085,224.2532183545471,34012
2023-01-02 19:43:00,224.62869886588373,225.90127660878838,223.9379737450113,224.84809349590503,71108
2023-01-02 19:44:00,225.0388698159731,226.3199804454007,224.4474729851016,224.77791495108946,17250
2023-01-02 19:45:00,225.21884983152933,226.39150705349914,223.37216818618577,225.0636963670707,83169
2023-01-02 19:46:00,224.10673390019315,225.839954068885,223.84117225347228,225.01650832892597,45053
2023-01-02 19:47:00,225.1929801306643,226.63084456838206,224.70591129272958,225.21814270767044,40388
2023-01-02 19:48:00,224.87306349614522,225.7470978923383,224.83462299363651,224.8469210543989,92707
2023-01-02 19:49:00,222.93598706588355,225.52336170127427,222.7334060039991,223.22432415934506,72405
2023-01-02 19:50:00,221.8931811439608,223.78013836995248,221.2861976807384,223.15672346607784,72507
2023-01-02 19:51:00,223.3372031586592,224.3068841414581,223.3178887912527,224.13152657553303,50662
2023-01-02 19:52:00,223.80368101240455,225.1621312791298,223.36188037117816,224.7767219443171,62311
2023-01-02 19:53:00,226.3314534804096,226.85189805754973,225.34346657319776,225.45019626239062,80493
2023-01-02 19:54:00,225.50510435744962,227.19069649276932,225.39539897090606,226.3087990235284,72504
2023-01-02 19:55:00,226.67699957942747,227.1295324496641,226.32611981405202,226.39162188223517,87789
2023-01-02 19:56:00,226.7886273132002,226.89824470202302,225.63669724588024,226.5482729134906,92477
2023-01-02 19:57:00,227.66645220266665,228.53091286639616,224.38909289576964,226.15114383026474,57657
2023-01-02 19:58:00,225.3867354248323,226.1153187460173,225.0663370869265,225.9593182308751,74183
2023-01-02 19:59:00,228.3295700721796,228.53442324205434,225.810113442982,226.39933185026376,26499
2023-01-02 20:00:00,226.31815905106365,227.2999335779334,225.83537119091432,227.23964768004865,32785
2023-01-02 20:01:00,225.11050828702437,228.15013620191897,224.8728545838523,227.1673084771485,82993
2023-01-02 20:02:00,227.41701528098338,227.4241966927085,226.2160271951169,226.88322035719142,75536
2023-01-02 20:03:00,228.36842271027297,228.8090085500695,225.41929931608738,226.90626803424396,53030
2023-01-02 20:04:00,228.1073195514326,228.99834971130778,227.32996391263868,227.33821140019688,38909
2023-01-02 20:05:00,227.15702649481526,227.72458052864124,226.02339918205848,226.37621510707282,35894
2023-01-02 20:06:00,225.10432317975926,225.59843769223423,224.09552798737337,224.83945046846708,85124
2023-01-02 20:07:00,224.65887551693396,226.4167537632933,224.23445771294868,224.49058720540694,73006
2023-01-02 20:08:00,223.093959609311,226.72282128205435,222.18646841969306,223.69092091622028,16473
2023-01-02 20:09:00,223.0491557891586,223.4434856143183,222.7000552232078,223.37229096201307,82697
2023-01-02 20:10:00,224.11865016908732,224.27528970376764,222.50388749719556,223.2955981059892,21063
2023-01-02 20:11:00,222.85090009419872,224.58330538885266,222.83341205418554,223.01430254204965,79444
2023-01-02 20:12:00,223.8028381988088,224.25479647031406,222.1767735593386,224.00836707479877,12850
2023-01-02 20:13:00,223.287818893466,224.3932037727469,223.22034828976814,224.25034859501267,1984
2023-01-02 20:14:00,224.44223936830642,224.59012480257763,224.30669877305536,224.47491806953192,51450
2023-01-02 20:15:00,224.67702460554332,225.25127141449605,223.6655113241208,224.91637525438313,57700
2023-01-02 20:16:00,224.495057420128,224.88019222399805,223.65067523148278,224.17044024129586,73723
2023-01-02 20:17:00,223.68112716487775,225.32754533125,223.57886566573853,224.89167172585778,94392
2023-01-02 20:18:00,225.68199991341126,227.03855423504586,224.70528495061944,224.86304462186214,21339
2023-01-02 20:19:00,224.48995903978962,225.50611384165828,223.0643892338878,225.33782986518275,39481
2023-01-02 20:20:00,224.69472239902026,227.294874571625,224.51085000033638,224.63577369971358,65351
2023-01-02 20:21:00,223.34805461226583,224.00668315372394,223.24517963159852,223.61114786944336,53839
2023-01-02 20:22:00,224.72527427747193,225.27988500645074,223.63098040479363,224.18217672001487,65236
2023-01-02 20:23:00,224.14354843581455,224.64108534515165,223.60100040151468,224.4577478583829,80619
2023-01-02 20:24:00,223.68282888839292,225.34370432372594,223.36215788019544,223.872776252139,49287
2023-01-02 20:25:00,223.61727556586834,224.37041235232667,222.7499292816238,223.31108186453736,61306
2023-01-02 20:26:00,225.14046202663064,225.27644981843628,223.71887922385523,224.08737915055076,53197
2023-01-02 20:27:00,222.527087658271,223.79409284229226,222.50702538517152,223.3101913070564,26435
2023-01-02 20:28:00,225.62924902677074,226.40037299822774,224.24257543862404,224.43299916052663,68621
2023-01-02 20:29:00,223.37944580400554,224.25775076044087,223.30961520854353,223.84905542269314,31837
2023-01-02 20:30:00,223.46029624665292,225.2427641330539,223.44872569809013,224.30015061684614,82719
2023-01-02 20:31:00,223.4358489969442,224.87150878792687,223.18119575063452,224.1014531110899,36495
2023-01-02 20:32:00,224.1237294639076,225.01862680399213,223.46792913619637,224.5293887958127,99680
2023-01-02 20:33:00,224.92451551298666,225.12853617926396,224.0963354607102,224.18533298170246,40760
2023-01-02 20:34:00,224.01975386803798,224.63367957490453,223.77888521477377,224.09826416943602,23084
2023-01-02 20:35:00,224.05092259319045,224.198176110245,223.80479385194008,224.14818374438522,38458
2023-01-02 20:36:00,223.521979513079,224.99654710587558,222.49237080391933,223.4966830688052,52946
2023-01-02 20:37:00,224.002125096499,226.18207865476987,223.3349530520648,224.0157480889261,67601
2023-01-02 20:38:00,223.63284924846843,223.71906083825817,223.54158049315953,223.69324590066745,70218
2023-01-02 20:39:00,223.94130868062513,224.260730586242,222.68361501670782,223.56220645403243,60351
2023-01-02 20:40:00,222.87816865943935,223.13328137815677,221.61028974605674,222.91766585415684,48561
2023-01-02 20:41:00,222.36397923424838,222.6752730152228,220.647042421572,221.22638930566765,51203
2023-01-02 20:42:00,219.71644971835607,221.20392763803147,218.95508722853003,221.1217307980667,99024
2023-01-02 20:43:00,222.83531840820578,222.94982696248292,222.3954240742085,222.74428806447798,97996
2023-01-02 20:44:00,222.51385133196897,223.95216973618352,222.12647911685247,223.290860863845,9820
2023-01-02 20:45:00,223.2743863015087,223.4111719669971,222.88824080602438,223.30028794961706,58232
2023-01-02 20:46:00,223.53755899052268,223.58209891643608,222.71918249999487,223.14650718482744,19757
2023-01-02 20:47:00,222.71404940617498,223.75983649102832,222.69947598669054,223.18386139208133,47588
2023-01-02 20:48:00,223.86691125437497,224.3019411715565,223.5245968554586,223.5725042485192,89682
2023-01-02 20:49:00,223.214766977638,223.48372978115827,222.72012770786736,222.80286966444203,9058
2023-01-02 20:50:00,223.6802750826608,224.1601902090611,222.55094763616592,223.56997216531317,89388
2023-01-02 20:51:00,223.42517379494365,225.58806803325086,222.96291679898394,224.07214250487206,80654
2023-01-02 20:52:00,228.0574419543333,228.19416216248482,223.2791259990189,224.57732596194992,37742
2023-01-02 20:53:00,224.6892150694263,225.34004021429683,223.6484193133184,224.89519882130938,73195
2023-01-02 20:54:00,224.59200213806503,224.96946737166468,224.51776990478467,224.93092341758842,57980
2023-01-02 20:55:00,223.67694429342134,227.30186209798816,223.60099316744785,225.40745840734394,71377
2023-01-02 20:56:00,226.0178375601993,226.1799254103096,225.43206626934062,225.83019711239325,19335
2023-01-02 20:57:00,224.927980564375,226.1495998639531,224.82217881558,225.61292088149162,48351
2023-01-02 20:58:00,224.30258701439678,225.91131932511027,224.03841166367133,225.24724625936156,86841
2023-01-02 20:59:00,226.66581125219136,228.32639564371158,224.42070028324318,225.33859953405334,69960
2023-01-02 21:00:00,227.2021182426059,227.9551049773299,226.05599479730165,226.4082954887706,48501
2023-01-02 21:01:00,225.77555167824053,226.42143150410038,224.3586616079649,225.58930395553884,56877
2023-01-02 21:02:00,223.41846964457451,225.3897686117216,222.13940667705464,224.6186888762196,15538
2023-01-02 21:03:00,225.32988717499936,225.5849655608397,224.45680596675533,224.75217583751729,4769
2023-01-02 21:04:00,225.73518606287894,225.79440923112222,223.48473942541327,224.80896242024758,32586
2023-01-02 21:05:00,224.22810668798041,225.69119647690098,223.68395318090487,224.94834959562354,92983
2023-01-02 21:06:00,225.20647206501542,225.56941605791175,224.34726465508913,225.1354750383274,86551
2023-01-02 21:07:00,227.0944519482047,227.33761062174656,223.9382803744661,225.00723634895076,68879
2023-01-02 21:08:00,226.90354958404563,227.35518246235432,225.9155464365485,226.03542723715725,69922
2023-01-02 21:09:00,225.31236137803373,225.84426654783394,224.17627967604298,224.97244773565913,53219
2023-01-02 21:10:00,224.0758881846588,225.39467249501095,223.6957061124419,224.43577796961313,36107
2023-01-02 21:11:00,224.54177681401015,224.84091648956687,224.19742518132867,224.38869936014072,1683
2023-01-02 21:12:00,223.2732300731723,223.60895833836025,222.84153937652422,223.30499922966266,91987
2023-01-02 21:13:00,223.01828018156016,223.27343873183355,222.42254275034517,223.20952222664692,67590
2023-01-02 21:14:00,224.956396705141,224.95918982176445,224.08045060664224,224.34441106452755,62097
2023-01-02 21:15:00,224.3701987179808,225.88368197318812,224.31750659136225,224.38090280638187,90131
2023-01-02 21:16:00,222.97744316661482,225.39218188106963,222.8089308255406,224.55863552917273,64402
2023-01-02 21:17:00,223.0591206636026,223.86191012329564,222.99125287027948,223.73214875209837,86934
2023-01-02 21:18:00,224.71733420741668,225.46020092392544,222.5699036127259,223.34082238028796,24685
2023-01-02 21:19:00,223.04635314424786,223.23873104057188,223.01598022520915,223.111766458119,66884
2023-01-02 21:20:00,223.64239571458495,224.1310161439183,222.83682238074238,222.92141970536173,95426
2023-01-02 21:21:00,223.7541393609896,223.8439728041086,223.71095147549164,223.80082941034868,17362
2023-01-02 21:22:00,222.90983762948267,224.73982029578752,221.36769949044722,224.1976446591248,91561
2023-01-02 21:23:00,223.20694944119404,223.74818628165806,223.05812964688616,223.47250565534193,1503
2023-01-02 21:24:00,223.5183978591996,223.8484578873683,221.38336302249272,223.6601140273841,42045
2023-01-02 21:25:00,224.1614806382825,224.6929109025996,223.40879665690804,224.016777038026,14576
2023-01-02 21:26:00,226.14445049899834,226.35051654556636,222.6333776971462,224.8054162545874,34290
2023-01-02 21:27:00,225.9688063369183,226.30008755477053,225.5213421449758,225.89383911706682,61495
2023-01-02 21:28:00,223.43347133087212,226.56533666005308,222.99052324027602,225.2285179288062,12884
2023-01-02 21:29:00,224.07645067113972,225.7871125690615,223.72391042582913,224.70315607409503,52660
2023-01-02 21:30:00,224.3183439721238,224.3420142470517,222.17560167786803,223.8778812479814,26205
2023-01-02 21:31:00,224.21306779401732,224.55338187332325,223.3133274924792,223.74309342542574,64739
2023-01-02 21:32:00,224.0952875827992,224.43080249385832,224.0778968329515,224.0785011307987,33785
2023-01-02 21:33:00,224.94768412153496,225.1680360403715,224.42415424149382,224.76463029668776,2268
2023-01-02 21:34:00,225.00482883636022,225.55592431356288,224.6184111998623,224.73589344846843,67712
2023-01-02 21:35:00,223.77933846335569,225.58797168010747,222.97732631092026,224.5427233810954,19016
2023-01-02 21:36:00,224.18686671177977,224.71574439784956,224.09054854198882,224.66740611205668,62939
2023-01-02 21:37:00,224.42860819673882,224.89670164685035,221.97287271144467,224.12698468434155,79281
2023-01-02 21:38:00,225.27102642213373,227.88355368552408,225.09286500867438,225.55436342203384,78497
2023-01-02 21:39:00,224.83977916744485,226.87048921721006,224.01099688523615,224.48907397966596,50266
2023-01-02 21:40:00,223.6208334677909,224.95397006007605,223.0319635518482,224.63593961151224,42712
2023-01-02 21:41:00,225.52926953942838,228.31064640422034,224.9959111167311,226.02212725885445,7768
2023-01-02 21:42:00,225.88831304081202,226.22802532490633,225.53729364027524,226.0493402175778,60214
2023-01-02 21:43:00,224.74538209398088,225.98085215538603,224.73075264594542,225.94307055616653,19972
2023-01-02 21:44:00,225.5453909221528,225.81580529401043,225.4289599433552,225.72337791406403,99625
2023-01-02 21:45:00,226.6078708965059,226.74197589192403,224.72142636564107,225.6237943925904,74162
2023-01-02 21:46:00,226.28578638313363,227.42236257715285,225.77388550913048,226.57559861797745,64412
2023-01-02 21:47:00,224.85104253995712,225.43004626780805,224.52470309463325,225.0947943679799,46281
2023-01-02 21:48:00,226.00138820523523,226.66182748097387,225.4082294166752,226.1528076784274,29403
2023-01-02 21:49:00,225.18949262408174,225.32683971602037,225.01348124946267,225.2093272350741,95568
2023-01-02 21:50:00,226.4847829399093,227.04957647727193,224.09704609850303,225.05169039278,31226
2023-01-02 21:51:00,225.08493759138935,226.44688988077712,224.76480023197036,224.78438901467962,50985
2023-01-02 21:52:00,225.29306070633655,225.3610106257938,224.83120165845364,225.20376021502508,29783
2023-01-02 21:53:00,223.74561317773092,224.21944499119175,222.26510159214354,224.14656975104032,74939
2023-01-02 21:54:00,224.73170538196447,225.39259264420429,223.0097260146977,224.47976766122028,96155
2023-01-02 21:55:00,225.4516117928091,226.8184525430636,225.32168557411978,225.86546529971585,69155
2023-01-02 21:56:00,223.37674325470851,226.92569109664092,223.29824277007447,224.96437005375032,67883
2023-01-02 21:57:00,224.87298074959705,225.29141386249898,224.260758189679,225.11489787623103,69700
2023-01-02 21:58:00,224.83497374534193,225.00629209406253,223.75456922782845,224.69034321496696,80095
2023-01-02 21:59:00,225.70454741412348,226.67568899678037,224.33873403410922,224.9998904768796,28788
2023-01-02 22:00:00,224.19075898839657,226.46469682701562,223.5744596536224,225.03531520939157,8166
2023-01-02 22:01:00,223.63132508478353,225.92161109129165,223.40337457204976,224.62474711457406,36219
2023-01-02 22:02:00,226.3707097876472,227.63903091900485,223.41697314620455,224.97597415512564,66441
2023-01-02 22:03:00,226.5226833646013,226.64355950525078,226.20911224532398,226.21627667368386,1403
2023-01-02 22:04:00,224.3393976778438,227.56881214334413,223.66604696408353,226.10934166644893,76569
2023-01-02 22:05:00,225.27804832476284,227.08132761413296,225.22573868748887,226.62018458399055,28224
2023-01-02 22:06:00,224.9546911289709,225.7794103925098,224.38563603947242,225.76360133315822,84610
2023-01-02 22:07:00,225.30465757254353,225.7730436090712,224.6505728946588,225.1383921306621,4485
2023-01-02 22:08:00,225.8278022494716,226.14671468783405,225.0619696125667,225.47997633937845,75984
2023-01-02 22:09:00,227.9174335616583,228.26775209282087,226.4245038329296,226.50643967800997,66491
2023-01-02 22:10:00,227.51931074087355,228.03445303201264,226.71175265652676,226.770736462584,87208
2023-01-02 22:11:00,226.6708094474747,228.55078564710254,226.4363607253106,226.5804363358185,79946
2023-01-02 22:12:00,227.25775163319517,227.8565300867782,225.97012844883724,226.60261271844698,15262
2023-01-02 22:13:00,228.2992872740881,228.3430015019464,225.5803622233235,225.77523600127614,94296
2023-01-02 22:14:00,226.31562598865943,226.43814548225166,225.14048139773965,226.20726729629905,76370
2023-01-02 22:15:00,229.845884232983,230.36455561611427,226.32288979547107,226.82865847564872,98815
2023-01-02 22:16:00,226.06805131593674,226.5573421656334,225.85618148577512,226.54370021037727,28928
2023-01-02 22:17:00,226.82239590668823,227.51475034730421,224.736573811518,226.2468993181735,64179
2023-01-02 22:18:00,226.27631214512616,226.51497465773502,224.91210000320817,226.44998638327027,87365
2023-01-02 22:19:00,226.1813878438469,226.2333954291485,226.07171739988294,226.1759458470695,89379
2023-01-02 22:20:00,225.37980157187326,226.33534850620626,225.0603309277636,226.1536906216612,35712
2023-01-02 22:21:00,228.28176209018804,228.35454369224158,226.77802509167245,227.60088548641954,86491
2023-01-02 22:22:00,227.7943949268685,228.63673079840368,227.1029259096102,227.4549757702851,35328
2023-01-02 22:23:00,226.94489132493774,229.15053726103176,226.6158785326762,227.2332025160756,32632
2023-01-02 22:24:00,225.97624802797156,227.09247420694794,225.83860040087308,226.81449684155464,38515
2023-01-02 22:25:00,227.84947323044844,228.16971859933355,227.26117216038875,227.34355887394665,63074
2023-01-02 22:26:00,227.45510386655516,227.95640458971062,227.06487102531483,227.24269278435386,73690
2023-01-02 22:27:00,226.39395238693086,228.2816247042943,226.19698781531952,226.82272122008314,65947
2023-01-02 22:28:00,227.2807255321649,228.0372201936144,225.12353977745676,227.74450882068285,29170
2023-01-02 22:29:00,228.81579599119326,229.05463656751166,227.86444957168538,228.7372036385149,47857
2023-01-02 22:30:00,228.80584231636018,229.41342454787207,227.20069032249688,228.34805973660153,50744
2023-01-02 22:31:00,226.96538703967013,228.22420935565316,226.64622191493643,227.09223221363305,97699
2023-01-02 22:32:00,227.9580710899798,228.58520748011074,226.56365115179202,227.80133703528702,78621
2023-01-02 22:33:00,227.2460216911588,227.86052230116582,227.23936110205508,227.35623839994344,93780
2023-01-02 22:34:00,227.70110263676702,228.89124426598414,227.1785339177758,227.91823501040847,6327
2023-01-02 22:35:00,226.2576084771543,227.3226663785674,225.55104953422708,226.59395907914907,62246
2023-01-02 22:36:00,227.59423044475767,228.01748240122868,225.44847409693418,227.22338996930324,83675
2023-01-02 22:37:00,224.6658855657247,227.13262784525932,223.08617195548211,226.42049253347966,92411
2023-01-02 22:38:00,226.65996457002572,227.07301726330797,226.65525663915173,226.9395144980275,34264
2023-01-02 22:39:00,226.49056483455848,226.98898020584983,226.2194092802905,226.9719258187329,79596
2023-01-02 22:40:00,227.17087606026166,228.5149829548494,225.8325412525312,226.3450706099102,16656
2023-01-02 22:41:00,227.6542037120472,227.75435763184143,225.79037095035514,226.09131312800056,19805
2023-01-02 22:42:00,226.8760819383064,226.96040245215477,225.53040977391362,226.57943418278532,29855
2023-01-02 22:43:00,225.62090922767965,227.50939987675952,225.20390507229826,226.6740726420134,5127
2023-01-02 22:44:00,225.12502427965134,228.29403410839566,224.40497921561882,227.09415386044327,62722
2023-01-02 22:45:00,227.82570504472514,229.56777766495608,227.48549938689024,228.46337758241728,39319
2023-01-02 22:46:00,227.65506661474976,228.2318536586347,225.49927679509946,227.4141081542761,70126
2023-01-02 22:47:00,227.74737413126778,230.61963529447053,227.72997246505798,228.54018043138865,13973
2023-01-02 22:48:00,227.83238763725896,228.72956849281513,227.70166127763056,228.63458302380369,83381
2023-01-02 22:49:00,227.81925868277344,228.7808254434493,226.69969395249873,228.04096713375566,49087
2023-01-02 22:50:00,226.23074291295535,227.81741735537025,225.70870596192682,227.15367321305484,58711
2023-01-02 22:51:00,226.56993741389317,229.8315328226003,226.2380566850629,227.04751040604268,28281
2023-01-02 22:52:00,227.09155201862168,229.9563372274491,225.48096337055003,227.69799024721698,17549
2023-01-02 22:53:00,227.5635418104138,227.6471539434342,227.53195277350827,227.63363201113842,62426
2023-01-02 22:54:00,228.29263176474674,229.13040329339213,227.41680356279872,228.68836443025074,28623
2023-01-02 22:55:00,229.21811923528057,229.2632988430078,227.08768851554925,227.71563228151726,90616
2023-01-02 22:56:00,226.24840233497363,227.8976858216046,226.0142871467136,227.73014531753827,5697
2023-01-02 22:57:00,227.07089954900343,227.64222623663613,226.7314163997825,226.89729510879724,16730
2023-01-02 22:58:00,228.04598036035645,228.1602164705668,226.4806437259005,227.1675061100569,29245
2023-01-02 22:59:00,227.78469066554032,227.88397904916113,227.0775887473281,227.79463885049447,45134
2023-01-02 23:00:00,209.26702975328553,209.94570164892147,208.82527991806657,209.75378275873675,32313
2023-01-02 23:01:00,210.26781587610074,210.77551607589496,209.08906629930368,209.89994851610282,85093
2023-01-02 23:02:00,208.41713420223442,212.0011913778653,208.07192016820227,210.195952709526,66573
2023-01-02 23:03:00,210.5975769098291,210.72042239526988,210.29307272391733,210.4719156683809,54595
2023-01-02 23:04:00,212.19866584833318,212.22922657740804,211.10328064529892,211.27325519573276,30908
2023-01-02 23:05:00,210.16452224474006,210.8533195669673,209.36406620740888,210.61552752908588,68557
2023-01-02 23:06:00,211.71947781064947,212.58229120694244,210.861859337408,211.06638130348847,40648
2023-01-02 23:07:00,211.09814212956826,212.58817993945152,210.75469655222696,211.84258267762667,38289
2023-01-02 23:08:00,211.3545784999487,211.8447325856575,210.50628831857964,210.73342517395153,63710
2023-01-02 23:09:00,210.88260433431336,211.02749586811487,210.67372457253143,210.95658248888597,9839
2023-01-02 23:10:00,210.61511196202832,210.74559216544452,210.3707211615518,210.65859798480724,97541
2023-01-02 23:11:00,209.41404745038102,211.43902891067384,209.35981471031408,210.628143488547,69838
2023-01-02 23:12:00,210.33872204048618,211.68597544187082,208.70054773490705,210.86889765968277,9511
2023-01-02 23:13:00,211.2379354445854,212.0222389633635,210.08599856799142,210.58176049877994,87527
2023-01-02 23:14:00,210.0584993062316,212.24293642393434,209.48644407600054,210.17594328415052,76450
2023-01-02 23:15:00,209.58699071404953,210.25963892033548,209.4099785388877,210.2184949281619,10948
2023-01-02 23:16:00,209.80965862008517,210.86324724495938,209.40757568892346,209.55383916300121,45638
2023-01-02 23:17:00,209.49483814130537,209.99564794472167,208.25840440152,208.89217807366487,94890
2023-01-02 23:18:00,209.91981663148846,210.46424260011887,209.0815170633904,209.33881458587774,6873
2023-01-02 23:19:00,209.33419394255455,209.7307967018484,207.15941727065837,208.638286922766,32461
2023-01-02 23:20:00,209.09841916262994,209.9788265994774,208.72885406960467,209.07620564769306,74034
2023-01-02 23:21:00,209.3457336931418,209.40355732805594,208.74596197828077,209.38726376508453,90092
2023-01-02 23:22:00,210.48938619595876,211.40132315044693,207.84315350600568,208.32411664527453,99142
2023-01-02 23:23:00,207.3648663882721,208.58863420297092,206.5658384661895,207.92148988393538,28091
2023-01-02 23:24:00,207.68594725285436,209.34022812269302,207.51176398187826,208.68712505142184,72171
2023-01-02 23:25:00,207.1168163048079,209.1115674872794,206.42690083627474,208.0937239222477,53999
2023-01-02 23:26:00,207.9022134765804,207.95163998404263,206.8083490004657,207.82461445759196,34532
2023-01-02 23:27:00,207.35696232651102,208.5694813991524,206.81128145697886,208.13347980002573,23690
2023-01-02 23:28:00,208.6863196095115,209.50369196855283,208.2839135321844,208.64344252622362,18036
2023-01-02 23:29:00,208.17857451355084,209.6106965301044,207.84354147570295,208.50686105313565,46040
2023-01-02 23:30:00,208.5982910574476,208.89864110921582,207.34362694122456,208.15395681381375,57196
2023-01-02 23:31:00,208.89845814600562,210.23530783487672,208.38973726764254,209.0629879537909,48911
2023-01-02 23:32:00,210.2441178638369,210.8691660254399,209.93589859798638,210.17451293098236,45562
2023-01-02 23:33:00,210.98995245566547,211.35550157992964,210.73132682778257,210.81272342443037,11321
2023-01-02 23:34:00,210.3232974558743,211.36932283908126,209.52210824960713,210.88776314674774,30152
2023-01-02 23:35:00,210.29341812510842,210.75410879820066,209.97149864687552,210.39749187286728,86884
2023-01-02 23:36:00,209.69878563985375,210.37318233629688,209.01421381507606,209.8943613612165,87531
2023-01-02 23:37:00,212.718537595559,213.4449785565878,209.52858285468417,210.24436909063357,55911
2023-01-02 23:38:00,211.28063234174763,211.60471182432187,209.81139330821836,210.52929113748078,91298
2023-01-02 23:39:00,212.42569532859252,212.95407325995686,210.33427980873458,211.43557674129144,1145
2023-01-02 23:40:00,211.45648660813032,212.9818166301863,211.28488463291458,211.869305170336,71637
2023-01-02 23:41:00,211.35439733911207,211.96058160954016,208.934520062695,210.9351223634058,5247
2023-01-02 23:42:00,210.1572050028925,212.09831134748433,209.891877408669,211.621893974035,76114
2023-01-02 23:43:00,210.70162595992906,211.80704157750063,210.54410814031866,211.00942172267284,70724
2023-01-02 23:44:00,210.96507876066795,211.0234628793685,209.9036465690003,210.78745799668675,98310
2023-01-02 23:45:00,212.39963175233305,213.02001454450001,209.58493487363194,210.96675393888458,64289
2023-01-02 23:46:00,212.7222832299587,213.43731484658068,211.83979845333843,212.25090909106171,44547
2023-01-02 23:47:00,215.59422194781158,215.9012666466671,213.4454944239479,214.2523833041047,3696
2023-01-02 23:48:00,215.62861301366772,215.66006018017606,212.70320925516603,214.66378412671156,63041
2023-01-02 23:49:00,215.20749210820566,215.90126854380384,214.1194211069312,214.56727346688302,20713
2023-01-02 23:50:00,214.6806459867152,215.31466160638834,213.6768081843321,214.93279245317106,45549
2023-01-02 23:51:00,216.932653674818,217.4763715084077,215.26229301381713,215.52664451067417,44548
2023-01-02 23:52:00,214.98477712322537,216.02492159926717,214.6703217283063,215.3408599231066,53633
2023-01-02 23:53:00,215.80102675421978,216.64952896150635,215.63076616251843,216.52214108047656,97411
2023-01-02 23:54:00,216.5524229900826,217.1867226943255,214.5484160517306,216.69323953472502,91886
2023-01-02 23:55:00,216.8362506222666,217.30430712370205,216.5898208965723,217.03848154597222,5641
2023-01-02 23:56:00,216.6702223437226,218.00992811158187,216.46100933231855,217.49377895959842,72095
2023-01-02 23:57:00,217.82845832103814,218.56113999039545,217.4917226074345,217.7906057327983,12631
2023-01-02 23:58:00,217.98403231976175,219.64694442380133,217.05416660302325,218.36052487268475,36816
2023-01-02 23:59:00,218.315268613905,218.42283300563648,215.32944354141353,217.97800973579083,3023
2023-01-03 00:00:00,218.55928893484688,219.13164368572592,217.23668207997255,217.63471502129295,26656
2023-01-03 00:01:00,217.17448717180025,217.45194215927745,216.86053488306862,216.9381832338783,87190
2023-01-03 00:02:00,220.31334352171297,220.44273692902232,216.28576761592785,217.24591084770108,88253
2023-01-03 00:03:00,218.4726767805413,218.56417903133686,217.61949592555627,217.7752977493799,35842
2023-01-03 00:04:00,219.1495118355038,220.67981234032035,217.54394514555642,218.09615014583827,99086
2023-01-03 00:05:00,220.52945244541624,220.74305119058187,218.47844220588007,219.21356082033714,56189
2023-01-03 00:06:00,217.80060394023602,219.49685552615801,216.64934025030342,219.23180200677734,46923
2023-01-03 00:07:00,218.65880100201687,220.02463945272936,218.24985368441685,219.69355350167567,36080
2023-01-03 00:08:00,218.74937913205466,219.0360583352878,218.66244820903614,218.99600392250602,4474
2023-01-03 00:09:00,219.81119979333207,220.66442548632259,218.13773043591806,218.76358365901382,80707
2023-01-03 00:10:00,218.9842704625304,219.26171858738962,218.70563195559706,219.24193501462545,4260
2023-01-03 00:11:00,220.52229844809486,221.15300211630014,219.30369780732457,219.82233557747992,61218
2023-01-03 00:12:00,219.9700855895841,220.30901230039825,219.22936667843257,219.6504563079833,50109
2023-01-03 00:13:00,219.28358779319058,220.07761731193932,219.26545806556098,219.62524092858828,6618
2023-01-03 00:14:00,217.94421636961533,219.5781029101832,217.8508778304114,218.64711329073927,46765
2023-01-03 00:15:00,218.57193456354165,219.4283170583061,217.5957861829472,218.43478778971775,35118
2023-01-03 00:16:00,218.31899264922055,219.53437037061477,218.0319834451301,219.04010324062165,10285
2023-01-03 00:17:00,219.80371200885466,220.55683856614075,218.50732627534933,219.43998614928324,58083
2023-01-03 00:18:00,220.18815151588444,220.6950535611925,219.56310648034412,219.79152838479413,74677
2023-01-03 00:19:00,220.65488767286564,221.26170350342394,219.79681272625973,219.84632704196915,29352
2023-01-03 00:20:00,219.66877481788939,220.86289149125835,219.15100577263624,219.87297010311852,45056
2023-01-03 00:21:00,219.92028628887408,221.016961529172,217.97196509175077,219.4593970896551,64045
2023-01-03 00:22:00,220.6550934755289,220.94819308460555,219.22920803296643,219.94143642066436,24707
2023-01-03 00:23:00,220.3794868867232,220.3804563965485,219.87779320485345,220.24119874655614,23161
2023-01-03 00:24:00,220.6312138879998,221.14294617505652,217.9754159671479,220.5883113290943,68390
2023-01-03 00:25:00,220.88988107213547,221.5605571175543,220.0449092858471,220.26225874729428,19650
2023-01-03 00:26:00,218.32304922611226,220.2961984243509,217.8498537805542,218.861384447004,17944
2023-01-03 00:27:00,220.05177490594323,220.55240825209827,218.98082807584117,219.6036436697813,8546
2023-01-03 00:28:00,219.59098011000168,219.64583274349914,218.76602578186785,219.31014068395322,55139
2023-01-03 00:29:00,218.7775092664576,219.01716330935565,218.7130853137118,218.76442527544862,8207
2023-01-03 00:30:00,219.1222978631525,220.54796882113118,218.63175569482178,219.24142726479272,95804
2023-01-03 00:31:00,219.18401375305928,221.133732894817,218.84261807026374,219.00551517547407,73022
2023-01-03 00:32:00,219.89320808784214,220.55840272316757,218.03181966298808,219.7238114685157,32222
2023-01-03 00:33:00,219.81683948309004,220.8830135470979,219.08640939998102,220.15249654648176,30121
2023-01-03 00:34:00,220.16077645958347,221.79481874096209,220.05147650425553,220.62598027533193,85303
2023-01-03 00:35:00,220.21003196581884,220.35404456015885,219.202404539848,219.74394691997054,39915
2023-01-03 00:36:00,220.83743818834913,221.70961888731324,219.73782304563687,220.5648733790467,11017
2023-01-03 00:37:00,219.79360405763612,221.6033356991609,218.89782486275803,220.75979793740999,16094
2023-01-03 00:38:00,221.0101875397221,222.4427117511927,220.25904248774992,220.53730927727503,32236
2023-01-03 00:39:00,220.34745485978442,221.1720469455132,220.0102385575501,220.65423052850988,8664
2023-01-03 00:40:00,219.7008013540066,220.91173343414124,218.68788038281062,219.50049449590432,30921
2023-01-03 00:41:00,219.49072053029658,220.34705489461524,219.05536829917034,219.79154302794538,96381
2023-01-03 00:42:00,219.11413957060407,219.36361610208655,218.81174243369506,219.13478072585116,81109
2023-01-03 00:43:00,218.26820705804437,218.33097259989657,218.05384093100938,218.26744288447566,68219
2023-01-03 00:44:00,217.3904530958794,217.71988066199134,216.70793477242879,217.29242528858168,64590
2023-01-03 00:45:00,217.91945113174796,220.12089300682652,217.00068411743354,218.03949079788643,10390
2023-01-03 00:46:00,217.48720852009757,218.16168430947235,216.73046324867406,217.64968193715066,34777
2023-01-03 00:47:00,220.47382651536486,220.8293843157439,218.60539444858438,218.67289295006893,49588
2023-01-03 00:48:00,218.20164740707298,218.85009512577977,218.1541817779074,218.34326447144636,98313
2023-01-03 00:49:00,215.47075726038028,217.90839196118617,215.26368384272683,217.24672846764707,43667
2023-01-03 00:50:00,216.66676284607453,217.16055802986548,216.04798055763158,216.5407692949948,95647
2023-01-03 00:51:00,217.3379467369935,217.79675488049853,216.5254127445483,217.36523416862426,30980
2023-01-03 00:52:00,217.43308609453885,218.2974968030632,217.2013454262118,217.2853101601801,24808
2023-01-03 00:53:00,216.61300902760874,217.3785152432262,214.37393640551477,216.9496343653716,64470
2023-01-03 00:54:00,217.032596626326,217.41484974435164,216.3342346957095,217.0754770155798,73762
2023-01-03 00:55:00,218.1928011249126,218.28929404336756,217.03141374114102,217.42395874371658,88983
2023-01-03 00:56:00,217.862282769091,218.44614753645925,217.74358124146806,218.17454896173814,18926
2023-01-03 00:57:00,219.3823100463378,219.488642083394,219.06096295673677,219.14444341509426,18621
2023-01-03 00:58:00,218.6290341133212,219.27583391149884,218.56999561690975,218.92983396051682,12167
2023-01-03 00:59:00,217.60771231576211,218.42354889073798,216.5468009506547,218.08079274469986,72245
2023-01-03 01:00:00,217.82932125630717,218.31039936053017,217.23681559336174,217.8320943936441,79776
2023-01-03 01:01:00,218.31163966055118,218.93223538313725,217.91755168851174,218.02396994671986,36031
2023-01-03 01:02:00,218.38557319077609,218.80990163872298,216.07985222008568,217.41540470222247,33146
2023-01-03 01:03:00,214.4362789636338,216.89741323502238,214.42547499967415,216.81284818212367,8998
2023-01-03 01:04:00,217.101001080177,218.4774601154898,215.60876493908626,217.05814235624987,41508
2023-01-03 01:05:00,216.4707514409029,217.4226880615258,216.2066940177098,217.04816700332606,77348
2023-01-03 01:06:00,216.93305943721762,217.1390553874425,216.3359565911893,217.09122740323832,32101
2023-01-03 01:07:00,216.53944404752033,218.60725996445427,216.44638053179804,216.61894847640963,80764
2023-01-03 01:08:00,217.41546123442106,217.99404892991348,214.55917924285384,216.49088288993886,25747
2023-01-03 01:09:00,216.0121730076469,216.0659735199267,215.73368241873035,215.91226783003148,61800
2023-01-03 01:10:00,216.6141214341304,216.92330774371217,215.07337695448078,216.5104733301084,96326
2023-01-03 01:11:00,216.96956108987317,218.68754416110184,216.66026157198007,217.20455134786855,2882
2023-01-03 01:12:00,216.1501228880376,216.70389815955158,215.20556201639792,216.02327058403944,39955
2023-01-03 01:13:00,214.71883501487665,216.06085008328162,214.69927274418995,215.4424849829114,85195
2023-01-03 01:14:00,214.56404773832335,214.61460879063222,214.2820521340989,214.49678128671098,60965
2023-01-03 01:15:00,214.03974987847718,214.29701178198084,213.36835161337723,214.09994683977084,89794
2023-01-03 01:16:00,213.36603398292152,214.89427213141087,211.63470017956294,214.06776463976522,90422
2023-01-03 01:17:00,214.4253265754174,214.93338943316152,213.04754421456335,213.15820448112444,42560
2023-01-03 01:18:00,211.79909090956735,212.9891521484731,211.6751487235104,212.59001435392526,32343
2023-01-03 01:19:00,211.94682596829668,212.71231002635108,211.0882651981532,211.97097941893605,84943
2023-01-03 01:20:00,212.074569173674,214.11265064574533,211.23694319631292,212.1239804933207,4950
2023-01-03 01:21:00,213.35272969486093,213.4412265102961,210.20911984431515,212.18932168176042,4889
2023-01-03 01:22:00,212.4654495816322,212.8651399863404,210.06779485828926,211.75110560830393,31410
2023-01-03 01:23:00,211.756801673967,211.9878307051041,211.1216590532201,211.88460676437518,95504
2023-01-03 01:24:00,211.76555675145727,211.79835374786924,211.30332241524306,211.55829594080555,19976
2023-01-03 01:25:00,211.13673919563894,211.82985317784824,210.76867752573585,211.40703909372706,24016
2023-01-03 01:26:00,214.5209704906304,214.9212385789023,210.8830255001628,212.48951845206213,75747
2023-01-03 01:27:00,213.86628032673988,215.24633653849938,213.20108697424465,213.36526917410336,23742
2023-01-03 01:28:00,213.01060441731576,213.38586737589443,211.9814573770916,212.55474919972875,24553
2023-01-03 01:29:00,213.77180818829078,214.07644683319845,212.92068738383162,213.10509537260432,64338
2023-01-03 01:30:00,212.29901725814665,213.6664214457701,212.27345652392592,213.6451441025314,30332
2023-01-03 01:31:00,212.91007211331691,213.1944522350389,212.74937133944405,212.93054598956203,79625
2023-01-03 01:32:00,212.484354586704,213.9320432726957,212.4556646036781,213.4748673563473,5436
2023-01-03 01:33:00,214.48752959816113,214.4923671442129,212.82882679101292,214.48114427994156,18087
2023-01-03 01:34:00,212.7825143011416,214.99261553958763,212.47485171468807,213.78029831072314,56702
2023-01-03 01:35:00,213.3875034232315,214.31041875880211,212.291745682857,213.21324426022213,26428
2023-01-03 01:36:00,215.3305325844692,215.80420872375655,213.54261765754896,213.8855022933611,75033
2023-01-03 01:37:00,213.67796776308924,214.6588644730645,213.43080386038704,214.08109757636916,29154
2023-01-03 01:38:00,214.23118821424055,214.80682661162544,213.6889678293381,214.4566876249986,93045
2023-01-03 01:39:00,215.42493902216302,215.95423002062023,214.60596263430034,214.69725819933123,45747
2023-01-03 01:40:00,214.78907618464015,215.1879040964647,214.71299320132442,214.97037195419,35349
2023-01-03 01:41:00,215.36950528193248,215.80341197067767,213.84397468415958,214.13641237095572,70493
2023-01-03 01:42:00,213.8278737719468,214.87329130832953,213.38125201627622,214.83063258111832,38358
2023-01-03 01:43:00,214.62145089454162,217.13981024888608,213.94787994164935,215.60590691817785,53484
2023-01-03 01:44:00,214.99034202320036,215.97606596358224,213.7444634575749,215.4790935106294,81449
2023-01-03 01:45:00,215.67303289216275,216.46840439439555,215.1196001155149,215.472536298777,51837
2023-01-03 01:46:00,214.88307396171564,214.98804959109762,213.67114720916268,214.50434870164156,76333
2023-01-03 01:47:00,215.10265306520384,215.17251380063394,214.5900366698285,214.85672878103068,8531
2023-01-03 01:48:00,215.47685117865157,216.07838227541984,214.91408948698054,215.2469456257134,14825
2023-01-03 01:49:00,215.10404575647524,215.29068850966152,214.9993942986836,215.22831104091262,65028
2023-01-03 01:50:00,216.3400961423244,217.61056575388739,215.726943096851,215.97581189599103,73447
2023-01-03 01:51:00,215.4312694736599,216.4616063642482,215.05488091606236,215.78095167359007,33316
2023-01-03 01:52:00,217.0617856253905,218.0756130247039,215.84963295725385,216.16802338078705,72267
2023-01-03 01:53:00,217.81462418732502,218.53738503070133,214.83132579349552,215.52838370930425,18279
2023-01-03 01:54:00,215.09788327253716,215.63295757603098,214.85663630859133,215.53470807664277,45223
2023-01-03 01:55:00,214.34886249256328,216.29259075133538,213.8926474566587,215.44352336521342,90952
2023-01-03 01:56:00,216.0405796440026,217.53030077501546,214.69011938772084,215.61069111524975,29000
2023-01-03 01:57:00,213.53774931739366,217.01162431906658,213.28014910198766,215.3932303148269,13045
2023-01-03 01:58:00,215.6611692521733,216.16554041711956,214.47710480229546,215.32981471661958,52498
2023-01-03 01:59:00,215.53530721725315,216.40733522643217,214.59680273273906,215.88496545121228,37299
2023-01-03 02:00:00,216.112049307389,216.9575088448517,215.27876133410936,215.6236814509579,77202
2023-01-03 02:01:00,214.60519082260933,214.87905607105444,214.48757091687312,214.60599561211475,19245
2023-01-03 02:02:00,216.18075823269876,216.24797332718597,215.54286980989943,215.75386979868279,99102
2023-01-03 02:03:00,215.32784256074714,217.18456053426485,215.14312019435678,216.6696073759426,28339
2023-01-03 02:04:00,216.77238163014013,216.998924398547,215.258643671894,215.85129218435486,71388
2023-01-03 02:05:00,216.37845764429844,217.42448706907442,215.74626124586771,216.31950027654872,82950
2023-01-03 02:06:00,216.96438477760597,217.1552692043155,215.55625723584782,216.01472247352424,64819
2023-01-03 02:07:00,216.88695858343613,217.34222167391297,215.66376149757582,216.2070752988568,80817
2023-01-03 02:08:00,215.6741283673196,217.40390923129058,215.47298230642508,216.4195360216358,29031
2023-01-03 02:09:00,216.91583559311704,217.1103441606236,215.9557420004535,216.288986693085,17626
2023-01-03 02:10:00,215.6411152400543,216.4675629022775,213.86722488462073,215.80205594691077,24302
2023-01-03 02:11:00,215.37311234110734,216.82820919599834,215.32454098138533,215.3765756160887,47691
2023-01-03 02:12:00,213.46301562873555,215.4566533390337,213.15532137236755,214.80613444155983,31112
2023-01-03 02:13:00,213.46065223810092,214.3259055658876,211.9512624528698,214.2915735157261,72047
2023-01-03 02:14:00,214.759097457851,215.5350492292588,213.23524802021177,214.26981544863534,71204
2023-01-03 02:15:00,214.70667264885182,215.06247159981325,213.6580865071857,213.83114514786337,7087
2023-01-03 02:16:00,215.84196816399918,216.55220927767814,214.01340878736815,214.29006018516355,73551
2023-01-03 02:17:00,215.7726968192859,216.1938546213916,214.9569016548897,215.26759539559333,97955
2023-01-03 02:18:00,215.10765488118264,215.26165463732397,214.60286343001076,214.91452215571945,32314
2023-01-03 02:19:00,215.12473128606024,215.4853138278835,214.63671318812266,215.0903681194385,78150
2023-01-03 02:20:00,214.33741952929677,215.88818308392325,213.7903131129047,215.43430951920703,70539
2023-01-03 02:21:00,216.29993462047358,216.43122108848266,214.93291711281108,215.76090940013992,27235
2023-01-03 02:22:00,214.28379750821315,216.8548463114134,214.2360995741374,215.83165002411783,61572
2023-01-03 02:23:00,215.7383132999346,216.66505821238985,215.20201920523155,216.33411630451567,34366
2023-01-03 02:24:00,217.55185683877838,218.0082613219313,216.32491762504728,216.66873041919695,52347
2023-01-03 02:25:00,216.37753856537933,217.2615774906666,215.71833187966024,215.88590905503926,33837
2023-01-03 02:26:00,216.10240881359726,216.57360591423185,216.09040890210497,216.4704132871589,9139
2023-01-03 02:27:00,215.79706138151178,218.94626684601866,215.57459545834178,217.06827697123472,10585
2023-01-03 02:28:00,218.08632980431022,219.02481832591866,216.35382135817966,216.59292820052147,4659
2023-01-03 02:29:00,216.82802909672438,216.8508987194349,216.19999899085852,216.63923869394907,92761
2023-01-03 02:30:00,217.99461196900404,219.1877054749355,216.52536070371127,217.10501023615873,6634
2023-01-03 02:31:00,216.23302426164813,217.37366611561407,215.0611269702477,216.9903915003553,4682
2023-01-03 02:32:00,217.6129514419761,217.95602982620588,217.4527423483633,217.71056831947342,36451
2023-01-03 02:33:00,219.25006109038773,219.6002529407973,219.12912761235435,219.27625944902042,71098
2023-01-03 02:34:00,217.8083121587271,219.39241278267778,217.77435729381259,218.7811428433192,5652
2023-01-03 02:35:00,217.1520853813381,218.2365784435549,216.74493368321217,217.8965814078168,87851
2023-01-03 02:36:00,217.6442483599085,218.48539019687203,216.95851094672855,218.11697416600884,76038
2023-01-03 02:37:00,218.62757811078853,219.29674613993066,218.46242427952905,218.61094095429473,71249
2023-01-03 02:38:00,218.30637517957308,219.82380375286814,218.1611453089666,218.48139230272744,6413
2023-01-03 02:39:00,219.39968635058597,219.96170285817564,217.97065789697643,219.45577168126118,22984
2023-01-03 02:40:00,218.84027235763827,218.8703551273065,218.58488495764306,218.59642295216346,21487
2023-01-03 02:41:00,219.83753494795624,219.9583703241284,218.0472627554617,219.07269119163365,3075
2023-01-03 02:42:00,218.5824128764836,218.98548414533886,217.9303272677993,218.69641577927914,34550
2023-01-03 02:43:00,219.76271699135884,220.69738019834335,219.71064231123162,219.84635077722993,86726
2023-01-03 02:44:00,221.36398849596088,221.84892678236938,219.97757072771407,221.1824771000925,98799
2023-01-03 02:45:00,219.2873527318158,220.69784988743862,219.1128518938749,220.69588233828946,43293
2023-01-03 02:46:00,221.09694523442315,221.52110513281949,220.23675242776696,220.35409693550935,78445
2023-01-03 02:47:00,221.2428128515601,221.49702276735766,220.34484437894156,220.9443734829193,30212
2023-01-03 02:48:00,220.84519200058338,221.27942507515613,219.69541494686547,220.70986490364626,15962
2023-01-03 02:49:00,222.89392606186973,223.04633541943372,219.87880814561507,220.70186777881185,16853
2023-01-03 02:50:00,222.94720620269905,223.8022177013276,220.53699193628748,220.7407477810907,51209
2023-01-03 02:51:00,219.23843102099966,219.68869666658685,218.22103044624524,219.49157159188576,80911
2023-01-03 02:52:00,219.58632201895378,221.3983959231756,218.94386541841845,219.5044089431324,46964
2023-01-03 02:53:00,219.11170296306693,219.20562817435638,217.9571425792004,219.07216452189385,68645
2023-01-03 02:54:00,218.23726209501967,219.59410892645022,217.94033758739775,218.76998328611126,61501
2023-01-03 02:55:00,219.73623941157737,219.84900917039815,218.66324954008905,219.73933033225038,67856
2023-01-03 02:56:00,219.05718557079052,219.66349878486952,218.7813800989034,218.93299231476325,82523
2023-01-03 02:57:00,218.69218697454875,221.9493773584495,218.20477623463464,219.4889979486966,38185
2023-01-03 02:58:00,219.51256095786135,219.552569129745,219.32173096511673,219.3272589663614,70235
2023-01-03 02:59:00,218.6827571994552,220.01504415139453,218.6794242218928,219.16511459948555,50884
2023-01-03 03:00:00,220.15685529157898,220.5858921951821,218.0307578669606,219.70669695246866,63858
2023-01-03 03:01:00,219.64882143915128,220.50157048856536,219.34559551429007,219.95280226233635,94745
2023-01-03 03:02:00,221.95300214633778,222.27373390819926,219.49150539537425,220.35132132579983,65326
2023-01-03 03:03:00,222.81092308173544,223.67088511861982,220.88351393526665,221.01337876563977,40330
2023-01-03 03:04:00,220.845019117103,221.05562408058483,220.42472399617537,220.81580934797415,47415
2023-01-03 03:05:00,220.03312864685736,220.94456485726684,219.5085095489382,220.43231627878026,62006
2023-01-03 03:06:00,219.65109353309467,221.03015232944435,219.5639997071528,219.73675277816733,50127
2023-01-03 03:07:00,219.62991975318002,219.7281616024854,219.15001977639469,219.21460736474572,23547
2023-01-03 03:08:00,221.06757781074225,223.14766204454565,220.63880454200012,221.17598255505902,23939
2023-01-03 03:09:00,220.65793412704645,222.2985573265353,219.68502361825637,222.02397984102157,80738
2023-01-03 03:10:00,213.51213780701644,214.89873772211521,211.42916141326978,212.37257020371902,95756
2023-01-03 03:11:00,212.99567838203333,213.4134134120708,212.60657990857794,212.7008128628027,88298
2023-01-03 03:12:00,213.2771181063929,214.12109590371207,213.06788694585734,213.07129394584945,75332
2023-01-03 03:13:00,213.20006588520954,215.13589710711955,212.88331615865386,213.44345524229513,2722
2023-01-03 03:14:00,212.436433910311,213.48976539531566,212.28836590117473,213.30154365128894,44364
2023-01-03 03:15:00,213.57705443970917,213.7236980768658,212.65324498247296,213.2425950437053,12674
2023-01-03 03:16:00,212.6779785870605,213.55170536638477,212.64950556826872,213.47367294499,3812
2023-01-03 03:17:00,214.35893020777468,214.39437375844258,212.85239381561968,213.55002799888567,3278
2023-01-03 03:18:00,211.4528471403866,213.22724134869526,211.01332029247936,212.14958803147104,36118
2023-01-03 03:19:00,210.81428369450617,212.45217933954905,210.61118047074828,212.02454729940524,70159
2023-01-03 03:20:00,212.0739567071101,213.07480806349582,210.70888774707444,211.50419256275967,7530
2023-01-03 03:21:00,211.79002452262935,213.80523503847436,211.61482225810605,211.63651683106798,50866
2023-01-03 03:22:00,214.36399227627692,214.8993412367194,213.55270973194922,213.55304993419978,82523
2023-01-03 03:23:00,214.28161550406142,214.46907984811529,213.21407460424203,213.80983573056403,1924
2023-01-03 03:24:00,213.3599377780862,213.72407851458684,213.3416187101635,213.6301095220456,20546
2023-01-03 03:25:00,214.3862174144654,214.71387333619282,213.0766693335147,214.24224620047275,54305
2023-01-03 03:26:00,214.3409877622659,215.14145311883084,213.819511690483,214.57390683660117,78806
2023-01-03 03:27:00,213.6654828934877,216.02148318963833,213.2184206766175,214.86578817545518,19953
2023-01-03 03:28:00,214.73658654443472,215.74286455728864,214.5215103710842,215.2784490473208,36583
2023-01-03 03:29:00,218.70943237342516,218.9245184390321,216.27683138970536,216.6281654193298,89892
2023-01-03 03:30:00,214.9271944071727,216.70951685687058,214.7055434181094,215.91488137475596,71114
2023-01-03 03:31:00,216.42903461443174,216.57945622345068,215.4503107792391,216.2432655039335,5462
2023-01-03 03:32:00,215.5996321144595,216.32156439337868,214.7375298165904,215.66391878853858,1888
2023-01-03 03:33:00,215.29449187130962,216.08802682654965,215.26223978494855,216.04489728315772,88868
2023-01-03 03:34:00,215.68210475821505,216.32748384014664,215.12234782842577,215.47106917385773,86398
2023-01-03 03:35:00,216.35725521953185,216.67464820228162,214.93598954114887,215.22282486007958,86509
2023-01-03 03:36:00,215.6885058448163,216.19163447574243,214.3540385901315,215.05381688777558,68259
2023-01-03 03:37:00,215.5348956545791,216.2123379542997,214.88718341510625,215.7048815996983,24410
2023-01-03 03:38:00,216.29720124398713,216.3336281302132,216.07334335055742,216.32079740911422,9602
2023-01-03 03:39:00,215.50226291597602,216.59097160147203,215.35328961899555,215.53400576019732,19614
2023-01-03 03:40:00,216.28616701505825,216.38870635241642,215.25012610891304,215.59107966776338,19444
2023-01-03 03:41:00,216.49183263743848,216.96072084921585,213.9072440202678,215.15370151474255,54050
2023-01-03 03:42:00,214.46374238873946,214.72957513057554,213.8183251332622,214.3629009151752,69149
2023-01-03 03:43:00,215.61421812883088,216.29858977569992,212.54062392063452,214.24477599183567,89618
2023-01-03 03:44:00,214.70019160254225,215.70080786444169,213.50736140383535,214.0679279917047,82516
2023-01-03 03:45:00,216.2759032431532,216.89224516056603,214.99486021306515,215.64778129466976,45866
2023-01-03 03:46:00,216.26084665778748,216.8728480114203,215.48004267117383,215.94944654998554,67213
2023-01-03 03:47:00,214.14315030965432,215.3627700656602,213.47062960687293,215.07855428410417,77638
2023-01-03 03:48:00,215.53433896112873,216.14622915756817,214.7269887064695,214.7356498105896,58239
2023-01-03 03:49:00,215.41323091042295,215.43176971812403,215.40680279265467,215.4151055925198,44211
2023-01-03 03:50:00,216.5200178277352,217.7271193377448,215.57050581342256,216.7862934644042,4004
2023-01-03 03:51:00,214.71512978401122,216.00695578831238,214.2108186465328,215.77651376248124,64789
2023-01-03 03:52:00,214.70084760832927,216.22558635225587,214.48722411580917,214.58116082397035,75522
2023-01-03 03:53:00,216.02844970441495,217.02482964355318,215.5555420824171,215.80704057763026,65084
2023-01-03 03:54:00,216.90926493721335,217.13149843416218,215.63005042255568,216.08086572944455,27269
2023-01-03 03:55:00,215.84241891463654,216.4802107727571,215.4497178944175,215.53960948038622,80709
2023-01-03 03:56:00,215.89999117967332,216.29874025963304,214.71637972810913,215.9068646746533,22118
2023-01-03 03:57:00,214.1600543785004,216.0646839637415,213.7554882432553,214.22122726990744,99494
2023-01-03 03:58:00,214.0789307388825,214.62874925343266,213.67350808564976,214.24481870813216,15089
2023-01-03 03:59:00,214.29563146938486,215.79061632290066,214.10164258459244,214.47694515323633,43956
2023-01-03 04:00:00,213.71960948449464,216.35841766079204,213.29494807258317,215.09309675582494,86786
2023-01-03 04:01:00,214.65292011487765,215.08628629953373,213.95349122473922,214.46036000500013,92601
2023-01-03 04:02:00,214.79385997205685,215.70160047264798,213.3889929529359,214.53693553944774,80226
2023-01-03 04:03:00,213.74477007207864,213.9946522939682,213.67698982522862,213.96277594295898,14740
2023-01-03 04:04:00,214.29386059589677,214.83353937585792,213.806707951608,214.14810007243773,70581
2023-01-03 04:05:00,214.72014003645117,215.17890098548997,211.82278067708663,213.5943047409223,72160
2023-01-03 04:06:00,212.8220691467595,214.13803493585814,212.54446725206458,213.35416012638254,87078
2023-01-03 04:07:00,211.60640780654182,214.2264573577262,211.5550894041175,212.73811147080602,44779
2023-01-03 04:08:00,214.09275973498723,215.46968591799188,211.51305673289903,213.17494976514038,21495
2023-01-03 04:09:00,213.69768859922047,213.7781704271824,213.69313960246583,213.74526808112424,40602
2023-01-03 04:10:00,214.17763821694766,214.21638236335428,212.28494631180638,213.61619549806366,10033
2023-01-03 04:11:00,214.1163939951846,215.1885754049384,212.44206639010673,213.66206188263396,54103
2023-01-03 04:12:00,213.15387522056315,214.0199697935694,212.38460610667414,212.75490100339397,88140
2023-01-03 04:13:00,212.65278881987197,213.29413469302972,212.1689812201522,212.58490346675518,21442
2023-01-03 04:14:00,212.54747252496202,212.60413568336386,212.47141311572534,212.57414372609963,4247
2023-01-03 04:15:00,212.82795819998998,215.72838836310524,212.5389138706805,214.26673968209914,51368
2023-01-03 04:16:00,214.1791277702703,214.28089405386245,212.82669406918842,213.57339370832744,56244
2023-01-03 04:17:00,215.06102210566078,215.41552718089318,214.4685589308522,214.53287895331084,26474
2023-01-03 04:18:00,214.15497487000556,216.31408882913806,213.66818556211481,215.19590918895062,65784
2023-01-03 04:19:00,215.76677770896782,216.2795646131944,215.10726307335506,215.39860419851684,6586
2023-01-03 04:20:00,215.10595965736294,216.985736569273,214.81695546556634,216.55655725176834,57228
2023-01-03 04:21:00,216.28491353342628,217.0039820678152,216.27206642486914,216.81995854774036,8940
2023-01-03 04:22:00,217.20768554073112,218.01362422734798,215.83236377865416,217.09477298561472,19606
2023-01-03 04:23:00,216.97304919399954,217.74175783620024,215.55492365801263,217.0818858145902,41747
2023-01-03 04:24:00,218.0076662075557,218.72355561186163,217.0039218670157,217.90043792443012,65727
2023-01-03 04:25:00,216.00882817854685,218.75048264333273,215.39273852903438,218.63899134687674,35282
2023-01-03 04:26:00,218.5682484416251,219.8294440415164,216.64918544941898,218.25046289287096,58760
2023-01-03 04:27:00,216.63208791285473,218.12686393602596,216.54255725139313,217.40850900648636,63996
2023-01-03 04:28:00,218.33057395991312,219.0068967065499,217.27611591912986,217.29786070418686,3883
2023-01-03 04:29:00,217.06581400022006,217.9390013808867,215.98110742959858,216.7980504846839,37594
2023-01-03 04:30:00,217.19176296496983,217.8561268927677,215.92901090325316,216.77841427792893,97031
2023-01-03 04:31:00,217.80272135386213,217.88199539335938,217.12356918990812,217.60484174916834,79103
2023-01-03 04:32:00,217.24354635153333,217.46811242976935,215.96742254211787,217.32806907048288,70875
2023-01-03 04:33:00,217.861781023352,217.87506782775912,217.18826249470357,217.3218817090754,99978
2023-01-03 04:34:00,217.88698003702487,217.90898391170643,216.98285464763504,217.3814427269777,89209
2023-01-03 04:35:00,218.5850736125736,218.88181978239717,217.578473989251,217.9564802589341,16426
2023-01-03 04:36:00,216.78508380303538,216.84000052605404,215.57987553946876,216.5091036346601,17486
2023-01-03 04:37:00,216.76968553367948,216.92694083015806,215.74204103459005,216.13668613404002,77085
2023-01-03 04:38:00,216.9158175076809,217.26609579633597,215.9802818371398,216.29529827390377,4993
2023-01-03 04:39:00,216.34966936238817,217.7876208312348,216.2324326613723,217.09564211122893,13219
2023-01-03 04:40:00,214.7026854480959,217.20391804951745,214.5736721821807,216.79698204234774,4708
2023-01-03 04:41:00,215.58797594953512,215.65080696667505,215.26391749738642,215.59816885061213,29788
2023-01-03 04:42:00,216.02460172532034,216.27487108364488,215.78447776340252,216.02055462639538,2495
2023-01-03 04:43:00,218.5362176663365,219.6070211400053,213.8311738821987,215.63040267498943,95970
2023-01-03 04:44:00,214.02549836297055,215.75013018657884,213.24004768845603,214.8823808130109,37160
2023-01-03 04:45:00,213.662403185163,214.92134809514792,212.83129312067751,214.5013865797186,8537
2023-01-03 04:46:00,215.50957832433443,216.0175511962764,214.3232537533596,214.40409388314768,36553
2023-01-03 04:47:00,215.05017970195124,215.1923552860127,213.51324692393806,214.03655509704305,23203
2023-01-03 04:48:00,211.0314602684619,212.81483025337022,210.8598920052957,212.6417434698514,55032
2023-01-03 04:49:00,214.52561751673585,214.82923475437755,212.63739840594855,213.23526880454025,72124
2023-01-03 04:50:00,215.097895637378,215.47748719483118,213.64359882062095,214.07213729777848,94844
2023-01-03 04:51:00,214.46742549648653,214.934524621689,214.25209083808747,214.51196262705594,81747
2023-01-03 04:52:00,213.77266738211716,214.6589059592611,213.2844310634009,213.8012722652721,38659
2023-01-03 04:53:00,213.68944084523065,214.2325994920256,213.66297526204434,213.69341495357264,65043
2023-01-03 04:54:00,212.97158304223413,214.56877011414815,212.94604028301475,213.71060360870388,4525
2023-01-03 04:55:00,214.46466722433706,214.89939216141534,214.06816839573196,214.1158808003571,86437
2023-01-03 04:56:00,212.57895499771877,217.48675649188425,212.06053579604844,214.56659932568638,5777
2023-01-03 04:57:00,213.92064571386732,215.0195237828759,213.6561484196779,214.11546845966518,70725
2023-01-03 04:58:00,215.1686756841599,215.3694532391622,214.05917531966907,214.1895495574304,46791
2023-01-03 04:59:00,214.65143846697902,215.03247739282736,214.14421598326908,214.50480256404407,89853
2023-01-03 05:00:00,216.47282488146394,217.19354098410153,215.2263468983055,215.46309568364177,32501
2023-01-03 05:01:00,214.76234037857603,216.366463648022,214.39220830866134,215.94002747321014,66258
2023-01-03 05:02:00,217.07732979807068,217.63408857041776,214.38461596698434,216.47278824420684,84833
2023-01-03 05:03:00,217.3362090731923,217.4728875508576,216.43760318427894,216.5488740746622,77185
2023-01-03 05:04:00,217.96058278672768,218.53655816039696,217.3282327652774,217.48682898153604,24719
2023-01-03 05:05:00,218.38388706081,218.54286906946513,216.72473140222152,217.77593169781773,67686
2023-01-03 05:06:00,218.9305924035287,219.24677748610483,217.20912664693694,217.23513662525218,80837
2023-01-03 05:07:00,218.09823894206326,218.62718555597198,216.65846873076003,218.17144394050246,29434
2023-01-03 05:08:00,219.2297498782078,219.85001225307317,217.51753313038205,218.6500487789984,21520
2023-01-03 05:09:00,217.5882775021646,218.7761630747698,217.44833286336805,218.38129899338335,57881
2023-01-03 05:10:00,218.07852098473077,219.65441144535208,217.4931822265614,218.08900023204617,2510
2023-01-03 05:11:00,218.07306234348064,220.30059807058907,217.91349086326423,218.30484872446843,29546
2023-01-03 05:12:00,217.07817007607952,220.89107084812045,217.0447796171582,218.63002566932795,14982
2023-01-03 05:13:00,218.61166925556662,218.87908078373349,218.5613731012329,218.78129071119278,70451
2023-01-03 05:14:00,219.403355393827,219.4921462406705,218.74920628820337,219.00749438042018,81270
2023-01-03 05:15:00,219.27082516352257,220.15481168099038,218.99186424053494,220.1463053453367,89245
2023-01-03 05:16:00,221.87863552768212,221.91999222920649,220.5343241434026,220.87600877381905,20636
2023-01-03 05:17:00,220.67160921342045,221.63507344778694,219.24261578402303,221.024416860283,99220
2023-01-03 05:18:00,221.15087307522003,223.74662952298,220.34343669070535,221.67067716856465,59087
2023-01-03 05:19:00,221.8756608050533,223.265418952189,220.50176160995193,221.00620341761848,11957
2023-01-03 05:20:00,219.98281996063244,222.3955309720058,219.30589719634597,221.29213707759797,37706
2023-01-03 05:21:00,223.6500935256971,223.69368255869492,220.973862807445,222.51542209758725,63871
2023-01-03 05:22:00,223.20108881110758,223.61941107364007,220.88053512215436,222.39211791644738,62737
2023-01-03 05:23:00,220.38432809573214,222.27532813386057,220.33337355983952,221.8488358144287,41975
2023-01-03 05:24:00,221.41627753972082,221.50720951698167,219.76601711402927,221.43702521566445,98364
2023-01-03 05:25:00,221.00189268212353,221.26815777033153,220.31357985563108,220.73531362308862,29129
2023-01-03 05:26:00,220.17364480246897,221.4309424799419,220.06076812349764,220.23771315672084,38939
2023-01-03 05:27:00,219.67587528279958,220.3817690266284,218.23855517635988,220.01493735901798,66059
2023-01-03 05:28:00,219.66631427482378,220.77437898640565,217.63603715994213,219.1092016337184,9298
2023-01-03 05:29:00,219.09586533369844,221.48158953563032,218.42771110117516,219.14137891592944,65422
2023-01-03 05:30:00,220.26405543214617,220.59131265863675,219.23650928190438,219.75647184590494,7480
2023-01-03 05:31:00,218.64340075492345,220.10002982235304,218.50448512962885,219.1799916067533,94080
2023-01-03 05:32:00,220.7155093871827,221.71177641031494,219.76043448480962,220.20089951881022,61389
2023-01-03 05:33:00,220.50174169858715,220.71699714084792,220.499584265586,220.5603502408447,69393
2023-01-03 05:34:00,221.95429036884934,222.0087716306379,220.26606895377523,221.26432192061876,5349
2023-01-03 05:35:00,221.3085183941181,221.58172395913775,220.48202359331074,220.8497824033287,67964
2023-01-03 05:36:00,221.25367593698908,222.42696186428176,221.03209908921133,221.4380325129365,40491
2023-01-03 05:37:00,220.5152470080684,221.44323105216878,220.03361924826586,220.73478923257466,47778
2023-01-03 05:38:00,221.40232307878702,222.4859862143315,221.1950467723811,221.3463884948838,89699
2023-01-03 05:39:00,221.80981031986443,222.01863811592057,221.12385052919274,221.4826311855272,28677
2023-01-03 05:40:00,221.34830676721467,221.87690430682298,221.31522597754798,221.87238605637222,97440
2023-01-03 05:41:00,220.86417015741858,221.15769239196476,219.31850394972145,221.1120773544229,82254
2023-01-03 05:42:00,221.3121881430091,221.36720235188005,220.41545971546486,220.5404563055491,81345
2023-01-03 05:43:00,222.41685179713303,223.18368850205292,220.81231259661857,220.9576493024961,14272
2023-01-03 05:44:00,220.16020321950938,220.71945751948135,220.00887333995203,220.35111083022406,12828
2023-01-03 05:45:00,220.67284395524754,220.9993144883821,220.48913245963288,220.67935000432985,45431
2023-01-03 05:46:00,219.325365891702,220.71781744373746,218.05416448909307,219.7963206918423,8856
2023-01-03 05:47:00,220.7169405261429,221.19571422299782,219.9847792346787,220.377577037661,12223
2023-01-03 05:48:00,219.5066663743055,219.8202992907845,218.8737312905555,219.58475329011145,40413
2023-01-03 05:49:00,221.92361910947176,223.93120490782982,219.427723372332,219.97054170211297,57822
2023-01-03 05:50:00,219.9343549776817,221.17823992384075,219.2606946178971,220.40539988242233,36689
2023-01-03 05:51:00,220.80072212282138,220.9299741959337,219.7450745731367,219.96672360860725,74702
2023-01-03 05:52:00,219.93606929140324,220.9598543494024,219.84535815226505,220.37279971201252,57396
2023-01-03 05:53:00,220.8893449033806,221.45538326430662,220.3948778189029,220.56702016418618,13637
2023-01-03 05:54:00,220.2463157565356,220.46939991500273,219.47541948455765,220.23252463852208,47534
2023-01-03 05:55:00,218.06498412396343,221.28152698747385,217.8564931878683,219.5881982580556,67414
2023-01-03 05:56:00,218.79541189433235,219.40266919994258,217.3418280670497,218.31724875941336,77240
2023-01-03 05:57:00,219.06369057307649,219.55412305079724,216.83385630254352,218.5680843933545,75038
2023-01-03 05:58:00,217.01544582349015,218.10766432996434,214.88738338502196,217.56389336922376,16266
2023-01-03 05:59:00,217.5049515090813,218.23882924641475,217.49533297794903,217.64788012428252,49068
2023-01-03 06:00:00,216.49825781655315,217.7519891590896,216.22279295920387,217.49762807503646,45356
2023-01-03 06:01:00,217.9687594691398,218.1762185117504,217.86087702075196,217.9625136661903,87295
2023-01-03 06:02:00,217.55309405741974,218.23292644128716,217.3457757901359,217.78680612862578,16046
2023-01-03 06:03:00,218.21332920361704,218.2428458000773,217.452530193239,217.5933366657146,26270
2023-01-03 06:04:00,219.01952581462865,219.72091304993543,217.70778163886166,218.09284656504312,77342
2023-01-03 06:05:00,218.36211415139604,218.50868629879895,218.30019968087666,218.3338771276819,38988
2023-01-03 06:06:00,219.13853662093067,219.2385462459009,217.81598484236977,218.56279318312085,53179
2023-01-03 06:07:00,219.75741920216942,220.4854417631698,217.67894106222053,218.89234276797572,36892
2023-01-03 06:08:00,217.11640881497544,219.02987406334725,216.35516825137142,217.90585706363854,30512
2023-01-03 06:09:00,218.91487497986301,219.9610709809857,218.27669655320489,218.4223737071308,60165
2023-01-03 06:10:00,217.7280574118213,219.3323640345668,217.32841143224505,218.84554660793148,6099
2023-01-03 06:11:00,219.08469724583574,219.1280760478468,217.6284286921668,218.19994143759112,54487
2023-01-03 06:12:00,218.4681766136602,219.03439350757958,217.8613817330671,218.06198639654957,96847
2023-01-03 06:13:00,219.08843315411355,219.2718929801799,217.5068941394628,218.05807831952941,75088
2023-01-03 06:14:00,217.52204625411756,218.70804159407368,216.89320620862702,217.99189979632098,78163
2023-01-03 06:15:00,219.0494470695901,219.317257631444,217.39275600010146,218.23203529143524,91845
2023-01-03 06:16:00,218.70643775219372,220.02582372114537,218.63129076622525,219.1909687531071,51003
2023-01-03 06:17:00,220.22938754291127,220.25378046098655,218.89178433914867,219.92422834099287,67886
2023-01-03 06:18:00,220.59492906510084,220.80667232522427,218.39955885394852,219.08045438323805,78812
2023-01-03 06:19:00,218.59845435139383,219.56367491413607,218.04793209650683,219.51121255707963,12739
2023-01-03 06:20:00,220.21347993911178,221.20924627236002,216.78907624258886,220.4083109714715,87838
2023-01-03 06:21:00,221.2004692861454,221.6545090840339,219.8217973793725,220.6861192407121,13384
2023-01-03 06:22:00,221.73328624657194,221.7988515664521,221.13486670484312,221.43048056124178,34094
2023-01-03 06:23:00,222.57503347931888,224.27441358699994,221.82130304648655,222.78935764473002,3120
2023-01-03 06:24:00,223.5501834895705,223.7722441661816,223.35677365499504,223.49585135707034,1993
2023-01-03 06:25:00,223.87680905504388,224.0580532123729,222.71550775137263,223.6853592527068,88295
2023-01-03 06:26:00,225.5043795264781,225.866745586131,224.23019438787767,224.4090407609616,19150
2023-01-03 06:27:00,224.76174674345665,225.27844367904032,224.42655813285805,224.52902408396733,65681
2023-01-03 06:28:00,225.2259875293677,225.3693571368869,224.44004374218557,224.56757776731993,46388
2023-01-03 06:29:00,222.86796677104408,225.6751970236677,222.72966200417858,224.35328579397512,92292
2023-01-03 06:30:00,225.21588633579137,225.76558726216228,223.24348768851954,225.42799189487906,52116
2023-01-03 06:31:00,224.34452233159442,226.28657428975686,223.83830352221779,224.89704450205102,56753
2023-01-03 06:32:00,224.91213925446593,226.147775781794,224.4168993058332,225.95340912361254,40787
2023-01-03 06:33:00,226.99543023709356,227.94223765413287,226.07397571892383,226.31484247309808,36673
2023-01-03 06:34:00,224.87494734159282,225.57363783282426,224.3039044176092,225.3874226877796,9290
2023-01-03 06:35:00,225.63793341938594,225.67268033871497,225.60020484265826,225.65855200984936,61123
2023-01-03 06:36:00,224.90848711546624,226.0952519657595,223.48826332672724,224.25945104235345,17627
2023-01-03 06:37:00,224.48834036498042,226.31085177235298,223.58446896947396,224.70270524088906,74474
2023-01-03 06:38:00,224.81866620254593,226.770285524281,224.4040337972452,225.32191723838926,59844
2023-01-03 06:39:00,226.26107107208554,226.7614122337626,224.60028654992783,224.9440370912678,63904
2023-01-03 06:40:00,225.1841410851941,225.4692276431442,224.99410226685063,225.04990544748165,65705
2023-01-03 06:41:00,226.25893734331277,226.58022263488542,225.93005699559066,226.39175927511138,69245
2023-01-03 06:42:00,226.4891948490062,227.81474684784104,224.08398479947698,226.07090779266255,28629
2023-01-03 06:43:00,225.56682348546687,225.64971668899543,224.73237165173464,225.37535028501856,45186
2023-01-03 06:44:00,226.24094965454137,226.85718430099996,224.75001859014276,226.39967904505056,90621
2023-01-03 06:45:00,225.53752489362782,227.7573503021684,225.43180751965758,227.75530634305738,47537
2023-01-03 06:46:00,227.81864637003582,227.91466433644067,227.31990354271093,227.78060700031327,31832
2023-01-03 06:47:00,230.38192215642732,230.4045018368224,228.2833451921149,228.49456005350436,24472
2023-01-03 06:48:00,230.4402502981211,232.54622074907644,228.55397303622624,229.4369693569345,49850
2023-01-03 06:49:00,229.5039449763147,229.54397242420487,228.2276984762735,228.94885305754343,87298
2023-01-03 06:50:00,227.59299875942196,228.87849713551068,226.0386915274789,228.63841729968036,10507
2023-01-03 06:51:00,229.24687927392918,230.21147450665796,228.42645639849758,229.50555674315697,76114
2023-01-03 06:52:00,229.765120408868,231.50693308918162,228.90175047880362,230.6886677192968,56696
2023-01-03 06:53:00,230.61286772909392,231.2636977503895,229.36315960466655,231.1012872932237,73247
2023-01-03 06:54:00,229.62239855018672,231.2419696509371,229.13912098562392,230.51441873293288,57373
2023-01-03 06:55:00,231.6926834427086,232.60670675182098,231.58552671341607,231.9116088862568,62264
2023-01-03 06:56:00,231.2321187926277,232.011971498223,231.21028312414228,231.56538510159538,16979
2023-01-03 06:57:00,231.6174103622371,232.29258625798911,231.3384357205547,231.35572271202835,16049
2023-01-03 06:58:00,230.88655061198463,233.25982378672867,229.3320538261098,231.61646373562962,60081
2023-01-03 06:59:00,232.49295228568388,233.0608765483759,231.79297140038074,232.7195328041747,25997
2023-01-03 07:00:00,233.46780510285046,234.19049208548302,233.16866556868698,233.33901542832277,57144
2023-01-03 07:01:00,235.2449986430955,235.278893053248,233.15257555587556,233.65276225203445,41830
2023-01-03 07:02:00,232.82084001340652,234.0264834789632,232.3242099306661,234.000873462605,82369
2023-01-03 07:03:00,232.78459176773742,234.42574168760436,231.49000346436944,234.0548209613643,86721
2023-01-03 07:04:00,233.32605579189357,235.41976814427966,233.08492181600292,234.4701321758867,22746
2023-01-03 07:05:00,232.74469974343435,233.557687886612,232.4581243265945,232.7142603318128,88393
2023-01-03 07:06:00,230.60748122343765,232.59330069093144,230.5066278605035,232.530457401507,10603
2023-01-03 07:07:00,232.59924524649017,232.86814417212344,232.25769196795974,232.72205454696882,77977
2023-01-03 07:08:00,232.65265094541144,233.05047702649975,231.45236677804527,231.94172766536624,5570
2023-01-03 07:09:00,231.99019044315418,234.9249025743212,231.27608006787167,232.23373533144468,33316
2023-01-03 07:10:00,232.28493066956145,233.74776945230684,231.43347725795823,232.11450335872567,52604
2023-01-03 07:11:00,233.07659513068725,234.87475739025135,233.04621159924287,233.36012891867998,19467
2023-01-03 07:12:00,235.55999874849095,236.02553534495328,233.1245971596006,234.48470518917512,79381
2023-01-03 07:13:00,234.48103341613853,235.01564598284696,232.58599168783786,234.18048081504358,45638
2023-01-03 07:14:00,233.53055254785474,235.29881031527532,233.41115045262234,234.0979291196659,27943
2023-01-03 07:15:00,234.2716941219197,234.78014489182652,233.9796019225681,234.06940599666078,71369
2023-01-03 07:16:00,235.40508780772592,235.491392429705,233.56121828255883,233.7756539413681,4340
2023-01-03 07:17:00,233.50924493336586,233.97120585041563,233.21136789764353,233.93580778629047,44532
2023-01-03 07:18:00,235.01516481796563,236.46021098137356,233.41024764853682,233.42703338212388,78848
2023-01-03 07:19:00,233.22843268263105,234.66421680837888,232.4373564311557,232.65862753486968,67175
2023-01-03 07:20:00,237.8935990983814,238.34312515742565,237.23007490833376,237.51914339528477,59918
2023-01-03 07:21:00,238.3187607325723,238.35193392066736,236.83323231262224,236.969774138863,45188
2023-01-03 07:22:00,238.68254135812845,238.6890378404846,236.08784007815353,237.62998763888234,16211
2023-01-03 07:23:00,237.2186442116103,237.4458746870768,236.4372391663461,237.20350521372256,14496
2023-01-03 07:24:00,237.0509116622845,237.7521453671501,236.57496428733597,237.40738060982656,95381
2023-01-03 07:25:00,237.84168322333053,238.54395544486007,237.154879196964,238.01538851758735,58248
2023-01-03 07:26:00,238.2437608476545,238.98599892563294,237.83214500670928,238.015189133498,96625
2023-01-03 07:27:00,239.0658959739987,239.0817353612717,237.98371242196575,238.3636963850414,42145
2023-01-03 07:28:00,238.51686395781837,239.25600225377812,236.72678288114165,238.01823851816036,30672
2023-01-03 07:29:00,237.6141325175968,239.11370719319913,236.39249462685697,237.90175245166645,82481
2023-01-03 07:30:00,234.5133430735785,238.0494150138994,234.4699772178387,237.77861966881622,84238
2023-01-03 07:31:00,237.80069636686628,238.385023556896,237.1664480006677,237.2698364246382,75255
2023-01-03 07:32:00,237.59649875080444,237.62560133860936,235.81481531052472,237.1677338779809,37027
2023-01-03 07:33:00,235.94858796079998,237.28801926407394,234.47962857336776,236.08960377361825,37251
2023-01-03 07:34:00,235.4032669393738,235.89263818433355,235.2940726046185,235.76534385333147,20403
2023-01-03 07:35:00,234.87108960273252,238.65814532289124,234.78552899699434,235.58742908176774,93345
2023-01-03 07:36:00,235.23053767786456,235.6575978739503,234.99579300299004,235.42992963685634,26150
2023-01-03 07:37:00,235.25638827563867,235.35312784522634,234.17008676173762,235.2829054497535,76762
2023-01-03 07:38:00,235.38650881231013,235.38774203374996,235.029860387201,235.2628375591109,47940
2023-01-03 07:39:00,236.2041764304297,236.3761657219757,233.22802521365404,235.62474815883252,51476
2023-01-03 07:40:00,236.00421183718916,236.33480849503871,235.11300108278522,236.26648422970763,35202
2023-01-03 07:41:00,236.06362732039267,237.1593863986967,234.67949266641293,235.8295576409641,9729
2023-01-03 07:42:00,234.86507436452098,235.13580623214582,234.47437768475615,235.00188962028926,24938
2023-01-03 07:43:00,233.8476566082289,235.22024393806902,232.24288268422922,234.29074259141512,76302
2023-01-03 07:44:00,234.16025024219888,235.0539485095416,232.00327041810442,233.97173026307587,74920
2023-01-03 07:45:00,233.73605846424633,234.2742777203029,233.34811275805907,233.7481085171642,26762
2023-01-03 07:46:00,232.3235210766775,233.31766436423658,230.31235806533135,233.23152795589797,29724
2023-01-03 07:47:00,232.4916166791158,233.7346023132862,232.31952629125087,232.34796529865724,91586
2023-01-03 07:48:00,231.64632309057737,233.60858767856413,230.93631197949688,232.0532638566052,21653
2023-01-03 07:49:00,232.39255127073315,232.57409384101808,231.467106437312,232.2027711010346,14507
2023-01-03 07:50:00,232.53953697419743,232.808355621651,230.015465635807,232.6404938507061,73914
2023-01-03 07:51:00,232.56223001326973,234.4043378491637,230.40837092310625,232.2747203770145,43773
2023-01-03 07:52:00,230.24927426616455,232.97717734724029,230.16015605900938,232.01016098808813,36205
2023-01-03 07:53:00,232.03170370379092,232.17494317557538,230.21346877052116,231.38835173271778,12571
2023-01-03 07:54:00,231.95764431871063,232.3105631915741,231.12601624689844,231.38966659445245,38320
2023-01-03 07:55:00,230.85088711611075,231.04531612510638,230.7135101963296,230.8238527047281,49853
2023-01-03 07:56:00,230.90894272721403,231.4294518788381,230.13343130718107,231.24380979983226,31190
2023-01-03 07:57:00,229.1514370227092,230.66667928706877,228.00940921924365,230.02802246664615,90116
2023-01-03 07:58:00,229.90244463373702,230.2945857193476,229.5611466768427,229.8028505617691,37522
2023-01-03 07:59:00,231.7491171906306,232.01524064513328,229.66412183029132,230.03341682143926,72801
2023-01-03 08:00:00,230.11217399359,232.06993165394093,229.73625553311894,230.18328440887956,45489
2023-01-03 08:01:00,232.06563421676822,234.29702628536293,231.80755263570208,232.06597673871656,73277
2023-01-03 08:02:00,230.67845314547756,233.00307712094425,230.67209248393942,232.33271338948418,2837
2023-01-03 08:03:00,231.48003820931328,231.8623233996281,231.30505605322693,231.65612247419665,54763
2023-01-03 08:04:00,231.47114384865253,231.79262338276604,231.41555943137203,231.61294345449735,83945
2023-01-03 08:05:00,229.84968054396504,230.860725662039,229.56453807607483,230.40189982405954,57964
2023-01-03 08:06:00,229.73963756808155,230.5046730179881,229.73094161424726,230.36922900795201,57398
2023-01-03 08:07:00,229.31044371643767,229.990514101442,229.110511060661,229.8165344861378,83578
2023-01-03 08:08:00,230.61849305152748,231.1377884879978,230.35957111990064,230.47063160208106,83597
2023-01-03 08:09:00,229.53618139726711,231.14505233721997,229.483737858422,230.11371998271082,95522
2023-01-03 08:10:00,229.86096878613216,230.57224898279088,228.75820236630014,230.0561230369566,54198
2023-01-03 08:11:00,229.16789713854027,229.90946378793734,228.1896881631719,229.64048673038258,86741
2023-01-03 08:12:00,229.43633378532908,231.55280841007095,229.20888982019676,230.86138279142975,36143
2023-01-03 08:13:00,230.90997987407135,231.64615711130745,229.82839165335363,230.66198128211573,50427
2023-01-03 08:14:00,232.52522201611973,232.5262958613272,231.7285393403883,231.95315119562815,7859
2023-01-03 08:15:00,232.8131151396353,232.87291187926522,231.7960955277389,232.54288171107214,46507
2023-01-03 08:16:00,232.27175606967327,234.0232855658278,232.26706521676877,232.90243955709803,35356
2023-01-03 08:17:00,234.1493753858067,234.54235305696997,232.62184466063025,233.18336634972118,87501
2023-01-03 08:18:00,233.3832579478902,233.55084773629136,233.29157923944257,233.48216562532863,63570
2023-01-03 08:19:00,230.57613823236463,232.41173467146697,230.4513575416811,232.15528233656465,13854
2023-01-03 08:20:00,231.67492834442012,232.20595418012604,231.4516741032134,231.98426510547415,34013
2023-01-03 08:21:00,232.1580439924702,233.93273838996225,231.31621186277135,232.5956535845144,32654
2023-01-03 08:22:00,232.18188052176575,232.80994647338431,231.49257182706992,232.58479333282702,24054
2023-01-03 08:23:00,231.9341910409316,232.48990814902726,230.85021947546497,231.62757444182373,74728
2023-01-03 08:24:00,232.12431432102568,232.35774299847466,231.4275421699036,231.61432225193627,61254
2023-01-03 08:25:00,231.69428029025428,233.13619005579395,231.22408876521072,232.8215694167414,68720
2023-01-03 08:26:00,233.4042120919056,233.97018230771715,233.13570035959688,233.71576143199368,46206
2023-01-03 08:27:00,233.12044427392172,234.6592450892179,232.43431721996023,233.69565906535442,37019
2023-01-03 08:28:00,233.9271653582895,235.21052115413954,233.19666575964064,234.38607732886896,17281
2023-01-03 08:29:00,234.24264119543233,234.2429136562639,233.45016436413064,234.1518035081492,6863
2023-01-03 08:30:00,233.12631412900274,233.29977840830756,232.51860728618632,232.9783248734947,53203
2023-01-03 08:31:00,232.75480301772387,232.7757236738245,231.9392164646582,232.3554810940312,76238
2023-01-03 08:32:00,233.21700486514598,233.54157253225182,232.48396626391641,233.46815395725014,37539
2023-01-03 08:33:00,232.70345961764343,233.82204316101382,231.93804729543353,233.29959479561063,80072
2023-01-03 08:34:00,233.2512851770119,233.9198193400384,232.82432111603154,233.15258060378636,43088
2023-01-03 08:35:00,233.08279623595615,233.42661018878613,232.75433549759742,232.9661717141715,63438
2023-01-03 08:36:00,233.62447693912475,236.1865854244834,231.79286955748367,234.32026656642404,17077
2023-01-03 08:37:00,236.90830345950923,237.2118717864343,235.4435856039752,235.48668397250177,26273
2023-01-03 08:38:00,236.4185744491077,238.13453769449936,234.92711769073534,237.0777122398143,32052
2023-01-03 08:39:00,236.03585075944022,237.07089726936204,235.60146568039377,236.98830178716526,68955
2023-01-03 08:40:00,237.40006650366888,237.99393016230567,235.35617424424143,237.22217925400858,14518
2023-01-03 08:41:00,236.3035730659082,236.55227387269414,234.8439244692569,236.1665577197651,8396
2023-01-03 08:42:00,237.41770411808017,239.61182717369084,235.82605650958155,237.2365819337196,85548
2023-01-03 08:43:00,235.98237800494178,236.79277980249378,234.35321716175778,236.42918550432827,41077
2023-01-03 08:44:00,235.76071510900871,237.0327438944551,235.68124058696316,236.6065846328116,12981
2023-01-03 08:45:00,235.93378608299167,236.48971509345026,235.30823266267365,235.8513582811584,99989
2023-01-03 08:46:00,234.19695075695248,236.63632069049635,234.08205707335134,235.4582882941874,69292
2023-01-03 08:47:00,232.8541531618183,235.8946816320468,232.76272882705146,234.89041298641285,65842
2023-01-03 08:48:00,235.02618176929005,235.89952390888033,233.6432640049063,234.4855498146384,6023
2023-01-03 08:49:00,234.26247229445056,235.16690944660988,233.86867048154144,234.12974891922354,92954
2023-01-03 08:50:00,236.23846975611272,237.09929389019345,233.7558050112137,233.7680637882273,22219
2023-01-03 08:51:00,234.7772304101076,235.01404600553624,232.735163876894,234.37586115974398,84892
2023-01-03 08:52:00,232.30828416176868,236.02196811942895,231.70678583881326,233.6224392400978,18094
2023-01-03 08:53:00,233.76347364033106,233.97317448112392,233.2119467999938,233.80037176241922,38853
2023-01-03 08:54:00,235.22909325671273,236.33986563462688,234.05187771751824,234.6780297073969,6646
2023-01-03 08:55:00,232.9114065480097,235.09333147309601,232.635878796612,234.34018977533663,55045
2023-01-03 08:56:00,234.13091378585057,234.39547424571646,233.6361319792004,233.85891204701088,47925
2023-01-03 08:57:00,234.31233921994084,234.90971968072597,233.38006620814804,233.7205672240815,44927
2023-01-03 08:58:00,234.90552744259594,235.57998742875216,234.1875054185155,234.57111741540376,12991
2023-01-03 08:59:00,235.59886790263835,235.6821371025915,234.54966649084696,234.73117065882005,19978
2023-01-03 09:00:00,234.80859847733504,235.73464334392867,233.8010338079363,234.3805661161541,84012
2023-01-03 09:01:00,235.57462332170564,235.59528100949228,233.41732220796848,234.74423802307325,36723
2023-01-03 09:02:00,234.78775282144153,235.7777477405135,233.7605247514573,233.99144225449908,25787
2023-01-03 09:03:00,234.6336426103224,236.72382250389725,234.35976130133656,234.49313828235165,92693
2023-01-03 09:04:00,236.24258780343828,238.16785113843514,234.53204602132777,234.80403442590418,50092
2023-01-03 09:05:00,234.73421874182543,235.66877640977282,234.5258260097224,234.61069081678514,45791
2023-01-03 09:06:00,235.41718315346023,237.34888652038796,232.5539897095416,234.04392830541826,76171
2023-01-03 09:07:00,233.25931906974162,233.8582039767564,231.90659856686167,233.44476583963473,15932
2023-01-03 09:08:00,232.79095956446577,234.5353797336635,231.25370941334043,233.84266123976943,37911
2023-01-03 09:09:00,233.8999676869997,235.11207528485434,233.76871766043405,234.7282097198349,10946
2023-01-03 09:10:00,234.10725156019024,234.98479351472827,233.33328744670044,234.30290022130492,85899
2023-01-03 09:11:00,233.77759454886709,235.1167101275666,233.65884531540343,234.64853451352204,15387
2023-01-03 09:12:00,234.13908341048713,234.74207465751834,232.84512441110206,233.2028458727581,70141
2023-01-03 09:13:00,232.5162847199282,233.0950911186155,230.33402878293276,232.81716260173457,50573
2023-01-03 09:14:00,234.2140275782991,234.31528941171,231.62356388761918,232.8187511601214,42405
2023-01-03 09:15:00,232.0481008219988,232.27290902315605,232.00880099018283,232.20665896395906,10152
2023-01-03 09:16:00,231.59141187776052,231.74144256554055,231.4205759856153,231.57749058069044,99434
2023-01-03 09:17:00,231.33711195537236,231.6859687635813,230.8792937308257,231.13672018790407,36415
2023-01-03 09:18:00,232.57860936806622,232.7166789405741,230.93567533944758,231.3624432665872,96879
2023-01-03 09:19:00,232.45107974390058,233.169456375072,231.2420842019913,231.25555681273417,32848
2023-01-03 09:20:00,229.70503219914693,230.39727362597077,229.5871516353643,229.7258721380008,44394
2023-01-03 09:21:00,228.00970205259523,228.5933694570753,227.55785313406358,228.28730564889275,70265
2023-01-03 09:22:00,227.6325294309348,228.08439484252767,226.77554094078354,227.89451553042218,32455
2023-01-03 09:23:00,228.92992328493858,229.43978106070855,227.73864228006352,228.23021777035558,96348
2023-01-03 09:24:00,227.33219964447377,227.72350111345986,224.86574243389364,226.37184990639176,67560
2023-01-03 09:25:00,225.5475751225765,227.19967982405268,225.18367121496934,226.05511255809392,92764
2023-01-03 09:26:00,227.78026367074173,227.90516934712312,225.3275546155923,225.72083501403424,17921
2023-01-03 09:27:00,225.66035464334456,227.30596384280074,225.5569170440805,226.68353738527188,33179
2023-01-03 09:28:00,227.9254790878901,227.95071599996194,226.39651466857796,226.44437142026175,53235
2023-01-03 09:29:00,226.8144368098324,226.86389493088132,226.51616864133513,226.7271929571354,33037
2023-01-03 09:30:00,227.3684212163221,228.3659556807803,225.42967500074323,226.84594618100266,34275
2023-01-03 09:31:00,225.5864283930554,225.96610502387446,224.5333873485221,225.41869966858056,37692
2023-01-03 09:32:00,225.3999063671411,227.64173805905693,225.22416837754344,225.96074635409485,9872
2023-01-03 09:33:00,226.07372111703137,227.4015439363627,226.01625971756582,226.1293558941352,52764
2023-01-03 09:34:00,225.03588773349767,226.93710335080183,224.82048876408857,226.49677221005703,91871
2023-01-03 09:35:00,228.7726987237462,230.532446459831,228.6042520143528,229.1872623895898,87143
2023-01-03 09:36:00,227.63151196307703,229.04438846920323,225.92282875802235,227.77722469848555,53299
2023-01-03 09:37:00,227.4066532846868,229.0599673725442,226.95264289768483,228.9785422699435,35961
2023-01-03 09:38:00,228.87793026614378,228.90190422783735,228.7304097468402,228.80398218225628,25466
2023-01-03 09:39:00,228.3964723478667,229.34285914899382,227.63535450305886,229.02408857304493,16762
2023-01-03 09:40:00,229.40510255908887,229.9006923043935,228.27308377606033,229.01572078040513,19930
2023-01-03 09:41:00,229.31516932966997,229.64287995284334,228.69881420473584,228.74715198346,55213
2023-01-03 09:42:00,228.3729113567977,228.76158058223922,228.19013169297284,228.3789837203353,71191
2023-01-03 09:43:00,228.1731283164993,229.2732120622961,227.81967531186697,228.62758022917876,51374
2023-01-03 09:44:00,226.38939072395348,227.85120821292864,225.62805946055312,227.60983973402946,57902
2023-01-03 09:45:00,227.97849589053456,228.7636231759358,224.90249891787832,228.14511833008484,71555
2023-01-03 09:46:00,227.97745583321333,228.2680578083647,227.5656509596271,227.88307467666527,55875
2023-01-03 09:47:00,226.83465216832573,227.13582633583866,226.73235712398457,227.13329195739792,40314
2023-01-03 09:48:00,227.08400992241792,227.16088038391027,226.73887126817368,226.8493665810144,53175
2023-01-03 09:49:00,227.47661254852915,228.248208436112,227.43191269485337,227.7276020283018,86200
2023-01-03 09:50:00,227.64785770628188,228.16811026233353,226.43864283002372,227.38464306156115,49978
2023-01-03 09:51:00,227.19296201781998,228.18425477857332,226.4169269397847,227.65190206995945,59415
2023-01-03 09:52:00,227.91751104577267,228.66414398335604,225.88555736469323,227.17545650067663,83460
2023-01-03 09:53:00,228.91791240541863,229.0481035478825,227.25332218283003,227.7147177730714,47255
2023-01-03 09:54:00,229.13295111911074,229.63956727358774,227.61282622484512,228.20578984865836,50662
2023-01-03 09:55:00,228.4970551314021,230.97352325994592,226.5356838675088,229.4942001444141,89082
2023-01-03 09:56:00,229.01816152474672,229.7611987212739,228.8860327450483,229.3962768426889,81366
2023-01-03 09:57:00,230.4276308096779,230.56985789552783,229.83539983956047,229.8793772384865,79178
2023-01-03 09:58:00,229.61497448107852,231.01200797370845,228.42152436527314,229.96999629095993,89622
2023-01-03 09:59:00,230.50106720964473,231.05093477907093,230.45628257014133,230.88702817719482,50496
2023-01-03 10:00:00,230.19350121745728,230.77363791777742,228.70868740536505,230.41220965881504,48791
2023-01-03 10:01:00,229.62727793166616,232.66457490071485,228.3755042221808,230.95022584082378,96998
2023-01-03 10:02:00,230.08293492626956,231.5404818822898,230.00801535076747,230.83842470988162,58235
2023-01-03 10:03:00,232.14916381584376,232.37038104814394,230.0956299827092,230.81705725928646,40140
2023-01-03 10:04:00,230.43823437255028,231.10530734115136,229.8147784613297,230.9036730803822,33076
2023-01-03 10:05:00,231.5357048051527,232.67317757963832,231.09124272130398,231.10149314979276,45782
2023-01-03 10:06:00,230.82957140360628,231.26315892046648,229.7343614360219,231.04402118286916,52632
2023-01-03 10:07:00,231.9113190305323,232.1981376497164,229.68433750771052,231.21595017670953,23203
2023-01-03 10:08:00,231.21354833169138,234.91097314718482,231.2124125960853,232.33372997023798,94392
2023-01-03 10:09:00,234.72023113489777,235.86222904945473,232.20371260361267,233.04382294670594,46642
2023-01-03 10:10:00,234.46554664690748,235.42203504308816,231.31672858939734,233.67478065590208,10486
2023-01-03 10:11:00,232.2291642359052,233.71093163611832,231.83544898885864,233.3788038374965,61595
2023-01-03 10:12:00,233.84787356739676,235.07486183444271,232.67077570629112,232.77955183543406,33158
2023-01-03 10:13:00,233.08318258747195,233.80618294625776,233.0123000384091,233.46995309806178,15681
2023-01-03 10:14:00,235.11263406328342,235.7970565138941,233.0945012005599,234.1068919040625,55790
2023-01-03 10:15:00,235.379133312153,235.68765865543452,233.6651249548201,235.16458965734788,56052
2023-01-03 10:16:00,233.57289326253058,235.24510150811048,233.37003621634946,234.7620015481125,78237
2023-01-03 10:17:00,235.34632953859395,235.72818783345934,233.64766684545822,234.6238098429121,16372
2023-01-03 10:18:00,234.28419037272337,234.8019775328488,232.5352544817318,233.4932861627299,27611
2023-01-03 10:19:00,232.82567110153354,234.18118552234014,232.10563496666748,233.24171738651194,6523
2023-01-03 10:20:00,234.0317708504642,235.1038966992836,231.64219310046923,233.96236701040348,46793
2023-01-03 10:21:00,233.38785687560102,233.66868453924084,233.3878433604298,233.65833615773357,21233
2023-01-03 10:22:00,235.62252533662718,235.7877502578078,233.36518077156862,234.13066232121713,25955
2023-01-03 10:23:00,233.84660740283428,235.16447718608106,232.2333814469116,234.0202675323047,70299
2023-01-03 10:24:00,233.52584601510137,234.58787842629238,231.79056179137493,234.2711772963783,48524
2023-01-03 10:25:00,234.08698942109237,235.1104762453468,232.058394673426,233.48799137491284,43621
2023-01-03 10:26:00,233.9324145009318,235.15001243547772,232.37410744394163,233.57102632377388,85978
2023-01-03 10:27:00,233.41550482140198,233.92850332114358,230.34701475007566,231.49845533061452,92418
2023-01-03 10:28:00,231.1413931330725,231.43952905581168,230.67566197341503,231.3918066603824,69001
2023-01-03 10:29:00,232.4560733328766,232.76915707909964,229.37492771557837,230.28311139232446,70987
2023-01-03 10:30:00,230.70475737908043,231.24483232459264,229.9517611363908,231.13930021224112,82597
2023-01-03 10:31:00,230.55614195174047,232.14224330151336,230.22869009192743,231.70148231675586,1015
2023-01-03 10:32:00,232.60793415516486,232.78052392732766,230.78382245334666,232.0490375398148,5410
2023-01-03 10:33:00,234.04401310520026,235.03936053951085,231.91299934568076,233.131086536882,19964
2023-01-03 10:34:00,232.79693250784032,233.3976149443098,231.40040644534847,232.4907338269376,71671
2023-01-03 10:35:00,234.5524031854986,234.5920026360982,231.86443890364646,233.73272015675698,74484
2023-01-03 10:36:00,232.87991640383254,235.0651116972163,232.70223631723098,234.40974443883795,71325
2023-01-03 10:37:00,234.07975248441755,234.80600585698355,233.53501534901343,234.2668328200139,9602
2023-01-03 10:38:00,234.94949856919536,236.29937253517406,234.52533416881818,235.08837390879734,8232
2023-01-03 10:39:00,234.24275854269138,234.77692582853473,233.33156452735423,234.33165251749213,58245
2023-01-03 10:40:00,234.09763037920524,234.24861250759145,233.46708424897085,233.77545638475934,48950
2023-01-03 10:41:00,234.63983027791298,234.6938384772226,233.09071185941485,233.37201390949352,71371
2023-01-03 10:42:00,233.75220594817236,234.88617289560156,232.8070404180212,233.02500533175208,92602
2023-01-03 10:43:00,232.69174528442062,233.05853323842052,231.34282120599403,232.30969478127273,29381
2023-01-03 10:44:00,233.86333232667187,233.94874143695924,232.91907598118655,233.18532791277804,77305
2023-01-03 10:45:00,233.3486620073148,233.62249257283375,232.7577860455248,233.0275633008736,57025
2023-01-03 10:46:00,232.30719668903163,233.3905162534564,231.9599522328725,233.29729617868665,83192
2023-01-03 10:47:00,232.78752850271627,233.29519907674003,232.0006027538211,232.92144161333613,54706
2023-01-03 10:48:00,232.7551257068162,232.81686824862112,230.76206792714507,231.67256112138818,1819
2023-01-03 10:49:00,232.69470891113633,232.72172557911003,230.55104451798766,231.88342301710497,36383
2023-01-03 10:50:00,230.4232980303949,230.67493742867146,229.97132688666886,230.5763506712612,79684
2023-01-03 10:51:00,232.1917686761729,232.52973148197032,229.53923417447854,230.55193214269374,72605
2023-01-03 10:52:00,228.66578096153256,230.69512467342776,228.1573367693724,229.62858430795958,6640
2023-01-03 10:53:00,231.1014039360366,231.60287371496833,230.93772509042248,231.02055328938806,60888
2023-01-03 10:54:00,231.70635551258292,231.75968253515273,230.62777167613612,231.67528590568935,87810
2023-01-03 10:55:00,231.2757302464047,233.96136425414315,230.8557399817868,231.77195505376523,63244
2023-01-03 10:56:00,231.96024768380892,232.9508886743989,231.7262022171905,232.6738075511542,74237
2023-01-03 10:57:00,231.23721306917923,233.08207063060232,229.89827030045987,232.10632824930434,85901
2023-01-03 10:58:00,232.2639940656917,232.76446599775363,231.54503916508602,232.50797389131628,69575
2023-01-03 10:59:00,232.24510589501614,233.0801995784398,230.97235006198954,232.67059724602427,55087
2023-01-03 11:00:00,232.60716359374587,233.25629893145356,232.33947217748403,232.87815343577543,32915
2023-01-03 11:01:00,234.37289141521816,234.4690068693743,233.2582728532863,233.79035125198624,44642
2023-01-03 11:02:00,235.59987323951492,235.7442588908464,234.04360524886215,234.32747904510603,57611
2023-01-03 11:03:00,234.14456942212024,234.58236191605104,233.86222786794102,234.55387945716194,47889
2023-01-03 11:04:00,233.3851555265598,235.32562631244417,231.89546447101188,233.41285404041088,42215
2023-01-03 11:05:00,232.70828195015352,233.8207085233975,230.08149577571612,232.7639338884386,3487
2023-01-03 11:06:00,232.76225712154866,233.52463493930966,231.2624137686636,232.70152363950646,62045
2023-01-03 11:07:00,233.3819771925949,235.36213872639297,232.15645317563764,232.78997747315046,93594
2023-01-03 11:08:00,232.12802215978968,232.4033089751545,231.9333403643818,232.02395617207705,94644
2023-01-03 11:09:00,233.66372925503597,234.7018098172405,233.10956661232814,233.72585885752113,75035
2023-01-03 11:10:00,233.88422700627441,236.75311612316187,233.00104594015897,234.81249295219865,72667
2023-01-03 11:11:00,235.59524473074688,237.70422002581705,233.81212811384634,235.26012891308454,60040
2023-01-03 11:12:00,235.3568416028754,235.37335704894227,235.32068726645898,235.33449712979217,91520
2023-01-03 11:13:00,235.48763176918388,235.8005236876659,234.5879207991002,235.2082103058508,62295
2023-01-03 11:14:00,234.29969952422786,234.76219539428283,232.67064969469865,234.56003401486458,1825
2023-01-03 11:15:00,234.27743153267667,235.4765276740098,233.55879612988377,234.63801151744389,2191
2023-01-03 11:16:00,235.94927856576706,236.3433888322585,234.6689175583092,234.8429109490436,44094
2023-01-03 11:17:00,232.96528771229424,234.65898527871022,232.95417865413492,233.99153923539492,64490
2023-01-03 11:18:00,233.80680571329032,234.36866481673835,233.29426184029535,234.24952175206036,81243
2023-01-03 11:19:00,235.4718461980448,235.9177395626712,233.75421270953373,234.16383863043094,55799
2023-01-03 11:20:00,232.79672388052273,233.21125161905704,232.09077095108842,232.84703639093183,40553
2023-01-03 11:21:00,232.6275507575978,233.46656139524467,231.87129269251662,232.26930679482538,95305
2023-01-03 11:22:00,231.77519105103053,232.33848919671297,230.75333237977193,232.00433011390183,7813
2023-01-03 11:23:00,233.68914507828808,233.84426314953646,232.17729476024536,233.3413856781297,27350
2023-01-03 11:24:00,233.19502056918694,233.88704914934905,232.2911092622872,233.7543204485441,88561
2023-01-03 11:25:00,232.44416494615493,232.9061955589913,230.59850950973302,232.84117212061943,29992
2023-01-03 11:26:00,233.62075616938878,233.64400417498646,232.43677179815492,233.20396401579495,83453
2023-01-03 11:27:00,232.79815760238313,233.70577630407908,230.62316529503005,232.1447721409229,89430
2023-01-03 11:28:00,232.5457427694619,233.77558285138403,230.89319629546745,232.92200982214788,34975
2023-01-03 11:29:00,231.4448114152783,233.47704580484847,231.36566427904046,232.61609612079556,25992
2023-01-03 11:30:00,242.5266131163066,244.38892918244002,241.41171053431083,241.8243893134488,44736
2023-01-03 11:31:00,241.4479922729359,242.09265872199126,240.60915700938605,240.91476912062194,2237
2023-01-03 11:32:00,242.17141068894657,242.79039231464478,239.73811576453414,239.92910138253185,5943
2023-01-03 11:33:00,239.14794739186755,240.21001759080025,238.3198605306136,239.53302690685717,54917
2023-01-03 11:34:00,242.38471787575222,242.48029210041625,240.08745036676498,240.30315829733001,93055
2023-01-03 11:35:00,237.49916562146697,240.36905522987215,236.42801569780937,239.23187763170853,93292
2023-01-03 11:36:00,239.95440645117918,240.94581718637386,237.0645195746165,237.22317511502825,22220
2023-01-03 11:37:00,236.26306804625264,237.08810326302748,235.66800028149618,236.9258214219206,48798
2023-01-03 11:38:00,237.50908555089572,238.69683087376038,236.38609403167047,237.34167893075545,29694
2023-01-03 11:39:00,238.2687167089673,238.2913826753775,238.17661710662858,238.2200295151667,29250
2023-01-03 11:40:00,237.9940773741747,239.84603471800708,237.21460888149534,237.9128485780794,80478
2023-01-03 11:41:00,237.2962689605385,237.741505937686,237.24854433384854,237.64298883469786,34227
2023-01-03 11:42:00,238.45499492114305,238.9841680675597,237.88113668367117,238.48940239150258,79305
2023-01-03 11:43:00,237.7974073152733,238.95664289698493,236.4964936483757,237.17551058998123,83039
2023-01-03 11:44:00,238.21561290752595,238.59469829504843,236.72573796422918,236.92278530135368,54920
2023-01-03 11:45:00,237.9368619689176,238.01278069856855,235.6164161943473,237.0818248550507,11447
2023-01-03 11:46:00,235.12508219725115,237.8127692662705,234.96775071896846,237.42503782014012,75045
2023-01-03 11:47:00,238.06468004181932,239.43918378769817,236.07286414250225,237.0856577036867,23865
2023-01-03 11:48:00,237.68442595632848,238.9752489507499,234.92524568082163,237.13386267919384,56450
2023-01-03 11:49:00,237.00530378353184,237.0392759493056,234.64664231408747,235.3873760346864,17134
2023-01-03 11:50:00,234.99152115482133,235.04450722901845,234.12156223750245,234.9460846726151,53378
2023-01-03 11:51:00,236.72567139117223,237.94098402057097,233.7145334505271,235.28922957022112,17201
2023-01-03 11:52:00,234.24041076517653,234.85675202696055,233.56790297953995,234.6193888735845,19936
2023-01-03 11:53:00,234.24133347300423,234.89939130839133,234.11456529738382,234.6843673385395,79794
2023-01-03 11:54:00,234.41575391786208,236.71686432438065,232.9802245033969,235.022457745669,62752
2023-01-03 11:55:00,234.9792959769037,235.91498205763952,233.65965202363682,234.80443972619034,66309
2023-01-03 11:56:00,235.3270878247569,236.06773138017968,233.37251804563468,234.94799712089034,22762
2023-01-03 11:57:00,234.22763611622477,235.2172893047142,232.50293936688402,234.2929156566724,4228
2023-01-03 11:58:00,234.2966538132614,234.90784882643888,232.76988533342464,234.17112227085542,60405
2023-01-03 11:59:00,234.68963476134363,235.45227350236493,234.11629717400658,234.62322439886407,69946
2023-01-03 12:00:00,235.8469892576622,236.2750238616895,234.7035205898505,234.7571752280415,1408
2023-01-03 12:01:00,233.94168735946764,234.46585864716522,233.85369405161202,234.36757367348704,48497
2023-01-03 12:02:00,234.47776713540395,235.815698038498,234.21800394549726,234.54865759480867,52419
2023-01-03 12:03:00,233.74578125358593,236.45885036152785,233.21807959563407,235.07494476186193,59087
2023-01-03 12:04:00,234.06332855745478,234.1477653330324,233.37407456163385,233.65278275785815,6773
2023-01-03 12:05:00,232.18475536797922,235.0621184378503,231.9479743383669,234.4886106782322,53986
2023-01-03 12:06:00,234.5718278778993,234.90569180647674,233.2236867104676,234.27551581977812,60175
2023-01-03 12:07:00,234.70809049744727,235.14512381409287,234.57490366518175,234.59798899211805,75715
2023-01-03 12:08:00,235.27418754368853,235.55712853656397,235.02485440295484,235.46406395285976,6617
2023-01-03 12:09:00,234.72122387377908,234.85656061600244,233.24624100825633,234.51867076975367,69237
2023-01-03 12:10:00,234.09430252148414,234.25715562000357,233.86385028034087,234.04299115419403,4907
2023-01-03 12:11:00,233.72195437324302,235.02320844725094,233.37580597813994,233.8637970536803,14841
2023-01-03 12:12:00,232.93434336129587,233.46013586401162,232.72569641349932,233.3373087101726,91866
2023-01-03 12:13:00,234.5351879012958,234.75175672341368,232.02944834728436,234.57511873520943,50827
2023-01-03 12:14:00,234.43549067060758,235.75417608925656,233.4522271766922,233.99564400016763,55079
2023-01-03 12:15:00,233.75689247726146,234.79217194965113,232.2855301010144,233.6290569852529,79943
2023-01-03 12:16:00,234.22784994716451,234.8260504750628,233.71841079693272,233.79567354108602,62467
2023-01-03 12:17:00,231.80070551646878,233.08108105918257,231.02114862430454,232.97588103400196,49091
2023-01-03 12:18:00,230.85742814024024,234.0775512273611,229.9317593492528,232.72262643481662,55501
2023-01-03 12:19:00,233.51329866861968,234.04579752697563,232.3489064001315,232.96753436764544,62855
2023-01-03 12:20:00,232.4613926112428,232.79815100559554,231.60294651893213,232.75819411798938,98735
2023-01-03 12:21:00,232.3691626479078,233.1380573290125,232.07768100492183,232.71626026750545,92822
2023-01-03 12:22:00,233.1694622838734,233.47084593761426,232.0424139835534,232.36997932458675,20859
2023-01-03 12:23:00,231.9275436748989,232.11787514498684,230.80943853019988,231.3374640192231,73352
2023-01-03 12:24:00,232.17885444952833,232.29980400630564,230.77506775017773,231.58378743949606,50693
2023-01-03 12:25:00,232.52600355163196,233.75154824887198,232.29045760139934,232.8261879605447,17548
2023-01-03 12:26:00,233.5899902927446,235.27519093993928,232.85419110483156,232.86232372398345,93367
2023-01-03 12:27:00,233.09387175415432,233.22245672807213,232.3016686417182,233.04297653373754,83904
2023-01-03 12:28:00,233.1943283698613,233.6471538826399,233.0821529750755,233.55058334968618,85581
2023-01-03 12:29:00,230.53851526380953,234.00645083698407,230.5264450054156,232.68457977422506,34385
2023-01-03 12:30:00,234.10788696996772,234.31620323581143,232.7035073459178,233.89629495556153,78641
2023-01-03 12:31:00,234.14990733085784,235.62311592897277,233.43588799177743,234.0616564525954,25644
2023-01-03 12:32:00,234.86189980058086,236.05113617737464,234.01999809025384,235.23092800492384,6639
2023-01-03 12:33:00,235.09225327209006,236.07298585561986,234.30164242999885,234.7371550023383,96866
2023-01-03 12:34:00,236.4794333287902,236.66515833461827,235.44107188208744,236.0409287677965,78152
2023-01-03 12:35:00,236.33852787025577,237.53338651720847,235.7287581062994,236.61343812892756,21580
2023-01-03 12:36:00,238.5562886980055,238.75851472034353,236.88118638713544,237.0296696211504,99304
2023-01-03 12:37:00,237.20010769275996,237.49867853098726,236.71924406538855,237.21978480540827,27974
2023-01-03 12:38:00,237.63006597539848,239.41915556738283,235.6344309088102,237.066639067996,46373
2023-01-03 12:39:00,237.66628377762478,238.26198277650096,237.378661582359,237.94416374801017,97086
2023-01-03 12:40:00,237.47325544414238,238.5923229068101,237.11263922379524,238.06815159994926,48612
2023-01-03 12:41:00,236.20756334875693,237.30360106568506,234.3881539812357,236.6870684699055,25761
2023-01-03 12:42:00,236.17671159177075,237.1565493310803,235.38502990649826,235.9174664110854,11701
2023-01-03 12:43:00,236.70167071921955,236.80713935402747,235.62850801754158,235.80952538072478,21822
2023-01-03 12:44:00,235.84165056974348,236.17452167618248,235.51972927363266,236.05240847252918,15970
2023-01-03 12:45:00,235.67671755227738,236.61372150583452,234.69443802106252,236.0359401660865,87728
2023-01-03 12:46:00,236.08972191403709,236.97233698447283,235.45913571671997,236.92270650931496,36847
2023-01-03 12:47:00,237.85250896439646,238.665081653462,234.80922018886693,235.5596177770557,24103
2023-01-03 12:48:00,235.2058884488733,237.04395884138768,233.84820838956261,235.68464429715507,58479
2023-01-03 12:49:00,234.20813186010415,235.78547229264004,233.6266778470914,234.42280340035984,95393
2023-01-03 12:50:00,235.40558135344537,235.4922518575421,234.86406418401057,234.98052733895526,83847
2023-01-03 12:51:00,235.0355191732817,235.13300563271238,234.89120681494592,234.93743751609514,61787
2023-01-03 12:52:00,236.7970340496695,238.07514932585795,234.94626988249541,235.25667753459737,87979
2023-01-03 12:53:00,234.4928930816114,235.46718378575048,232.96372464169428,234.67050049708953,17944
2023-01-03 12:54:00,235.96495468291545,236.1608295597645,235.46416324367254,235.59472557478102,15974
2023-01-03 12:55:00,235.89022325716772,238.57025599646747,234.66880330886048,236.35455955639875,47984
2023-01-03 12:56:00,236.42844860407376,238.1622988794277,236.3677119381408,236.79196508251448,47893
2023-01-03 12:57:00,238.1469058391143,239.06819243068645,234.20413052121174,236.72363834883214,27314
2023-01-03 12:58:00,235.2523874448177,237.20455272510125,234.9635050769861,237.15910849156145,30852
2023-01-03 12:59:00,237.10981223551664,237.64881355345648,235.71121628276953,236.67988636874102,5953
2023-01-03 13:00:00,236.82368990777192,238.62428182634503,236.66217881295418,237.31103280585535,90818
2023-01-03 13:01:00,237.958801363206,239.00373326345488,237.33101833192447,238.50908395301255,77773
2023-01-03 13:02:00,237.94691057114736,240.45168473051123,237.77842555145006,239.29898589320103,29448
2023-01-03 13:03:00,239.81691686152942,241.1060138550001,238.40795210960258,238.7991363984001,32771
2023-01-03 13:04:00,240.09202830678007,241.18211258047347,238.0394296856849,239.08193474177264,52550
2023-01-03 13:05:00,238.2733793172886,239.68956342383868,237.98036628244705,238.1783425887165,56378
2023-01-03 13:06:00,236.99637640799662,239.6716125384369,235.41420688386003,238.61115334986437,55895
2023-01-03 13:07:00,239.08473652074684,239.14843703096545,238.2353056451564,238.9575714653389,59737
2023-01-03 13:08:00,237.01831509083124,238.84608214040333,235.56822816436406,237.64104690774298,69124
2023-01-03 13:09:00,237.14434807720184,237.23795782886958,236.76387981995117,236.83654842559022,61810
2023-01-03 13:10:00,236.77133832927075,236.9339073065488,234.70128479616318,236.6590591633433,81351
2023-01-03 13:11:00,236.46662450052656,236.48159019111998,235.89822742150545,236.46912151516423,72892
2023-01-03 13:12:00,236.80386756702316,236.97816988918805,235.26391158433353,235.63475658208174,21069
2023-01-03 13:13:00,235.5286476993329,237.3255705670378,234.69308170583577,235.93329078235948,15695
2023-01-03 13:14:00,236.56997647155336,236.62923087042532,235.04603642141836,236.13487709974447,54461
2023-01-03 13:15:00,236.02879783466645,236.03735930231105,235.99172363867285,236.02086943464238,21783
2023-01-03 13:16:00,235.77102070737493,235.90201946332292,235.09747946326576,235.50932382064977,2403
2023-01-03 13:17:00,233.4152049705541,237.31963011560913,233.35505046628697,236.2738156717166,29327
2023-01-03 13:18:00,238.409550266001,238.51453222782047,236.220402985584,237.4708311185822,68821
2023-01-03 13:19:00,237.89321800149756,238.27238481324042,236.563731781729,237.15008295929613,9862
2023-01-03 13:20:00,236.53809134845068,236.95389357096482,235.16189367329406,236.73827166202744,68264
2023-01-03 13:21:00,236.11325880076043,237.44420009741998,235.99512319630196,237.11080845040397,12430
2023-01-03 13:22:00,236.93357497453673,237.20319060037625,236.85186850808594,236.8798416242066,35017
2023-01-03 13:23:00,237.4166642754604,237.4971467760367,235.36450099634376,236.80446844792112,34646
2023-01-03 13:24:00,237.26116723903712,237.68731810959,236.8338606594101,237.35360840905588,29922
2023-01-03 13:25:00,236.87709172414938,238.18035114951215,236.0159788505611,236.01776609857384,12543
2023-01-03 13:26:00,238.46880150931406,238.78798411615787,236.79383044653187,236.97479618444652,50649
2023-01-03 13:27:00,236.54067350469546,237.19528137864225,236.47802832605828,237.05016402138352,93099
2023-01-03 13:28:00,236.9442358857307,237.85681722113713,236.2916532736854,236.78123548554925,26553
2023-01-03 13:29:00,236.38014457442557,237.45661329567056,235.73233000787937,236.7415266892456,49860
2023-01-03 13:30:00,236.93884331845268,238.6527516232705,236.01657233959963,236.73851724636108,61388
2023-01-03 13:31:00,235.5403524202705,235.94050478701726,235.36250697740402,235.53266500918818,61092
2023-01-03 13:32:00,236.73775572579115,237.3579254239032,236.5728259977704,236.6125386298976,74114
2023-01-03 13:33:00,235.74955618600447,237.53428842385222,235.3764410667584,236.6655343720467,22263
2023-01-03 13:34:00,238.05294285488,238.71785828841183,236.86878502877772,237.0037309332747,77204
2023-01-03 13:35:00,238.21075096360428,238.25674589301548,237.6861257230301,237.70399384375227,83458
2023-01-03 13:36:00,237.3045001094336,238.28469180779956,236.2889777045432,236.99956105956048,13232
2023-01-03 13:37:00,237.00992977098554,237.38979282928406,236.84869697646522,237.35989891240257,10092
2023-01-03 13:38:00,236.96268233521926,237.93746028893432,236.7781693620842,237.1930531154522,35234
2023-01-03 13:39:00,239.28058424960804,239.79873676171067,236.74820822472964,237.81931685715136,41482
2023-01-03 13:40:00,236.60867900850354,236.63707220867133,235.6410971696057,236.3254114731137,19117
2023-01-03 13:41:00,236.15727055058974,236.9389509399587,235.7379263157521,236.2787885104235,34258
2023-01-03 13:42:00,235.3730344179797,236.42618103694855,234.9408876852264,235.8751151865615,97726
2023-01-03 13:43:00,236.47253533026662,236.84740913901518,235.9067135815663,236.20458291789527,60097
2023-01-03 13:44:00,236.7830505706357,237.15791753593135,235.4894025361488,236.5612831498779,89631
2023-01-03 13:45:00,236.05986954641432,237.87685095781217,234.540474231599,236.08274860918536,19302
2023-01-03 13:46:00,235.5493127980021,236.6931014004438,233.60116957118683,235.60196099401938,76762
2023-01-03 13:47:00,235.61123396547055,236.00191158337165,234.62362146741887,235.54730225658008,41934
2023-01-03 13:48:00,235.08416187047553,235.15116032094787,233.4510248188457,234.93725201360547,77439
2023-01-03 13:49:00,233.9010775146432,236.7743115885389,233.33315885330896,235.5541857457562,88945
2023-01-03 13:50:00,235.82366582081542,235.8297653449104,233.4994846547954,235.31683625991215,43446
2023-01-03 13:51:00,232.8197499766658,234.17693754752875,231.94414585446256,233.28817813109134,81421
2023-01-03 13:52:00,233.1422707376611,233.21430779334264,232.95405818053172,233.04918228476652,72635
2023-01-03 13:53:00,232.748033076498,233.36619039345217,231.92049791664775,232.34639183835122,27076
2023-01-03 13:54:00,231.5674664893677,232.14680984180396,231.01821460755104,231.23256332808853,50349
2023-01-03 13:55:00,230.1952193786902,230.42266492861708,229.66934596629412,230.39728658396135,47578
2023-01-03 13:56:00,230.67258237727054,232.5336837555291,229.4536452994343,230.49594855773856,10726
2023-01-03 13:57:00,231.0495171520089,234.90098366665973,230.49371681110907,231.43773713659317,51865
2023-01-03 13:58:00,232.2824552384706,233.7007174728779,230.92583217973026,231.67832902811972,76076
2023-01-03 13:59:00,230.77220595825688,232.11565679416805,229.30558477226566,231.2799557864274,9102
2023-01-03 14:00:00,231.2555359168016,232.49169135937493,230.94281430396197,231.6194082883118,13754
2023-01-03 14:01:00,231.22007065959062,231.4549502715829,227.80665478091748,231.32356755112917,37612
2023-01-03 14:02:00,230.14414050255334,231.4919504860743,229.74726764511297,230.86466760163285,34363
2023-01-03 14:03:00,229.90316010175007,231.54224140996158,228.76776973220885,230.088249407313,74866
2023-01-03 14:04:00,228.38185256835882,229.20246978838028,228.23140595233392,228.9020325620333,66777
2023-01-03 14:05:00,228.8673550469193,229.5536831816298,228.07517569332137,228.65715977836277,19747
2023-01-03 14:06:00,228.43584917016568,229.32696231776018,228.03990057376626,228.7884456806352,48770
2023-01-03 14:07:00,228.7129551463192,230.02733632592927,227.45378931500963,228.74500538736726,50884
2023-01-03 14:08:00,228.7156358216093,230.31040002831017,228.25365641273336,228.48242881638313,66670
2023-01-03 14:09:00,225.80659433302807,229.59822335105696,225.5911113737432,227.85701798829018,94371
2023-01-03 14:10:00,228.82042303034223,229.15971856429806,227.62286850690168,228.29558318040924,86681
2023-01-03 14:11:00,227.50489316749253,227.70358163763595,227.14999880905137,227.41632653935807,36394
2023-01-03 14:12:00,229.04316728096526,231.6633278482037,227.68893533753854,227.96851242438686,61484
2023-01-03 14:13:00,226.107340238912,227.64361862155232,226.0307377105385,227.3058875068359,44084
2023-01-03 14:14:00,226.7737336384956,226.81759317176648,226.49131789761816,226.81551921733274,97655
2023-01-03 14:15:00,225.71555722960088,225.9981997109242,225.65775068567902,225.8401318354851,32093
2023-01-03 14:16:00,225.54582497797418,225.58378112630515,225.03573948550866,225.52300566780292,8179
2023-01-03 14:17:00,225.48386720456554,227.7054626341265,223.44467295493527,226.20542415967333,35278
2023-01-03 14:18:00,226.1662289412551,227.2094407772436,225.62789011466708,226.57795831345462,46813
2023-01-03 14:19:00,227.45246930344314,227.98408812413336,225.92546922772658,227.26568276282214,85716
2023-01-03 14:20:00,228.20534250981294,228.42105760651324,226.66956315665706,227.644404577702,73443
2023-01-03 14:21:00,227.30166887883468,227.98739143797187,226.89770871239168,226.9134362352613,64828
2023-01-03 14:22:00,226.40861009743497,227.39567161952576,225.73018420467912,226.71094602019954,70942
2023-01-03 14:23:00,225.91132144291618,226.66672743678802,225.33406985992085,226.2029780668625,96539
2023-01-03 14:24:00,227.15704340483066,227.20898373082707,226.54031260416912,227.12853838217316,20748
2023-01-03 14:25:00,225.78590366480572,226.43890075598358,224.31489096807903,226.3357766679658,89688
2023-01-03 14:26:00,226.1387552366848,227.0874576827757,225.82647868394932,226.96523752753535,76127
2023-01-03 14:27:00,226.4311646936064,228.73189395419917,225.9089143141415,227.59594251297924,10742
2023-01-03 14:28:00,227.85228755519987,229.60452023222942,227.32780628225834,228.86794450998158,4411
2023-01-03 14:29:00,228.7147618059053,230.98404154887385,227.9026069075731,228.60953891938735,83002
2023-01-03 14:30:00,229.00962029124315,231.64867192687404,228.22051520910756,229.12093079467033,39464
2023-01-03 14:31:00,230.54070877631838,230.8040461037776,230.03291199218407,230.71216546536127,30698
2023-01-03 14:32:00,230.6499660591347,234.72580176139857,230.11547465207087,230.3077443356067,77011
2023-01-03 14:33:00,228.79355512085607,230.688024150976,227.59572792505284,229.2701801394196,32108
2023-01-03 14:34:00,228.12400385888898,228.61604551088394,227.30374696228074,228.0000164400197,85360
2023-01-03 14:35:00,228.69023580559127,229.42604820777333,228.3884359236758,228.51031150455583,72296
2023-01-03 14:36:00,226.47834519440246,227.69492272767727,226.39338833794463,227.24220481374627,84702
2023-01-03 14:37:00,225.67565210604207,227.51807389420534,225.51146336055473,227.0111092267763,48133
2023-01-03 14:38:00,224.34291082108982,228.02757667825855,223.81187210630833,227.33163519270664,47662
2023-01-03 14:39:00,228.95786447961112,229.254364507912,227.44816633654145,227.48065712898162,63421
2023-01-03 14:40:00,228.5459368116251,229.02123685902987,227.63202508188456,227.79374662652484,98427
2023-01-03 14:41:00,226.65346740611147,228.3595813107605,226.53579213089262,227.96843471845733,26180
2023-01-03 14:42:00,228.5070722565296,229.57870776463318,227.8188445035632,228.86585467495718,40194
2023-01-03 14:43:00,228.40749028242146,228.96699406507793,228.19142949169017,228.23488315322845,82624
2023-01-03 14:44:00,228.24978643674618,228.6905762821965,227.64595128916264,227.7941649225796,13525
2023-01-03 14:45:00,227.05444247863124,228.40066712596894,225.57954090611508,227.2889223997568,41674
2023-01-03 14:46:00,227.82647890950372,228.45498548201647,227.24370070334075,227.87773149890688,9922
2023-01-03 14:47:00,228.19716946265558,228.79013551859032,227.92510742719054,228.51606163536164,63782
2023-01-03 14:48:00,228.64454517404698,230.5479944215864,228.34032944328794,228.84824994016765,80818
2023-01-03 14:49:00,231.06792263059026,232.03497042121828,228.2812470576109,229.68365612861078,35846
2023-01-03 14:50:00,229.10059332783842,229.14751272121774,228.7569839088383,228.89489429375985,83897
2023-01-03 14:51:00,231.4208973692297,231.59563865254182,228.46682704770188,230.06264104352172,96122
2023-01-03 14:52:00,230.09924040265923,233.0464400243178,229.91572086846278,231.1369682083779,68173
2023-01-03 14:53:00,232.06626286909182,232.79024527288195,230.00667490336713,231.67017021977108,14916
2023-01-03 14:54:00,233.10641063937447,233.56600786317023,231.88555800154063,232.93170620627026,31926
2023-01-03 14:55:00,232.2806661123962,232.31824667656133,231.607709902098,231.79735916597502,43941
2023-01-03 14:56:00,230.82245747218033,232.52172587825382,230.2471955587502,231.455841822876,61294
2023-01-03 14:57:00,230.35865106492298,231.5224161325022,227.00856644439378,230.96841656259605,20684
2023-01-03 14:58:00,231.3927817754556,231.992189602329,231.35814634541285,231.49143021522494,17966
2023-01-03 14:59:00,231.8192300471821,233.30745591444315,229.27163599030604,230.78528361303313,91571
2023-01-03 15:00:00,230.99266737616455,231.61801822453518,230.65468347570288,231.33281834002048,58479
2023-01-03 15:01:00,232.7957693584948,233.16098364067784,231.58058900461884,232.30710158833733,76704
2023-01-03 15:02:00,232.56588434186688,232.82226259769968,230.9467227643922,232.81483401069914,59321
2023-01-03 15:03:00,233.6965876087853,235.18985648147637,232.83891450773038,233.03629983652257,75011
2023-01-03 15:04:00,233.40788430685066,234.7445141252849,231.92708023925206,232.36897242229426,94009
2023-01-03 15:05:00,230.31031472866263,232.47291175919557,230.02264325204112,231.80186365315637,36166
2023-01-03 15:06:00,232.3174559703406,233.92277812522403,231.16966316905123,232.69403581283368,54264
2023-01-03 15:07:00,232.94852063846906,234.18074471055883,232.25298371212415,233.2613548114913,4466
2023-01-03 15:08:00,231.3921881822865,234.32345191172274,230.73507155664117,233.25737570911014,22902
2023-01-03 15:09:00,233.90355544134857,234.13811085371853,231.91528716655992,232.98825999489364,60805
2023-01-03 15:10:00,231.17669846126952,233.4667351839154,230.77862152043912,231.5955904665726,6363
2023-01-03 15:11:00,231.47522978726002,231.9885833604065,230.57928047864098,230.8747359309959,60397
2023-01-03 15:12:00,232.2209829080993,232.46883077360675,230.2127427576706,232.22171853557956,3134
2023-01-03 15:13:00,231.2847127543156,231.36486708885434,230.45434747649068,231.35289192781318,66126
2023-01-03 15:14:00,231.38793010873903,231.708802830547,230.15689600142866,231.50753733081038,51791
2023-01-03 15:15:00,230.57655038624986,233.78468951366352,229.89064981909806,232.23038070424303,42379
2023-01-03 15:16:00,232.04550595737987,232.1950501644587,231.37593770686186,231.3793102354798,92938
2023-01-03 15:17:00,231.2945948926598,233.09303770952909,230.60706129072304,231.53066271324772,94250
2023-01-03 15:18:00,231.9901635070099,232.22849968523187,229.15723525294325,232.20528439742571,86609
2023-01-03 15:19:00,232.50941019700156,232.70148538223228,232.04123652813777,232.23721215166023,81119
2023-01-03 15:20:00,237.0399350886313,238.2147954551552,232.74351979674142,234.25888565980148,38723
2023-01-03 15:21:00,231.5033590298989,233.898161074889,231.28079824693302,233.10965893937473,42166
2023-01-03 15:22:00,233.893690162177,234.35203874268478,233.25350025686774,233.87336944480052,90292
2023-01-03 15:23:00,234.76892917649292,235.0099807411641,233.6622538533763,233.77551560803252,86310
2023-01-03 15:24:00,236.09118266025226,236.5433976430574,233.27617608832097,234.34026125620886,90170
2023-01-03 15:25:00,234.2271727838563,235.87690441040726,234.17854588399624,234.67394338200478,97679
2023-01-03 15:26:00,234.2921239624263,234.31583884922372,233.92605272729622,234.1812528086707,8249
2023-01-03 15:27:00,234.17581783476192,236.03813424905172,234.09145105080884,234.36555092017593,97804
2023-01-03 15:28:00,233.05261846945683,234.38993487082845,230.92072292498472,233.0827031836309,4796
2023-01-03 15:29:00,233.57790253398218,233.79533122410058,233.08619930775245,233.52783112831514,19918
2023-01-03 15:30:00,233.3003248952976,234.13778728997463,233.19961670016983,233.7600688111139,19564
2023-01-03 15:31:00,233.6447639232286,234.5461459243948,233.59930428992106,234.23132455290178,97248
2023-01-03 15:32:00,235.32177590646288,235.6076762453092,234.27845032779527,234.99828105581364,95322
2023-01-03 15:33:00,235.9985594710518,237.30244255074012,235.18344233356524,235.2809509755131,81848
2023-01-03 15:34:00,235.09576489574135,235.63169229264287,235.03147400523943,235.4090069291693,92509
2023-01-03 15:35:00,234.84113979727533,234.91167866118823,234.61446290713727,234.8103135633517,79743
2023-01-03 15:36:00,236.33223257313722,236.92827568813095,232.9767028500915,234.33208425219178,67982
2023-01-03 15:37:00,234.77831621673496,235.41960885168984,233.86538885082695,235.18978745161817,67487
2023-01-03 15:38:00,236.1478818697722,237.21474029443291,235.9427979448054,236.22674068669502,54173
2023-01-03 15:39:00,235.20823308236476,237.34196757812222,235.17525029021954,236.08161920388324,68253
2023-01-03 15:40:00,230.26683637575002,230.59171154738138,229.5058898031201,229.72939889148816,54394
2023-01-03 15:41:00,231.04579621686597,231.47446173330601,230.52157593197734,230.56062200670482,12390
2023-01-03 15:42:00,231.96308371486558,232.7497982957018,230.49691129268194,231.0439348191978,57627
2023-01-03 15:43:00,233.37271716940901,233.64178995135455,232.2014756996653,232.4125587572604,87730
2023-01-03 15:44:00,231.2115999941578,232.4402171015242,230.2686415850798,231.82340007178746,82013
2023-01-03 15:45:00,231.54602148102876,232.03361949258377,231.47667303128492,231.58368918258145,84516
2023-01-03 15:46:00,232.98246389135195,233.07003810854087,231.61087431126887,231.76764485325393,31950
2023-01-03 15:47:00,231.71549889105637,232.6793156275018,230.55981603401037,232.24032769048216,73130
2023-01-03 15:48:00,233.7317906304697,234.9681364710454,231.75439344833282,232.11329155480234,63963
2023-01-03 15:49:00,232.35447588195763,232.43332017515831,231.24926872804136,231.5286252676444,45693
2023-01-03 15:50:00,233.03278041655344,233.16727093097583,231.20150504567343,232.16399135058782,20600
2023-01-03 15:51:00,233.43455800612765,234.0107075183053,232.66426617581058,232.6894727419408,75634
2023-01-03 15:52:00,231.83268579088914,232.44058372798773,231.57511131215654,232.07311967717317,64086
2023-01-03 15:53:00,234.6366707926714,234.6415624936455,232.94680133179793,233.04001250733043,78478
2023-01-03 15:54:00,234.4783116163704,234.8247590098487,233.7393393881407,233.8814258740629,15012
2023-01-03 15:55:00,234.74397568875762,237.44250392507493,232.88081436301783,233.99904238544892,31702
2023-01-03 15:56:00,234.53082461290506,235.25348612734203,233.61168254375755,234.07831976040325,49176
2023-01-03 15:57:00,234.8982436143145,235.59805459065626,234.40008853894983,234.4908063287183,11346
2023-01-03 15:58:00,233.91092216176114,234.08544036602316,232.52298508853767,233.90807106607022,15428
2023-01-03 15:59:00,234.37494783893354,235.15008718873048,233.65223518208632,233.9525356892644,6755
2023-01-03 16:00:00,232.9359670154852,233.20170194922252,231.69587949637838,232.46526417872184,7283
2023-01-03 16:01:00,234.89205627878366,235.3214635557429,232.63470764213193,233.099747184658,50036
2023-01-03 16:02:00,231.7676207013729,232.13363289151812,230.05008384540173,232.03110613323122,2337
2023-01-03 16:03:00,234.66477715767033,235.6773977883363,232.0324045442156,233.10082974116358,60786
2023-01-03 16:04:00,233.602051694016,233.83060393266138,232.255709756401,232.89328602068426,63968
2023-01-03 16:05:00,233.23838491180575,235.31799034891336,231.92421452692108,232.76868789239424,21857
2023-01-03 16:06:00,230.99008689738542,233.37875513379228,230.6807217379388,232.35361436818891,91472
2023-01-03 16:07:00,232.98420878026474,233.36884968447598,230.9273951050043,232.17606910932273,28640
2023-01-03 16:08:00,234.00232982989812,235.48898454075112,232.52652710019518,233.18733381110815,39435
2023-01-03 16:09:00,230.4466352830389,231.9069022956304,230.2334815932153,231.4702761415404,17214
2023-01-03 16:10:00,231.2933969809181,232.59770133706664,231.12339047718478,232.3801617607776,42532
2023-01-03 16:11:00,231.36116556201594,233.84023194690997,230.8916218276181,232.63904963060574,27531
2023-01-03 16:12:00,233.04006567883533,233.50505801071836,231.63781945127118,231.8199124284456,74549
2023-01-03 16:13:00,231.46654425331752,231.64984570987983,231.01589901375598,231.09525794531876,36812
2023-01-03 16:14:00,231.94844684569566,233.11861935793843,231.64888817595778,232.28058690823454,59928
2023-01-03 16:15:00,231.63473273999335,231.80577277879976,230.68842330120884,231.64494628792875,71554
2023-01-03 16:16:00,229.59112305881072,231.82643394336483,228.71624235069777,230.86660733132308,64883
2023-01-03 16:17:00,232.28227176698127,232.60189612862234,231.0579246180423,231.6773978416492,85153
2023-01-03 16:18:00,232.45567975205194,233.58744849173496,231.37347779683068,231.93587072966253,94404
2023-01-03 16:19:00,232.41575442245218,233.51728261301432,229.41401278748853,231.30644856091473,53398
2023-01-03 16:20:00,230.69272122711897,232.22198343395473,229.74989855049787,231.47989946696214,43774
2023-01-03 16:21:00,229.87292416727004,231.09659678543892,229.22226884787145,230.79072407264778,32090
2023-01-03 16:22:00,232.3472709988519,232.62114659361427,230.89475411751255,231.5759812479049,37809
2023-01-03 16:23:00,231.42961346374136,235.47110434127353,231.28171870577955,232.3365029140053,68425
2023-01-03 16:24:00,232.9861278245263,233.01223614469194,231.97877750326197,232.7305499435853,25060
2023-01-03 16:25:00,233.19472450487325,233.99774464133432,231.71527312688272,233.00633173161123,11091
2023-01-03 16:26:00,234.2446995548502,235.2726531528623,233.4613341947252,234.26073631817823,47283
2023-01-03 16:27:00,234.72354669947674,235.18492275963015,233.9444826984017,234.28394194827908,20039
2023-01-03 16:28:00,231.11433022920625,233.695837374029,230.75314087588217,233.4766879555031,44289
2023-01-03 16:29:00,234.0905542128036,234.7975923728909,233.34262430526869,233.8148606657701,4718
2023-01-03 16:30:00,236.25550229692982,236.27245068689567,235.1353164988095,235.30148855252597,22919
2023-01-03 16:31:00,233.97639613171813,235.18691001080362,233.60398140954965,234.6086954435729,43016
2023-01-03 16:32:00,235.83703539125267,236.73349966508493,233.50557896195826,234.37774938868077,76234
2023-01-03 16:33:00,234.82226173325282,236.2476211258042,233.72498894119684,234.6940042190758,35398
2023-01-03 16:34:00,235.50428871903244,236.80058983564913,233.07067612604294,234.67952018491775,22444
2023-01-03 16:35:00,234.3881899018767,235.93197366412053,233.99038271255802,234.0114085381796,83911
2023-01-03 16:36:00,234.50729951456822,234.89963552968828,234.1587288809468,234.8223922903818,49051
2023-01-03 16:37:00,238.3717337142715,238.44651943100655,234.6898186830291,236.48026706727643,7866
2023-01-03 16:38:00,234.4344384305429,236.8324613341108,233.85248791055284,236.64305875341395,95080
2023-01-03 16:39:00,235.6590321131417,236.31215306298668,234.51566834987634,236.024898603074,71457
2023-01-03 16:40:00,234.96231393659468,235.01810771099179,234.88664334143442,234.95172134033658,47113
2023-01-03 16:41:00,235.0175612215381,235.30393318559922,234.6455287517982,235.15705221502776,42522
2023-01-03 16:42:00,235.73933568422143,236.21320943896566,234.98197423557994,235.9593215464329,66143
2023-01-03 16:43:00,236.55369008039892,237.6703133330423,235.4270259916653,236.31927825583892,33759
2023-01-03 16:44:00,235.7763180383335,236.51862216938093,235.76353382617216,236.34120596181157,23665
2023-01-03 16:45:00,236.42255271115067,236.78757235430916,233.13383868970524,235.94703256393876,91478
2023-01-03 16:46:00,235.99643908132896,236.4104398205176,234.01766480247508,235.1975489625529,72785
2023-01-03 16:47:00,234.65754106719015,236.2677537001527,234.31794791541597,235.8100631152837,67329
2023-01-03 16:48:00,236.82100094849764,237.6273229262856,236.2530513799707,236.4800737527309,28679
2023-01-03 16:49:00,236.47202059927946,236.99949018397928,234.70065714198972,235.40711887823093,54883
2023-01-03 16:50:00,236.7074895314592,236.72941068335132,235.62992735226626,236.55343783012023,80529
2023-01-03 16:51:00,237.14922817160783,237.18741417569782,236.40592224143512,236.98448873648866,92069
2023-01-03 16:52:00,237.85091489613805,238.10723106308555,235.56038956219555,238.00323384961692,70131
2023-01-03 16:53:00,236.34856443950687,237.08777149430418,236.20946335672966,237.0687419398656,49295
2023-01-03 16:54:00,238.85380111436598,239.1712470072071,235.45951024814667,236.12106617135333,51006
2023-01-03 16:55:00,237.39309196574266,237.60908130061713,235.83219692565416,236.03915390122327,48181
2023-01-03 16:56:00,237.20845436942315,238.77109167772696,236.2630472422801,236.41878824877057,51721
2023-01-03 16:57:00,237.61152815903196,238.11156777977178,237.28570769609644,237.71651047463735,3256
2023-01-03 16:58:00,238.4404434439494,238.69222371262856,238.22604258334454,238.2438219722204,13101
2023-01-03 16:59:00,238.10310119393108,238.4704640338019,237.40200329350188,238.0941944096912,47490
2023-01-03 17:00:00,235.84313390198864,238.0779112040708,235.054527839822,237.3848861801338,54255
2023-01-03 17:01:00,237.64997821636783,239.8144870163208,237.59913946950476,238.2845753066211,95944
2023-01-03 17:02:00,236.87949249848538,239.40950630299835,236.46341782303935,237.61878049613875,97482
2023-01-03 17:03:00,238.78439423030994,239.46813716274025,238.2469148746216,238.80340651037233,37944
2023-01-03 17:04:00,237.98886673637602,239.13511345192646,237.53866384536673,238.6235507817675,74497
2023-01-03 17:05:00,240.22728758880504,240.70979632873212,238.66078285224256,239.78606416277938,16416
2023-01-03 17:06:00,239.7671688183888,242.93385005378477,239.3889647558646,240.29843755483645,39022
2023-01-03 17:07:00,241.2636420010452,241.37162175081687,240.06332775598264,240.2237079923967,9429
2023-01-03 17:08:00,239.86887056991097,239.94152676866025,239.24740007263398,239.87341639612234,14783
2023-01-03 17:09:00,240.5400162759577,240.71905342550144,238.75685588343586,239.65207952611587,61632
2023-01-03 17:10:00,240.01376383164012,240.6610883318446,238.17510769997554,239.9839856921389,25290
2023-01-03 17:11:00,239.07650440579195,240.77496472983324,238.87299354304272,240.06353306116122,63489
2023-01-03 17:12:00,239.88626343022753,240.44504809121636,239.45052588699835,239.65988202068837,56153
2023-01-03 17:13:00,238.30849240141413,239.87260005606444,238.0718663145935,239.5647623961235,35500
2023-01-03 17:14:00,241.19953176819035,241.23122301069682,238.65486831373062,239.6451917347265,45021
2023-01-03 17:15:00,237.62308458528645,238.65775870235657,237.1064337784493,238.13873358327513,95821
2023-01-03 17:16:00,239.0811037937442,239.53630119100475,238.43856566127627,238.48987018050548,67722
2023-01-03 17:17:00,237.8586471997078,238.23090737775306,236.5434710335803,237.81275840443615,57733
2023-01-03 17:18:00,237.60135833663875,237.68759104523102,236.60131673196375,237.01370819978587,85145
2023-01-03 17:19:00,235.52949134179372,236.28917510731117,233.18147742631334,235.83763834844987,10176
2023-01-03 17:20:00,235.80656880056225,236.4997583589651,234.37011901699248,234.59202000184024,91909
2023-01-03 17:21:00,233.69260293172962,233.93731863864164,233.47906515836524,233.66154770055573,98491
2023-01-03 17:22:00,233.35689787464133,233.63798028235877,232.92565766960922,233.18790105238958,22557
2023-01-03 17:23:00,234.01214560289134,235.6517273611874,233.84170721149604,234.57764903796848,95274
2023-01-03 17:24:00,234.45986656971382,234.52335934863817,233.97637305175405,234.23102794872725,91655
2023-01-03 17:25:00,235.89933351255587,237.23960798332,234.30184426237048,234.37935482184957,56034
2023-01-03 17:26:00,234.66509857616128,234.90063522093038,234.65525002911164,234.68438646429428,83439
2023-01-03 17:27:00,234.98362903733138,235.0417878925388,234.3156905311974,234.8001317613824,11738
2023-01-03 17:28:00,235.2950882446528,236.37073827260676,234.26450332974764,234.76906057021097,6041
2023-01-03 17:29:00,234.81903706172025,235.03652563140108,233.3814982442861,233.9506834943111,51606
2023-01-03 17:30:00,235.57551759914577,235.94373192933676,233.37082251317648,234.9924150375225,89790
2023-01-03 17:31:00,236.3905391176533,236.56252112479876,235.6290964902423,236.28994679023475,57365
2023-01-03 17:32:00,234.21567000942065,235.2404525520735,234.14862873022025,235.12078978501265,41527
2023-01-03 17:33:00,233.4286429397137,234.78106362448221,232.98486124275817,234.42199063083623,10250
2023-01-03 17:34:00,234.2669758562442,234.35714117547565,233.6326431615192,234.24865173752198,93348
2023-01-03 17:35:00,234.78972477459058,235.045879319541,232.50992027533474,233.59425156867295,26688
2023-01-03 17:36:00,233.037046118068,234.11657790356816,232.12456875233386,233.97218292816694,20790
2023-01-03 17:37:00,234.1000414415457,235.18674386038606,233.24606012030995,233.48439383557084,1946
2023-01-03 17:38:00,235.18265136592686,236.93986315117303,234.80954632695497,235.02426268578995,37798
2023-01-03 17:39:00,236.24767698346733,236.32398115108614,233.90846761158096,235.88718852879015,74863
2023-01-03 17:40:00,235.3479063647169,236.7567074556852,234.96630209610032,236.06120771896323,2136
2023-01-03 17:41:00,236.49152486911257,238.29621221236724,236.06562341739095,236.81210869262523,32915
2023-01-03 17:42:00,237.78199135688564,238.0918503175174,237.1785422735974,237.62146173798286,92474
2023-01-03 17:43:00,237.12635602545964,237.38219711524252,237.04429951928344,237.24320580478906,67090
2023-01-03 17:44:00,238.40191415654976,238.54889670174956,236.1483346808488,236.68600413818467,24421
2023-01-03 17:45:00,235.57664847581492,237.17465280784103,235.5590268510691,236.7651588465747,79769
2023-01-03 17:46:00,236.9816877286401,238.3948261670512,236.9735105269182,237.40085160411348,60916
2023-01-03 17:47:00,237.9265940986673,238.58749471180047,237.2526741761248,237.5236308604681,31893
2023-01-03 17:48:00,236.78657023895937,237.51745409730879,236.08977239569754,236.42366143264158,65124
2023-01-03 17:49:00,235.19561268557476,236.0767893535932,235.02355151648683,235.87788371520537,37171
2023-01-03 17:50:00,235.89480248516193,236.6467169081941,235.1591926284207,235.8491258160259,19638
2023-01-03 17:51:00,235.02316304780214,235.86361045707199,234.4351014520492,235.81917372870373,67484
2023-01-03 17:52:00,237.34843464407797,237.51565417607455,235.99090895619096,237.2382454449034,99238
2023-01-03 17:53:00,235.14386927004915,237.65183548296872,235.12044397499648,236.2755412264603,42063
2023-01-03 17:54:00,237.37846829880849,237.39747540125492,236.59650842762358,236.65754389584208,25193
2023-01-03 17:55:00,237.51944183244694,237.93965440646238,236.82089913747066,237.73843920263187,73743
2023-01-03 17:56:00,238.72957555511854,241.00090371504984,238.3229450902305,239.38224579816423,10238
2023-01-03 17:57:00,239.1282229358215,241.94313836815294,238.99014072525526,239.11576733267376,8419
2023-01-03 17:58:00,239.98202695994274,241.94948230719328,237.68994680148967,239.49220450143824,21410
2023-01-03 17:59:00,239.48106463245307,241.97202877065482,238.71633393127834,239.92551321383746,6956
2023-01-03 18:00:00,238.59370980728903,240.8430031660481,237.62436774113328,240.09020892945938,81161
2023-01-03 18:01:00,239.63877491549547,240.0921324994398,239.49155374535243,240.04302265530066,24753
2023-01-03 18:02:00,240.1815523977514,240.55704134840082,239.48368733664722,240.3809855084629,73858
2023-01-03 18:03:00,239.02070871729092,239.77945443413827,238.08002568632168,238.57891217846858,69150
2023-01-03 18:04:00,238.56422412221784,240.3555480829925,238.41273434064829,239.09095226059424,26539
2023-01-03 18:05:00,238.80645667308093,239.5172494504672,238.01601901795124,239.20536534124264,69807
2023-01-03 18:06:00,239.58473854323927,239.7607990852651,238.91763858357425,239.06963431088747,10029
2023-01-03 18:07:00,239.5112200958319,240.91656694958763,239.3870299663319,240.5615690641649,57536
2023-01-03 18:08:00,239.8978963636935,240.17629428499092,237.65139553310536,240.0985356613462,72214
2023-01-03 18:09:00,239.36250888755086,239.94365646632883,238.56552807512494,239.83221165070805,86108
2023-01-03 18:10:00,241.91004509120512,241.95256514021867,241.09140884710817,241.28911077113722,48989
2023-01-03 18:11:00,240.46392045166948,241.32482754368655,240.3142057012783,240.71093768515146,95631
2023-01-03 18:12:00,240.67369250154226,240.68296463400446,239.24207395329165,240.3377524821482,82107
2023-01-03 18:13:00,240.87531161552803,241.38944449776588,239.94414321750423,240.2557789779211,44162
2023-01-03 18:14:00,240.9697338586617,241.60636342549398,240.13440728971864,240.88577850957182,20718
2023-01-03 18:15:00,241.43779082452645,242.10716277630567,240.72621824606372,241.0600370937029,82402
2023-01-03 18:16:00,238.96537899761745,240.88595243113593,238.91884838457693,240.14934215501393,3198
2023-01-03 18:17:00,239.76079611733684,239.82892783381936,238.70018688034955,239.7899572981777,10407
2023-01-03 18:18:00,239.59231618164443,240.3710346710725,238.18365714446145,239.37702381309307,75608
2023-01-03 18:19:00,238.295516838456,240.42949914846494,238.08026474918518,239.3455066835307,83674
2023-01-03 18:20:00,239.23747534136,241.80764954612835,239.18247217809156,239.6752125329272,6217
2023-01-03 18:21:00,240.00189654586134,240.6394852947485,239.96778516900005,239.99988071445532,97796
2023-01-03 18:22:00,238.99587598757392,239.65996772944584,237.9598024990139,238.7451528751695,76947
2023-01-03 18:23:00,239.1079344429774,239.62542099643065,238.28472871642182,239.53105965163317,34138
2023-01-03 18:24:00,239.90959703313996,240.49988224341627,239.32009687144244,239.736507007548,35500
2023-01-03 18:25:00,240.69101228478715,241.64827159835605,240.26741164931178,240.75624928903926,6259
2023-01-03 18:26:00,240.57092075370775,241.44852228974,239.57433560800754,241.1011554836251,96120
2023-01-03 18:27:00,241.33286593768486,242.10387166254083,240.50989062615835,241.92185631218567,80652
2023-01-03 18:28:00,238.93827223415144,242.47561319111992,238.86823292662868,242.28465102121618,50953
2023-01-03 18:29:00,242.62638733801302,243.52453957595543,242.2728131331266,243.28738899893037,23783
2023-01-03 18:30:00,242.61657431678793,243.72228918189458,242.55446308716552,243.69288871874966,42949
2023-01-03 18:31:00,244.1530011203293,244.26770250731855,243.1189108657302,243.6456742598557,22155
2023-01-03 18:32:00,245.60981674456715,246.307040025486,243.76962352420483,245.33104549630605,33389
2023-01-03 18:33:00,247.72426849010967,247.73125716864465,245.93229070626938,246.00990382093755,57159
2023-01-03 18:34:00,246.49233618370485,246.7494278281952,246.3810112942071,246.45794524080694,34183
2023-01-03 18:35:00,246.90279521459618,247.14910676997556,245.12208727609288,245.5389249433256,32048
2023-01-03 18:36:00,243.20614775129994,244.84451717501426,240.71707785180814,244.61448983365506,33121
2023-01-03 18:37:00,244.42582129364715,245.8958323296188,243.20781014952726,244.85375862763004,28541
2023-01-03 18:38:00,244.4988517188118,245.8001236047566,244.12630461953765,244.98513824019346,37105
2023-01-03 18:39:00,246.26133736559967,247.26017079007886,243.44211455498288,244.55828404956253,22642
2023-01-03 18:40:00,245.5394051677739,245.64849192282037,244.51050311318986,244.6861753392609,38825
2023-01-03 18:41:00,245.20852159993518,246.2854023083773,244.87714739132088,245.8767890979867,59879
2023-01-03 18:42:00,245.95843335018827,248.57723539843315,245.4014273048413,246.41432675961616,29920
2023-01-03 18:43:00,245.9311508095231,246.15287103736262,245.4229953853943,245.59548566101898,56134
2023-01-03 18:44:00,246.56843952573448,246.62526849043036,244.1573236303322,245.5378870159121,41761
2023-01-03 18:45:00,245.5186066847723,245.73481859187382,244.87012625839202,244.9694914981322,52944
2023-01-03 18:46:00,244.34899383081517,246.05653842649082,243.6697637212605,244.70906449315257,32027
2023-01-03 18:47:00,244.6984669012447,245.3246871059969,244.2450800709132,244.42988889181407,97016
2023-01-03 18:48:00,243.9310169335493,245.3335148244796,243.05555792380656,244.10407931064657,73922
2023-01-03 18:49:00,243.2286262802819,243.23777623838552,243.17591247975622,243.20933872542028,22480
2023-01-03 18:50:00,243.74255236838204,244.1914050171073,242.22817106778456,243.1405192272611,38624
2023-01-03 18:51:00,243.86577502574337,244.6852445706022,242.69152055952426,242.75591398346637,70191
2023-01-03 18:52:00,240.55402388429485,241.54968544654835,240.17643660426782,240.6467665922372,91404
2023-01-03 18:53:00,244.5930766003911,244.77066705354088,241.90683482014722,242.15295450769835,50028
2023-01-03 18:54:00,243.0382974106063,243.52498573989857,242.12115042879154,242.96811616878983,97665
2023-01-03 18:55:00,243.97961710866548,244.05886993645046,241.37445850504952,242.71812574566277,54445
2023-01-03 18:56:00,243.31937222811655,243.95605481097596,242.43972137294168,242.7561007316814,82999
2023-01-03 18:57:00,242.02072543463711,242.38813530322201,240.33335348777385,241.92709761947418,96616
2023-01-03 18:58:00,243.64852137389863,243.91607528121384,242.48449899266987,243.1820142718233,46192
2023-01-03 18:59:00,245.12185791142667,246.30446022863524,244.5198613568783,244.5904919326007,70844
2023-01-03 19:00:00,246.12776172844107,246.20914808675815,243.94711379906752,244.7299283700177,19246
2023-01-03 19:01:00,244.97784471406848,246.2005715368004,244.950414432472,245.50586710656268,34386
2023-01-03 19:02:00,245.5168766320662,245.75246608797835,244.73387305941546,245.65951949123678,51111
2023-01-03 19:03:00,246.43004993303734,246.5801334033057,242.22267778151402,244.69894745616799,78006
2023-01-03 19:04:00,243.43871474329305,245.22571225393423,242.52261183805038,244.42109911614384,49260
2023-01-03 19:05:00,244.58105794426143,245.26918560587112,243.313663110068,244.54227916198315,41882
2023-01-03 19:06:00,243.7568214750145,244.81715415395897,242.39506874497565,244.23326498451115,60557
2023-01-03 19:07:00,244.51708450407946,244.80198148928807,243.60740825175117,244.09748109946705,61918
2023-01-03 19:08:00,244.15868609425794,244.24108313326715,243.62536231931705,244.05495964229226,13188
2023-01-03 19:09:00,244.67925141614091,245.91318070388127,242.8046975032282,244.02014874265905,11669
2023-01-03 19:10:00,246.20915041899067,246.78520647287777,243.65608966021924,244.08280713140607,12443
2023-01-03 19:11:00,243.67443523926983,244.97028343076596,243.08600102216047,243.33058902652758,20629
2023-01-03 19:12:00,240.94422322038713,243.2221646683726,240.26921777567352,242.83150619970374,27954
2023-01-03 19:13:00,241.5066121129026,241.95926581126196,241.16420519369757,241.91997675408263,8235
2023-01-03 19:14:00,243.66351548982942,244.9744335856937,240.90658692932826,242.65382809690766,76450
2023-01-03 19:15:00,241.0990125856632,242.74266503194826,240.72033802359212,241.14526360654307,51313
2023-01-03 19:16:00,243.3813201710843,244.4042476259416,241.20407722044527,242.0039266752031,43849
2023-01-03 19:17:00,242.80876891164917,243.9547340159109,242.06341021387274,243.03463306151485,52192
2023-01-03 19:18:00,243.1010994828354,243.345049736126,242.15169970486582,242.83861548059411,95083
2023-01-03 19:19:00,240.9685773347394,242.1527912556255,240.92328756153609,240.96647272319967,12593
2023-01-03 19:20:00,241.08216437291512,241.41683055567822,240.4088525976125,240.72937817544732,41928
2023-01-03 19:21:00,241.02132463417902,241.57783990044615,239.98860299440497,240.70709807355757,28885
2023-01-03 19:22:00,241.37308840090526,241.52139662314914,239.0104439816184,240.00139428885274,55801
2023-01-03 19:23:00,240.22366628892442,240.81803163947268,238.7444166041242,239.6544350296499,10291
2023-01-03 19:24:00,240.83211861437056,240.91478536447815,240.50895561615914,240.7785546707589,45978
2023-01-03 19:25:00,241.87969146327515,241.95282272634554,241.1863198259703,241.282933129527,57470
2023-01-03 19:26:00,241.33049489520442,241.82599364727463,240.30113850898383,240.6378167986896,65107
2023-01-03 19:27:00,239.54062564685063,240.39631443201174,239.1908581145551,239.50855225149695,70668
2023-01-03 19:28:00,239.63206143245387,239.93820255960284,237.58736128365445,239.29753277381644,98219
2023-01-03 19:29:00,239.86079654298644,240.61400759236943,237.63007035277934,239.16822348513662,1844
2023-01-03 19:30:00,240.36945407586856,241.67999462721926,239.40302073097337,239.5481655418945,55929
2023-01-03 19:31:00,240.02153876825227,240.4600991617599,238.94505739564335,239.18741794901018,32869
2023-01-03 19:32:00,242.11423995161212,242.57962629673463,239.06226256186815,239.57836947894356,98052
2023-01-03 19:33:00,241.5172124359821,241.53740259984468,240.70816517512225,240.9931904647161,35411
2023-01-03 19:34:00,243.7430454790269,243.89628508342454,240.68024224618682,241.6068803634408,60677
2023-01-03 19:35:00,241.2611532928283,241.91407930628102,240.94631149347626,241.5961855087646,35031
2023-01-03 19:36:00,241.6851385166681,243.14469942884048,240.6208449475819,241.48759976177365,36702
2023-01-03 19:37:00,239.84258370749984,241.62202636074468,239.6236930623842,241.253352104532,23523
2023-01-03 19:38:00,241.64116280794786,243.40099667413511,241.06220937300202,242.13197817302498,99519
2023-01-03 19:39:00,242.57154761557626,242.7134518646734,241.5065654247716,241.7005134340341,5776
2023-01-03 19:40:00,241.15178721575614,242.48315633168474,240.40012580306666,241.75747454133003,62001
2023-01-03 19:41:00,241.49895437928117,242.53642763021887,239.8022583852958,241.8187827151659,19724
2023-01-03 19:42:00,241.38552612076012,241.4826368341264,241.1919161218629,241.47894206536324,57858
2023-01-03 19:43:00,240.93435421372567,241.2118602719435,239.9398928326818,240.50882537399715,15100
2023-01-03 19:44:00,239.1097088688004,241.0522171421194,238.6751878405852,240.76591091200706,43467
2023-01-03 19:45:00,240.6386649889506,241.32326367731866,240.33849436930194,240.74592447253923,52242
2023-01-03 19:46:00,241.2659405508171,241.65249834433817,240.95178553221848,241.13129162780575,61722
2023-01-03 19:47:00,239.71267208528144,241.0483701648367,238.94543498114982,240.76940156365453,80468
2023-01-03 19:48:00,242.76738352728736,242.79590343439477,241.12756207160697,241.675287744405,22718
2023-01-03 19:49:00,242.2612976497817,242.61674494811672,240.46329148865746,241.0637716055961,47014
2023-01-03 19:50:00,228.36326643828946,230.34929136055294,226.53231199302815,229.6210771421548,20640
2023-01-03 19:51:00,231.00566903368997,231.24139227796653,229.2889317315854,229.94353636146718,61312
2023-01-03 19:52:00,230.0611135246953,230.56348934069592,229.79338420396002,230.29449735240806,20560
2023-01-03 19:53:00,229.73501465894466,229.99995398888495,228.76291212250607,229.7678895569135,7380
2023-01-03 19:54:00,229.06949959673454,230.6528182844844,228.6133117535961,230.08340264419843,48756
2023-01-03 19:55:00,231.79783489800684,232.16302089853767,230.55906235589387,230.98959901231842,95365
2023-01-03 19:56:00,229.93819226381265,231.47841932525776,228.6447578314673,229.47651168786362,30579
2023-01-03 19:57:00,229.25082545035391,231.05837159376765,229.03311134923396,229.84556371310893,96736
2023-01-03 19:58:00,227.10597148414644,228.51884452394324,226.57471345674648,228.14934655791558,86265
2023-01-03 19:59:00,227.18313063253063,227.7522385569188,226.8001158141651,227.51121411081797,29537
2023-01-03 20:00:00,229.00085375240073,229.80102165414547,226.60937714557954,228.6459260852304,90661
2023-01-03 20:01:00,227.7073560671458,228.77848906491568,227.62302733319729,228.26972440242488,6655
2023-01-03 20:02:00,227.90328864965437,228.49184800271755,226.76309441682005,227.48866760699363,60451
2023-01-03 20:03:00,228.26982672397224,229.01652667450833,226.38717520499108,227.37633070304668,68984
2023-01-03 20:04:00,228.4918654343939,229.35886313758115,226.85365874804327,228.80964720234456,80721
2023-01-03 20:05:00,228.44294102444348,229.149112361594,226.198499109921,227.57520846075477,18211
2023-01-03 20:06:00,226.7262555869407,228.31673614883292,226.38144797062384,226.8802097647063,23280
2023-01-03 20:07:00,227.97178644841173,228.7311574806584,226.89202644978602,227.92211062884712,34971
2023-01-03 20:08:00,229.84412649496247,229.94695612732903,228.19978867982417,229.21513715708787,7798
2023-01-03 20:09:00,230.0088209051337,231.11213085306116,228.27743055106308,229.1669346640175,18228
2023-01-03 20:10:00,228.12358129644002,228.71713571469692,227.18996842338078,228.33800162830832,36739
2023-01-03 20:11:00,230.2321002647977,230.5389093265323,229.37481521088216,229.79651757925748,49720
2023-01-03 20:12:00,228.668902783277,231.2890641027396,227.3595830746639,230.91868915832953,95845
2023-01-03 20:13:00,232.3769299178881,232.98809243104978,230.94764721860042,231.4121256725115,71280
2023-01-03 20:14:00,231.53228762578843,231.66067293427201,230.12800988471838,230.8712676216719,41503
2023-01-03 20:15:00,229.59188891883608,230.87096864655578,229.5777992263005,230.86039635022428,15548
2023-01-03 20:16:00,230.77496914226856,230.84255795182094,230.32219154914756,230.772420014253,70066
2023-01-03 20:17:00,230.49639855878004,233.24964795165522,229.72608257634914,231.02455132494742,38853
2023-01-03 20:18:00,231.41225332403863,232.14760782538832,230.79604385324234,232.05330464872836,75531
2023-01-03 20:19:00,233.6793559722191,234.0602427599378,231.48062125632228,232.68872487087424,25703
2023-01-03 20:20:00,231.94559001856376,232.4645163442624,229.51754266456845,231.9599139466814,26527
2023-01-03 20:21:00,233.1685783279335,233.30399637296685,232.0509669933867,232.94098593235938,97966
2023-01-03 20:22:00,234.58538503181967,234.73261458938427,232.26162378392814,233.18310395921793,66555
2023-01-03 20:23:00,233.96535219873817,234.55442092382503,233.488894763548,233.68705867432163,61982
2023-01-03 20:24:00,234.93292146635346,235.35707651035963,234.12276226367084,234.73856223968065,51933
2023-01-03 20:25:00,233.43990873392838,233.9880884736099,233.0887277682155,233.9792438471501,62178
2023-01-03 20:26:00,233.22037823236977,235.08062652458645,232.21554691706672,233.97749444608644,61475
2023-01-03 20:27:00,233.4418493610217,233.83957683105874,233.13985083050824,233.62784698251406,46730
2023-01-03 20:28:00,232.3277624686807,232.9621425714924,230.49300603458454,232.5523229014542,24241
2023-01-03 20:29:00,233.66308976639064,235.31826789121217,231.9983453036126,232.81746276573978,73832
2023-01-03 20:30:00,234.54458086288255,234.70509369752708,233.84184451170205,234.59494718381404,82869
2023-01-03 20:31:00,234.18426356347237,234.6801644863227,232.73378738097776,233.32338785467311,42516
2023-01-03 20:32:00,233.27552924680842,233.79218366361332,233.2647277616247,233.32412472886233,19628
2023-01-03 20:33:00,234.24495165317256,234.62532645936557,233.59662430011596,233.79581950036797,20367
2023-01-03 20:34:00,233.1366704117312,234.99086453727972,231.6999538256442,233.90552458937455,12755
2023-01-03 20:35:00,233.72414579445842,234.09331006043263,233.4139137389441,233.84953131242509,54751
2023-01-03 20:36:00,235.0617093389619,235.70397166450033,232.16780955186778,232.96145285256063,88286
2023-01-03 20:37:00,232.81152333949893,233.1687175839789,232.3791496130756,233.14744001136634,14025
2023-01-03 20:38:00,233.82924355623985,234.07272200275852,231.9440078207197,232.64144200356523,5887
2023-01-03 20:39:00,231.28522578612802,231.74590637532705,230.1418340919025,231.13630651780224,61675
2023-01-03 20:40:00,231.96002515413954,232.50490686165344,231.28636826653485,231.98776104938736,80194
2023-01-03 20:41:00,233.59379560675228,234.6816173271887,230.24988608266,232.6779611671922,50348
2023-01-03 20:42:00,232.440299759788,233.57567387945645,232.3950229158599,232.73729007560573,71762
2023-01-03 20:43:00,231.70089526230484,233.39957461002973,231.65360810822844,232.92050647108704,70524
2023-01-03 20:44:00,233.6496256505518,234.1740121627474,233.60194416825814,233.69449060863232,55884
2023-01-03 20:45:00,233.87111813666488,235.29554270478363,232.7629382410005,233.8751408831354,22663
2023-01-03 20:46:00,234.4790799661922,234.70269013203523,234.4102171630535,234.53281009616558,85389
2023-01-03 20:47:00,234.81232128706802,234.82247356323583,234.17742203002655,234.3469553676016,19014
2023-01-03 20:48:00,234.40285521233284,235.31203195057796,233.32567155999925,235.29276824701816,15239
2023-01-03 20:49:00,236.11500011667562,236.7050691566274,234.95715279766821,235.54273320824936,37046
2023-01-03 20:50:00,234.881100086966,238.36189860269567,233.53536545794836,235.7034100571141,19422
2023-01-03 20:51:00,233.98451654262854,235.33497488434665,233.34374488433926,234.82890720934896,22816
2023-01-03 20:52:00,235.0800087835218,235.25898210022544,234.9896622214824,235.0545466891189,28055
2023-01-03 20:53:00,234.66937963144653,235.21617140337852,233.40118110655365,234.4913877857955,55173
2023-01-03 20:54:00,233.13515059068067,235.96078687580626,230.5918535415945,234.06582151754398,7470
2023-01-03 20:55:00,233.13732276635108,234.25194678340307,231.94096557180006,233.51667340083415,89997
2023-01-03 20:56:00,232.6342816162414,233.1025959228626,231.95475835017692,232.79307416509164,46534
2023-01-03 20:57:00,234.66070654563714,234.9526291053643,233.6899246152626,234.30024967292732,71297
2023-01-03 20:58:00,234.8077974048634,237.45215435151198,234.54508640569088,235.2594789217642,22603
2023-01-03 20:59:00,238.49383541243768,239.17208228881105,236.1323351972986,236.63835884333463,61522
2023-01-03 21:00:00,235.89573380930005,236.61867898225353,234.96345183044986,235.793871067823,57153
2023-01-03 21:01:00,235.95312505934143,236.11477893049732,235.62625778854698,235.86785404748852,22996
2023-01-03 21:02:00,234.80871364476678,236.68539749791188,233.8945747177752,234.9761502296404,40978
2023-01-03 21:03:00,234.24468513933522,236.42799081510677,232.73131452702168,234.50923273272863,99878
2023-01-03 21:04:00,232.99828242601617,236.150617168483,232.0504681076701,233.8867558927052,76449
2023-01-03 21:05:00,234.90614717906658,234.93939259673783,233.33333397241609,234.77991141406378,42978
2023-01-03 21:06:00,234.55730440432137,234.63688154336307,234.4786755606382,234.52430909903214,41564
2023-01-03 21:07:00,235.5292877881872,235.53246106633603,234.7235877451643,235.29944430521286,30999
2023-01-03 21:08:00,235.90085379656446,236.26366596725484,235.55256796702398,235.74942217848343,32748
2023-01-03 21:09:00,236.99643945171036,238.64636797557904,236.5317493308385,237.40224163485126,62402
2023-01-03 21:10:00,236.21752993030796,237.63515533806552,234.75700630563549,236.37231173417345,33331
2023-01-03 21:11:00,236.94830344056302,237.69870732426995,236.91736577515545,237.28889258104962,45380
2023-01-03 21:12:00,238.44160568203569,238.5861579933594,237.06823286580413,238.12873452394885,58743
2023-01-03 21:13:00,238.1858762413961,238.362049278136,237.39113012338598,237.45717898466594,54842
2023-01-03 21:14:00,239.84054891393515,241.27825328510855,236.03459181629987,238.19837782538542,65618
2023-01-03 21:15:00,238.14014753843526,238.96204444847717,236.8555524292351,238.462405217889,91228
2023-01-03 21:16:00,238.29225106051084,239.05429586007511,237.2406193051736,238.3235178501754,8986
2023-01-03 21:17:00,239.10331958161063,239.11083973231175,236.81235478135545,237.75826059075013,79682
2023-01-03 21:18:00,237.13876628767818,238.95532598923958,236.4393242640995,237.26911377975642,43810
2023-01-03 21:19:00,240.07811057536276,240.84372720761203,237.36863732795058,238.75191198928084,87888
2023-01-03 21:20:00,240.28961288127354,241.77167351527706,238.23111564805055,238.77627625347466,61044
2023-01-03 21:21:00,240.2191698050983,240.2804773881765,237.73864632592708,239.36041614903542,77509
2023-01-03 21:22:00,239.25597060311392,239.36454368453502,238.73402632944848,238.81642217526644,53633
2023-01-03 21:23:00,238.97218970765508,238.974648555159,237.3075055899096,238.2815787461655,19501
2023-01-03 21:24:00,238.7134878736454,239.340312616141,237.81769226255136,239.07885804962248,21866
2023-01-03 21:25:00,237.49323083624103,238.3334224918989,237.2771835411396,238.13480051690144,19390
2023-01-03 21:26:00,236.40216426519683,237.87625201452374,234.90617495560525,237.86198345357712,42256
2023-01-03 21:27:00,238.69058425353575,239.0734586720751,237.74812404112262,237.91005113439078,40528
2023-01-03 21:28:00,239.29591065210295,239.79513847957406,237.58263767343064,238.01333212370042,28712
2023-01-03 21:29:00,236.4563788680275,238.7734728776591,236.455196572576,237.90925368832976,6694
2023-01-03 21:30:00,237.54584799378682,239.0418101030871,236.01949903403536,238.2155521798454,56214
2023-01-03 21:31:00,238.43173943798027,240.62588831111643,237.75684008316185,238.73452078442276,85999
2023-01-03 21:32:00,239.89626809102907,240.229738668457,237.56385438775467,239.28454426359764,22662
2023-01-03 21:33:00,238.38937649691397,239.42734122410258,238.20201788812054,238.6008098727528,1010
2023-01-03 21:34:00,238.40865911975737,238.75947963815688,237.7076820315391,238.4212710442542,38648
2023-01-03 21:35:00,239.03008740118054,240.724085249447,238.41599071345843,239.29968381173413,28515
2023-01-03 21:36:00,239.94652017314073,241.1920611333612,239.25636177545402,239.96588014744373,77382
2023-01-03 21:37:00,239.1403625017494,239.25395533355396,237.3429287674159,239.0015584556783,48258
2023-01-03 21:38:00,238.8000998568249,239.6836809300332,238.52038833243014,239.27747134337392,61530
2023-01-03 21:39:00,236.47626485270536,239.02430417529683,236.20878251942528,237.8813648842542,29026
2023-01-03 21:40:00,237.5022248388655,238.70826577414581,237.4124439516012,237.9386478364311,17982
2023-01-03 21:41:00,238.6698805571568,240.13608950892782,237.17635258181764,239.3170980548341,18207
2023-01-03 21:42:00,239.35744971817354,240.24495436482266,237.7678874124474,238.6604889615472,58028
2023-01-03 21:43:00,236.77001158678976,238.43047482913525,235.9621419131812,238.08699517247663,38985
2023-01-03 21:44:00,239.47477093328675,240.46483747846636,237.26839620566864,238.6565205367448,40854
2023-01-03 21:45:00,237.63131899916115,238.9376752109243,237.54640457895002,237.57578726430222,78842
2023-01-03 21:46:00,237.90237483829236,238.4674973251173,234.50632198216556,237.1485630199175,66848
2023-01-03 21:47:00,238.64753657429122,238.9838893885044,237.1502324194585,237.59661335232994,73207
2023-01-03 21:48:00,238.64867106848712,238.67983326235645,236.5312689371578,237.16826050574022,24084
2023-01-03 21:49:00,238.17283784452073,238.36994885549726,235.26559494276228,237.02408355759562,36260
2023-01-03 21:50:00,236.50920224028354,238.18193993680737,235.58372569670547,237.57695577390362,43905
2023-01-03 21:51:00,238.11709670820088,238.6339826663882,237.77354521396202,237.90116237521607,17614
2023-01-03 21:52:00,239.46277757595215,240.0405980585531,237.7660290594793,238.11538171131892,53892
2023-01-03 21:53:00,237.608411502059,238.81335107748777,237.42183288567495,237.89694255656445,11864
2023-01-03 21:54:00,237.37613829925434,239.5464983985652,236.38264032212527,238.1848414744648,49114
2023-01-03 21:55:00,236.77725619988243,238.3403391533245,236.56704868640364,238.12024621222793,16224
2023-01-03 21:56:00,237.77272739097452,238.7718025077264,236.93901901692422,238.47109659050776,48462
2023-01-03 21:57:00,239.18167447773567,240.485472756687,237.57518093823487,238.13943192528433,1043
2023-01-03 21:58:00,238.56572352927958,240.6546435890483,238.00655106803825,238.03281525293906,41300
2023-01-03 21:59:00,234.9951674850316,237.61144750250935,234.92358517711344,237.34969121343613,25476
2023-01-03 22:00:00,237.12028665294753,237.64151296406897,235.78426321477755,237.34849904628217,28500
2023-01-03 22:01:00,236.1138570687023,238.12696915558166,236.07276232325626,236.79476438306418,94805
2023-01-03 22:02:00,237.26581990540373,237.31184819020103,235.58129181069307,236.02704275946877,57430
2023-01-03 22:03:00,234.76869055293082,236.89699260176357,234.1627661238474,236.23379854115993,20841
2023-01-03 22:04:00,236.31636007630956,237.0735079443849,234.8207615129955,236.40819089706898,61293
2023-01-03 22:05:00,236.90349647659286,237.1502792544597,236.71368742512914,236.98706500629876,39152
2023-01-03 22:06:00,236.23300401340472,237.62763547959588,236.14449956816506,236.70425016265108,97467
2023-01-03 22:07:00,237.4767051113247,238.40921766116173,236.6424810429771,237.017684117079,6615
2023-01-03 22:08:00,236.4725777661203,237.8555857135979,234.99363355151553,237.43303218048356,94497
2023-01-03 22:09:00,239.2494982799346,239.732696315339,236.4075607335324,237.7735874651854,99049
2023-01-03 22:10:00,237.21388756482946,237.28944182812245,237.00715525735066,237.20840890944078,88426
2023-01-03 22:11:00,237.1313593101619,237.48831463582084,237.10061366360054,237.3384205722679,27870
2023-01-03 22:12:00,236.83689274059458,240.3611394641839,235.90479092099085,237.6214278625221,53790
2023-01-03 22:13:00,237.6950127858898,239.3130777564829,236.96162301068736,237.65030727797793,46876
2023-01-03 22:14:00,234.66963053591428,237.12704670700583,234.3458815322437,236.18651613878416,45327
2023-01-03 22:15:00,235.81445702598603,238.290049476209,233.73179461483093,236.32385124588617,44302
2023-01-03 22:16:00,238.28787718598767,238.30254986278393,237.3674370417859,237.91610519970502,91282
2023-01-03 22:17:00,237.9113225825803,238.70451716368,237.07036907163945,237.68291938860014,30836
2023-01-03 22:18:00,237.51389172388733,238.35214712060252,235.1045783987146,237.18753321006432,10831
2023-01-03 22:19:00,237.45161078195633,238.2923282813177,235.64074290387128,237.47691283510176,34384
2023-01-03 22:20:00,238.10625067726912,238.1807856232401,237.6841791961167,237.72320836556094,99543
2023-01-03 22:21:00,237.3663325171532,239.55028364806387,236.7656138226126,238.59760317715714,40222
2023-01-03 22:22:00,238.20370586145813,239.0534412036409,235.6016703200905,237.72108995613667,95605
2023-01-03 22:23:00,239.90402808843186,240.1364047976494,238.1778125276126,238.26645559757586,43816
2023-01-03 22:24:00,236.28174067282347,238.79281717950445,235.76191038503427,238.7123155586586,42882
2023-01-03 22:25:00,239.10387401737188,240.05857447113823,238.5969950189599,238.63439040326926,55039
2023-01-03 22:26:00,239.28971931105102,239.30960553705356,238.64447511855462,238.9007211672583,64346
2023-01-03 22:27:00,240.2789957435569,240.7434126031062,238.62484001927717,239.66242564366962,52056
2023-01-03 22:28:00,240.07905559215536,240.56288742043358,239.88847196796652,240.31357554594567,18196
2023-01-03 22:29:00,239.76998486822964,240.0472872357272,239.4113575635101,239.51355773009274,5999
2023-01-03 22:30:00,239.32440872882688,240.63530410958913,238.43461102727187,240.12682610149957,25026
2023-01-03 22:31:00,241.03637980090957,242.03072074685284,240.0811657365051,240.10423837587555,2730
2023-01-03 22:32:00,239.34760834993637,241.53070304395237,238.1451877920082,240.1807409391172,59175
2023-01-03 22:33:00,239.9739093704501,240.3806822859705,239.81624434569605,240.257500535811,69960
2023-01-03 22:34:00,241.26848905886504,242.19943164779178,239.33707986308238,240.1732352709795,63834
2023-01-03 22:35:00,241.60491966951986,242.05774303812277,240.01300773615594,241.05590132973725,39830
2023-01-03 22:36:00,241.83164349843346,242.06977455773196,240.18048843154205,241.0194647950634,96252
2023-01-03 22:37:00,238.80224036131125,240.62705708223137,238.4666670478811,240.23406951551402,97762
2023-01-03 22:38:00,240.88849824309085,241.31969281720316,238.88555214860693,239.97447508613917,68743
2023-01-03 22:39:00,239.57387984907083,241.78416298261976,238.81813295179225,240.12711904624953,79567
2023-01-03 22:40:00,241.62404973715098,243.4918471613596,240.23025101433842,241.03663517268112,29008
2023-01-03 22:41:00,241.56125404932672,241.6744355240723,240.52604157569024,241.49684257685016,96020
2023-01-03 22:42:00,239.89088800928766,241.51973959246087,238.53374081023745,240.90478750815493,69904
2023-01-03 22:43:00,242.10214421479495,242.9697954683067,241.8891978241593,242.72496043329056,88391
2023-01-03 22:44:00,241.20836832356926,243.58628051210994,240.75587523873946,242.94203565997643,68763
2023-01-03 22:45:00,243.6117694076432,244.04166736357664,243.2259468435416,243.89586792999648,49522
2023-01-03 22:46:00,243.5948988542069,243.85138535338137,242.7706575952672,243.80924994642498,66124
2023-01-03 22:47:00,245.32563137623188,245.32973334345547,243.862048716454,244.2237446236305,31322
2023-01-03 22:48:00,246.93815358348303,247.73500686574312,243.98672076937586,244.8632214230941,13817
2023-01-03 22:49:00,247.15373423958934,247.50314659736108,244.66211949612133,245.7825809895586,47474
2023-01-03 22:50:00,246.38350762563664,246.71480132659093,245.40101775712682,246.5868073811148,48130
2023-01-03 22:51:00,248.50729248795946,248.7160666020827,246.71946816768568,247.25668288281906,14226
2023-01-03 22:52:00,246.41550401846962,249.0142169926025,246.20086329639028,247.047686651181,32157
2023-01-03 22:53:00,247.19402260170529,247.37346967991033,244.8124425179226,246.6486458087945,87300
2023-01-03 22:54:00,246.9336375867768,248.70119378035457,245.77280707713032,246.91942224939726,84740
2023-01-03 22:55:00,248.29070629951693,248.42552478627286,246.70558920104205,247.63533652514366,1188
2023-01-03 22:56:00,247.06153422706916,249.6531777644306,246.84917948081983,247.49463951173237,96933
2023-01-03 22:57:00,248.4921899539602,249.1341528338277,246.87972964774133,248.31026203070098,10414
2023-01-03 22:58:00,249.11949063145994,249.67259254839652,247.57997668677947,249.41719199100962,7746
2023-01-03 22:59:00,249.2624531560443,249.26537744825225,248.31873212218923,248.75649513841498,15331
2023-01-03 23:00:00,249.16905896304607,249.91231407897,246.6967741090902,248.1568024049734,77790
2023-01-03 23:01:00,248.01017160879616,249.1614571634416,247.29680454742973,248.07711300794782,76753
2023-01-03 23:02:00,248.0659012985065,248.4697311425264,247.55763961691724,248.33085570719575,82119
2023-01-03 23:03:00,247.34494161297178,248.52614658155244,246.66142684361193,247.96489026655286,38380
2023-01-03 23:04:00,248.48017224376824,250.44954963821638,248.0000184607242,248.9955831222298,35318
2023-01-03 23:05:00,248.88910999360814,249.74663593591768,248.60554665022582,249.3372550069418,16800
2023-01-03 23:06:00,249.3918316650165,250.77297780045367,248.99770166075828,249.39169558862193,96748
2023-01-03 23:07:00,247.48471615076423,249.04587949438817,245.58573679009666,248.34232302557254,28492
2023-01-03 23:08:00,247.99915237831883,248.1838086780426,246.21601724208577,247.3868389882989,99128
2023-01-03 23:09:00,247.69695422170108,247.80148319385896,246.6037642622664,247.62013164265878,6233
2023-01-03 23:10:00,246.08958524505744,246.7045198371782,246.05395802257576,246.060672826756,23019
2023-01-03 23:11:00,245.1770828447348,247.82084935880573,244.94750429544413,246.83278962107832,12447
2023-01-03 23:12:00,245.7076741373496,247.12220314000513,245.24835930264857,246.74036023625328,80572
2023-01-03 23:13:00,248.6083136814958,249.4048443480572,248.33559033953006,249.1656400550693,11998
2023-01-03 23:14:00,250.4339563932058,251.2638823618336,250.34694937868517,250.9157169084096,33801
2023-01-03 23:15:00,249.18713984017185,251.2057455413978,247.9048711423073,250.80422321022263,25871
2023-01-03 23:16:00,250.48752675429822,250.92273169631758,249.86711261548132,250.74929432458856,28076
2023-01-03 23:17:00,251.40397034645642,251.99794722443679,250.58987786975956,251.52329334025688,94688
2023-01-03 23:18:00,254.6785251470126,256.82556196182105,252.12302934707068,252.83360842151146,2429
2023-01-03 23:19:00,251.67818145539832,252.757258342184,251.12557668916764,251.61644539048112,11381
2023-01-03 23:20:00,250.55483259792632,250.81020264293446,249.9402486624476,250.29316270084422,2987
2023-01-03 23:21:00,250.01031600184962,250.1424558617379,249.38091332420333,249.85111884073768,95855
2023-01-03 23:22:00,250.28595181467344,250.877626322521,249.9725456785951,250.31289686406137,89191
2023-01-03 23:23:00,250.66555895484663,250.87501552800416,250.6459672260413,250.7110497571934,20266
2023-01-03 23:24:00,250.31236978877155,251.90902334311318,249.63998512338142,251.54073143560697,60053
2023-01-03 23:25:00,249.5651437962706,253.01732232699783,249.0154059243125,250.66056712739103,78425
2023-01-03 23:26:00,249.17968177709722,250.89738549147845,247.67250638017862,248.94393538138257,49477
2023-01-03 23:27:00,248.86728570065262,250.4044819281136,248.5832993141737,249.60962206609554,2547
2023-01-03 23:28:00,248.66668782954,249.27230927101425,248.14484854134935,249.01440575222796,50614
2023-01-03 23:29:00,246.51994211713162,247.82754762147613,246.14897206392803,247.5314095245967,56859
2023-01-03 23:30:00,248.98609032813008,249.49427240147568,247.5492185356299,247.6638861660739,55457
2023-01-03 23:31:00,246.07254372352506,250.11820784038858,245.95784997595504,248.27797547476058,99817
2023-01-03 23:32:00,248.68922422407923,249.14435537828712,248.12217149048377,248.21189097934206,80086
2023-01-03 23:33:00,247.19478137661025,249.7799035809624,246.66721759919218,247.8957819272914,6174
2023-01-03 23:34:00,246.8963352865832,247.9645140211094,246.8952747461368,247.8020558300417,21187
2023-01-03 23:35:00,248.30216186843884,248.64656237096676,246.01352923331018,247.55134252449045,62031
2023-01-03 23:36:00,248.0799042729374,249.10389575834458,245.98645858278363,246.57496504170174,4938
2023-01-03 23:37:00,245.4939866115451,246.9245810294117,245.33689663726003,246.07095544937124,61833
2023-01-03 23:38:00,245.5773485374975,246.60277325540372,243.5502565248325,246.4803780777661,2471
2023-01-03 23:39:00,246.6129735686467,247.07898546321874,245.8790145763002,246.74288846106782,58155
2023-01-03 23:40:00,246.59063627322672,249.30483197830887,244.15106729867492,246.89196543578927,17721
2023-01-03 23:41:00,245.90639778625257,246.5616389002863,245.43335607403014,246.17957213857719,73587
2023-01-03 23:42:00,247.00354532379052,247.1541584755321,245.8204753484063,246.07014298340198,65305
2023-01-03 23:43:00,244.5991030446,245.14845512254476,244.42069379658238,244.48761787591323,8444
2023-01-03 23:44:00,244.63475763944464,245.40024437525534,244.12801646994743,244.64297264090018,94193
2023-01-03 23:45:00,245.79373654064605,246.17745997249992,245.60549358777553,245.71611692952538,96335
2023-01-03 23:46:00,245.26263028116102,245.4566186502101,244.60876357362352,244.65403447123904,68928
2023-01-03 23:47:00,245.58323483730305,245.79851982711125,243.22132728472292,244.24845116712956,16729
2023-01-03 23:48:00,244.72163256796736,245.12203256709375,242.4565783862879,244.51402747515192,34744
2023-01-03 23:49:00,245.3761776702563,245.81841487084995,243.63232593076847,245.4574916729088,55130
2023-01-03 23:50:00,245.33790999921482,245.35218625153476,244.2714751616832,245.15197715200682,96245
2023-01-03 23:51:00,245.8764941827126,246.45554504928867,244.543573950995,244.66737273901103,37836
2023-01-03 23:52:00,243.55846123499472,244.42810970721465,240.9347909036901,243.246645719145,76431
2023-01-03 23:53:00,244.88820087957487,244.92243627504047,242.93171236125482,243.3464533176979,18255
2023-01-03 23:54:00,244.4341931529521,246.3155145949551,244.42094864899934,244.86158384835176,69945
2023-01-03 23:55:00,245.42853720322395,245.79923779975877,244.7862607485165,245.08981330360785,13744
2023-01-03 23:56:00,245.1434398741426,245.17678635697388,245.04903598905108,245.097941232392,68085
2023-01-03 23:57:00,245.75658950208447,245.9176792575419,243.95730467170887,245.35927616034434,81621
2023-01-03 23:58:00,246.36767752134,246.62169925810105,244.43479197837377,245.37564750978038,45467
2023-01-03 23:59:00,244.6496105627579,245.03115517061283,242.61691667076622,244.8017032904471,21845
2023-01-04 00:00:00,247.09255092296777,247.15787868825356,245.95276343051253,247.09306940455627,81272
2023-01-04 00:01:00,247.5949721978953,248.09443356486855,247.0147991127979,247.1308350489442,36389
2023-01-04 00:02:00,246.06831268295215,246.89461415524454,246.06255475235187,246.43241907005014,3529
2023-01-04 00:03:00,245.02062442371778,249.36116280810432,244.9721060403027,247.42074215078821,44117
2023-01-04 00:04:00,248.39348949443084,248.91580614271652,247.76876739306184,247.93886796468325,57314
2023-01-04 00:05:00,247.51249676914026,248.36551195467345,246.8550227521997,247.55239015200692,27932
2023-01-04 00:06:00,249.01349097666454,250.10141295510383,248.11888507975368,248.32115780215005,9351
2023-01-04 00:07:00,248.18790577933552,249.6829942513081,247.18949811357044,247.97531781790107,77536
2023-01-04 00:08:00,247.76620482561464,247.8430997911704,246.9084814776214,247.41836265591246,43959
2023-01-04 00:09:00,246.95785416247378,248.28914728758394,246.2116948358437,246.87921098788337,23949
2023-01-04 00:10:00,246.69650777117337,247.01322993792428,244.81029866112698,245.59217888800663,28569
2023-01-04 00:11:00,246.1338168820655,246.17506832383992,245.75038768141738,245.96415946783029,57108
2023-01-04 00:12:00,243.67366603489424,245.5362085988225,241.81483167422405,244.63756785118412,20318
2023-01-04 00:13:00,243.7798789654387,244.9255578586467,242.85403790137153,243.7604610746013,19695
2023-01-04 00:14:00,243.2659568053345,243.7006726922492,241.8816209472752,242.26699825042706,81704
2023-01-04 00:15:00,243.20903084204676,243.6392436780286,242.16605579658273,242.22866941191373,38096
2023-01-04 00:16:00,242.0637412828946,243.60125676900049,241.3114639233763,242.1436565036238,87248
2023-01-04 00:17:00,240.76624076540915,242.20303098565938,240.60206467007777,241.93054862239364,86036
2023-01-04 00:18:00,239.2970896857481,241.95705027606692,238.33878288190132,241.1980474962965,4747
2023-01-04 00:19:00,239.86640981144683,240.73338790388442,239.73568188218343,240.37394582343163,65400
2023-01-04 00:20:00,240.2791647919931,241.5504921552263,239.74787547567632,240.73285046728049,89744
2023-01-04 00:21:00,240.321861956821,241.21275569000974,240.00587441083815,240.35931594477586,5430
2023-01-04 00:22:00,241.876105152984,243.15556857237183,239.62395453939786,240.6114708856439,85371
2023-01-04 00:23:00,240.45798924211803,240.50520299746736,239.46762861118725,239.99652906732865,29927
2023-01-04 00:24:00,239.86095424240222,240.22681829160484,239.06259632742308,240.15089200966082,61411
2023-01-04 00:25:00,241.40338279103003,241.4464014320254,240.85992162511067,241.11385724845593,9963
2023-01-04 00:26:00,242.45035985241734,242.96133914066132,240.59424489605556,241.5619667255403,87961
2023-01-04 00:27:00,242.7318719505495,243.47771720706808,240.73687221594557,241.28725244311335,84031
2023-01-04 00:28:00,241.47013395402712,242.1183136204168,241.0120880466323,241.4975576670228,45271
2023-01-04 00:29:00,241.09200102687333,242.4305814634296,240.4481028813789,241.34734726719583,79134
2023-01-04 00:30:00,242.38503512128153,242.8932746118366,239.58706329648857,241.37718758693867,10786
2023-01-04 00:31:00,242.16498127210906,242.59771776429764,238.0236634383122,241.1655400656529,77457
2023-01-04 00:32:00,241.44178929707135,242.054220314936,240.93688505238626,241.070760653622,43241
2023-01-04 00:33:00,239.18613049868878,242.63990444154084,239.15454231956127,241.24825624755286,96789
2023-01-04 00:34:00,240.41753390225978,241.1507787433808,237.61653965556246,240.55344291087016,86505
2023-01-04 00:35:00,239.6601428367929,240.606004645733,239.28299361686,239.84437880692315,90521
2023-01-04 00:36:00,237.9913728808946,239.34720195506836,237.97783274296702,238.86926086599195,48232
2023-01-04 00:37:00,239.6654825730544,240.1405623377475,237.70439878652832,237.74638106432454,12020
2023-01-04 00:38:00,236.97417481470018,237.92877524641654,235.95068055404238,236.901942038008,36141
2023-01-04 00:39:00,236.7190680470361,237.07415016517928,235.94615067341462,237.03896316484423,30461
2023-01-04 00:40:00,236.7947018267686,237.00375038708646,234.55329766125294,236.42779078016457,15352
2023-01-04 00:41:00,236.78806844322534,237.72428403130732,235.68382590233057,236.81573175851528,56994
2023-01-04 00:42:00,235.80648157261155,237.03491800317911,234.56224937592563,236.86407561712988,16344
2023-01-04 00:43:00,235.5558502504035,235.87843790210698,235.4236649914644,235.4889582320983,55250
2023-01-04 00:44:00,235.76975271610112,236.07535641035577,235.63551619390014,235.975225681909,79661
2023-01-04 00:45:00,237.15449647895244,237.38380288881427,236.2567570892867,236.57280838460545,20202
2023-01-04 00:46:00,235.87024072065583,236.26011413116638,235.55250232529988,235.89110301304098,43232
2023-01-04 00:47:00,235.19543952567625,236.28969060029505,234.98151921957793,236.212050462933,67245
2023-01-04 00:48:00,235.56899388791217,235.9449030446164,235.52974998203536,235.62872605335036,7992
2023-01-04 00:49:00,235.27634587517818,235.8171413797489,234.79111947705204,235.7213307652948,27354
2023-01-04 00:50:00,234.83762811936913,235.4197282675939,234.3317820688263,234.85069515665725,79769
2023-01-04 00:51:00,233.74618387732988,233.92326909142994,233.41226218241187,233.61084333557002,5590
2023-01-04 00:52:00,233.39768709289086,233.8102732057309,233.0302377655179,233.36591368037705,95242
2023-01-04 00:53:00,231.8536535028366,234.86893061002385,231.34856683080451,233.30262791595666,14718
2023-01-04 00:54:00,233.18288725033227,233.35659813021937,233.0036686340439,233.04761902598096,89007
2023-01-04 00:55:00,232.8445921253438,232.996744478066,231.36439409017504,232.24311728054025,14105
2023-01-04 00:56:00,230.1509221576167,233.01264979699016,229.6080951604245,231.9877201779076,6081
2023-01-04 00:57:00,232.82175560914217,233.78448309518146,230.68136661642623,232.1983381770466,93254
2023-01-04 00:58:00,232.392126636645,233.44575415933184,230.851511740882,232.19028574989375,60967
2023-01-04 00:59:00,232.5431199662432,232.73078450260536,231.98434901225824,232.34062967780218,21384
2023-01-04 01:00:00,231.76078375926627,232.49553239703604,231.63051135360493,231.89677877787935,71081
2023-01-04 01:01:00,234.00977265149518,234.18395702348118,231.20107532236435,232.73512128593416,6339
2023-01-04 01:02:00,231.99355833320186,232.38113230879236,231.35860025890733,231.93718426565368,16353
2023-01-04 01:03:00,232.84718528641363,233.00359331550212,231.98084308557765,232.29962807147828,60487
2023-01-04 01:04:00,233.26588702602137,233.71385106523428,233.11925581587798,233.1465166182322,27376
2023-01-04 01:05:00,234.00827617318046,234.607877052917,232.30691566479896,233.50619740980778,94564
2023-01-04 01:06:00,233.72298045032093,234.21212438435822,231.97827724816787,233.38767604311295,85636
2023-01-04 01:07:00,231.90211961916376,233.06340202189543,231.13616939523286,233.04112075077393,5302
2023-01-04 01:08:00,233.384434344267,234.42697680376014,232.73466562309886,233.78877794503657,2809
2023-01-04 01:09:00,233.8194486536445,234.3852176860317,232.73190717371438,232.814130116361,95453
2023-01-04 01:10:00,232.15730401302562,233.80838513171986,231.98719043871836,232.15983562201745,6830
2023-01-04 01:11:00,232.26388910889807,232.59273507588475,231.3488772603648,231.90616076911923,19381
2023-01-04 01:12:00,231.13140572408375,233.61293893127774,231.02021206984844,232.79040997899438,49637
2023-01-04 01:13:00,233.14289544371016,233.91752513590345,232.96049473057724,233.07890781106445,68666
2023-01-04 01:14:00,232.4233061535464,232.5069312958475,232.25794041327757,232.42532255753144,5412
2023-01-04 01:15:00,232.24600427333237,232.5655753368138,232.21115651509453,232.23219498423867,77420
2023-01-04 01:16:00,232.25952311842696,232.33189119895104,229.7618110928791,231.82742136718778,61520
2023-01-04 01:17:00,232.0456709343665,232.21471235296528,230.93024009036867,231.35695845397154,56665
2023-01-04 01:18:00,232.29652522910598,232.4583727349458,232.0252752877977,232.0595128826071,90668
2023-01-04 01:19:00,230.93669724148947,231.26810581352586,229.43653782456914,231.12774070676448,47775
2023-01-04 01:20:00,232.76198362151672,232.84638367496424,232.09562678182712,232.26635513426967,48733
2023-01-04 01:21:00,232.08844111755178,233.64572973988766,231.54277577026406,232.8666914438426,23707
2023-01-04 01:22:00,235.34647377155414,235.83561029685993,232.58744187111702,233.65205415715616,31478
2023-01-04 01:23:00,233.32948551159294,234.2309998712072,233.11139306577672,233.35091905876624,7745
2023-01-04 01:24:00,233.05632681273426,235.2114006961752,231.5379233826712,233.2692877368678,38970
2023-01-04 01:25:00,233.2405896520096,234.6146017089929,231.50415006322862,232.28968375666255,12882
2023-01-04 01:26:00,232.02166542603806,232.1217951207465,231.77182471860797,231.94729173118856,78300
2023-01-04 01:27:00,232.04803941299406,233.08430424225145,232.01583432163994,232.31399217524407,91101
2023-01-04 01:28:00,232.49248991488233,233.48291176693368,232.0869498332742,233.2405043264415,70979
2023-01-04 01:29:00,232.3946078486159,232.64326451892987,232.00809516794166,232.48912693391577,14583
2023-01-04 01:30:00,232.83873623934727,234.11924264001314,232.12664383706277,232.25744737807256,42290
2023-01-04 01:31:00,233.79592607395847,234.28210756316642,232.1210602937991,232.17525201076586,54857
2023-01-04 01:32:00,230.93357751201597,231.56840409800236,229.74601131932621,231.2262664066481,76672
2023-01-04 01:33:00,230.32941455633681,231.81646241055913,229.87412871432232,231.65959546523138,87759
2023-01-04 01:34:00,230.40628681390447,231.67180568279457,230.1900566962922,231.1796035026612,21342
2023-01-04 01:35:00,232.22387050690452,232.98176840076295,230.9386581394736,231.0672106712714,54816
2023-01-04 01:36:00,230.5945094406618,231.32095671712636,229.99902025531344,230.7770253501416,76412
2023-01-04 01:37:00,229.0502524663577,231.71791684536012,228.50789701372872,230.25361947564366,59314
2023-01-04 01:38:00,229.81898663510773,230.59183599179093,229.44453824460703,230.2717784373731,1746
2023-01-04 01:39:00,230.2080804862565,231.12107224542058,229.81109663807322,230.14585921190184,25330
2023-01-04 01:40:00,229.23429017902737,229.96334455857962,229.14589807889746,229.9121291423578,80588
2023-01-04 01:41:00,229.93956122980103,230.99982989994135,228.65975094180163,229.43267386795495,43344
2023-01-04 01:42:00,230.35153066366445,230.8904838535601,228.61017890412202,229.67554533409526,99112
2023-01-04 01:43:00,230.7977902625267,230.93236310360757,230.6153728911898,230.83789923237322,29606
2023-01-04 01:44:00,232.3523156301556,232.9997055017107,229.27283336710647,230.95785684717052,97537
2023-01-04 01:45:00,231.5060153594423,232.01942447128016,231.43094372565918,231.67113661710212,55473
2023-01-04 01:46:00,230.8766252976899,231.26256419166938,230.5787459730756,230.7280808501129,10210
2023-01-04 01:47:00,230.9852964045849,231.24479109834692,230.58041647405298,230.86035364055914,81615
2023-01-04 01:48:00,229.47541754810715,230.44087350061525,227.46105682213116,230.12342316134837,28154
2023-01-04 01:49:00,230.0956255893438,230.52952730543984,229.10322163525535,229.1268104434366,29687
2023-01-04 01:50:00,229.02011570775542,229.28916757511618,228.29648289847194,228.64149368750847,73684
2023-01-04 01:51:00,229.76164032804007,230.2259705247908,228.89387095633361,229.4819107693136,79391
2023-01-04 01:52:00,229.1891878666678,232.6405187104652,228.8301434916513,230.15889330326314,95052
2023-01-04 01:53:00,230.33797529386487,230.77729340288238,229.3354611246817,230.34969828627996,16473
2023-01-04 01:54:00,229.8877660755149,230.4385166017856,228.43736900034526,229.31356192150702,52176
2023-01-04 01:55:00,229.6272578662558,229.64488780958268,226.94093600464703,229.20146383178104,65579
2023-01-04 01:56:00,230.32793476293503,231.42557964419774,227.8459631436816,229.43183422919927,31285
2023-01-04 01:57:00,229.4305292971563,230.06800107700462,228.0324530186989,229.5755982099999,89093
2023-01-04 01:58:00,228.05439834645944,228.71542675497147,227.3530060720967,228.32868572511083,43502
2023-01-04 01:59:00,227.76882288517672,227.887871454548,226.98651476887335,227.7416632813354,15219
2023-01-04 02:00:00,227.79606425695098,227.79840881869782,227.05768672511172,227.72065791790382,52863
2023-01-04 02:01:00,228.22744313414566,228.41025110822198,227.58289772548014,228.10980353994754,45006
2023-01-04 02:02:00,226.52950069509401,226.9722558310209,225.829660817691,226.62973966284235,57170
2023-01-04 02:03:00,225.5888854937697,227.1434953048282,225.4556195561509,226.54217629374034,59798
2023-01-04 02:04:00,227.4024612394092,227.72263737646622,226.55095063228072,226.66205025030328,40965
2023-01-04 02:05:00,228.1018459036272,228.48499212903965,227.1703191686199,227.26244084103126,35470
2023-01-04 02:06:00,228.63090625588643,229.03662935931087,227.22885074204075,227.75754860236245,65147
2023-01-04 02:07:00,227.90176963569832,230.51225010113936,227.53035903590282,228.1783794035965,40984
2023-01-04 02:08:00,227.58464635692678,228.25728223635588,226.31474971547493,227.65360985622124,46380
2023-01-04 02:09:00,225.45137153296588,226.71792899380532,224.91954698177275,226.37328449481834,72860
2023-01-04 02:10:00,227.03259979841607,227.32466552400547,226.10634808167976,226.12899189248063,86793
2023-01-04 02:11:00,226.08089588266404,227.5380658711945,225.61979306279895,226.83109877631537,74849
2023-01-04 02:12:00,227.87449751412535,227.93479429093233,227.7439945809624,227.8020183509126,48227
2023-01-04 02:13:00,228.20048708943568,228.55487708630992,228.05220126858845,228.31039211167027,92588
2023-01-04 02:14:00,228.58437304554613,229.74370235665285,228.5738510604351,228.6272920656917,25603
2023-01-04 02:15:00,228.69111842703907,229.09397890489828,227.995194856326,228.91054274921203,88298
2023-01-04 02:16:00,227.099291791012,229.03586848801595,226.8519176860039,228.5515294710249,19508
2023-01-04 02:17:00,228.24663328013887,229.35986230994797,226.09246821529678,228.4852081869266,83351
2023-01-04 02:18:00,230.42116266990394,230.49507521960234,229.50150079293257,229.65212980200596,5974
2023-01-04 02:19:00,230.71725406646925,230.78658679571353,228.53216197526368,229.02571365451004,21161
2023-01-04 02:20:00,229.71708259869638,230.80803296283355,229.3802311983207,230.15809382068497,30730
2023-01-04 02:21:00,230.30559364392678,230.74577537537513,228.43809946544064,229.95875747148358,79259
2023-01-04 02:22:00,230.61377451304708,231.91166914534105,229.90393272119357,230.8961375099917,82009
2023-01-04 02:23:00,230.6318575153432,230.88789375258258,228.31577492598657,229.9447426680905,2085
2023-01-04 02:24:00,230.17672746678724,230.62880817987948,228.501473958324,230.3719139146522,89115
2023-01-04 02:25:00,227.83306411090192,230.20993820670168,227.64333650733911,229.88575766704344,89179
2023-01-04 02:26:00,228.9412399804889,229.10766445823643,228.8269512478846,228.93269693065972,93206
2023-01-04 02:27:00,228.9697924985145,229.6023370725303,228.64781528389221,229.10567896345367,19869
2023-01-04 02:28:00,230.6943025091386,231.8482779115187,226.47642759240154,229.82241668991225,16771
2023-01-04 02:29:00,228.52505257273378,229.84484242218227,227.60682670289174,229.26283948144422,42060
2023-01-04 02:30:00,229.3158801911352,230.21224975994758,227.37034552388687,228.25475979882427,76882
2023-01-04 02:31:00,227.86644111932455,229.1571327467296,225.91063857048692,228.214693260938,22462
2023-01-04 02:32:00,230.02625270585997,230.09812649308677,227.14779775155483,228.17765265005295,20432
2023-01-04 02:33:00,228.97376085314235,229.02470001192933,228.20594049384076,228.57581327186995,14174
2023-01-04 02:34:00,229.76910890781807,230.4966649232713,229.22538168275284,229.24983390748173,83719
2023-01-04 02:35:00,228.80153745438935,229.37389653625945,227.30329607719918,229.23189612955755,30697
2023-01-04 02:36:00,231.17795264098527,231.82011174572543,228.0546639996158,230.53084094854543,53974
2023-01-04 02:37:00,231.30710398670897,231.4505357596596,230.03202374548607,230.70897310532308,6611
2023-01-04 02:38:00,228.45051497899235,232.04958287353895,228.18736565206217,230.49227289226164,23393
2023-01-04 02:39:00,227.82531215596697,229.7452098090791,226.99432955051464,229.4009606489951,92407
2023-01-04 02:40:00,228.58182186550917,230.39432547929084,227.72797697462306,229.2431377062076,6263
2023-01-04 02:41:00,229.06733831764018,229.17995510392862,228.98082862515733,229.03471882342984,22954
2023-01-04 02:42:00,229.61382986656827,230.138227094956,229.50698238872818,229.71745171231552,12996
2023-01-04 02:43:00,229.12233389127738,230.2624738280559,227.99936695283992,230.05914513622469,11805
2023-01-04 02:44:00,228.9943850076332,229.2937984499407,228.40476584975397,229.26817709496973,75643
2023-01-04 02:45:00,229.80211170291057,230.54132643217028,229.07065061124945,229.40958126018643,77003
2023-01-04 02:46:00,230.2946018873601,230.61526781170303,229.65578457022855,229.89468927304102,22024
2023-01-04 02:47:00,230.5455465822412,231.0278550136137,230.51122054509977,230.9715376256661,42607
2023-01-04 02:48:00,232.4634249062184,232.75436328421756,230.40832572204894,231.60959924743614,85215
2023-01-04 02:49:00,234.54871193945354,234.7627018122396,231.25068744438445,232.1614183734424,78806
2023-01-04 02:50:00,232.03222413033598,232.77968197564803,230.82346012656356,232.22648346448244,84351
2023-01-04 02:51:00,232.6435275819276,232.69841600689398,232.23564822084415,232.5202351073485,88092
2023-01-04 02:52:00,233.01167173480812,235.06674312929817,232.70065946163777,233.4150926506992,80423
2023-01-04 02:53:00,234.000968780945,234.64632127394398,231.4601990708823,232.50516308081785,90461
2023-01-04 02:54:00,229.28290280831033,232.4534864699175,228.85403462329347,232.28467425384164,13324
2023-01-04 02:55:00,231.57492901581531,232.1721158504326,231.16333687080942,231.76953508083642,1723
2023-01-04 02:56:00,231.74767614618088,233.20270205205142,231.05087450244528,232.0563404604993,59323
2023-01-04 02:57:00,232.8679263208693,233.10742110727057,232.5295010734086,232.93598866264998,74811
2023-01-04 02:58:00,229.9434421450176,232.77356400769781,228.72176621738765,232.54211187446558,14405
2023-01-04 02:59:00,230.74273914353046,231.11120761074443,230.09526519505397,230.89782680875072,2365
2023-01-04 03:00:00,228.78042992757793,231.0191056560192,227.4803279962402,230.6353739688567,58893
2023-01-04 03:01:00,231.75619829505098,231.93789051448275,230.6327205070026,231.29047557363728,47427
2023-01-04 03:02:00,231.59400646616794,231.96194380444965,230.95696948563668,231.6866506490023,28338
2023-01-04 03:03:00,231.99312013326454,233.41194087967236,231.60383884349133,232.0074344268948,70389
2023-01-04 03:04:00,230.83113140472648,232.92360473084628,229.77167512957945,231.83575358746364,5682
2023-01-04 03:05:00,231.1817200726382,231.60037909533796,228.85649747099512,230.96936199904326,72496
2023-01-04 03:06:00,231.06737882316006,231.6759916513412,230.68399044491204,231.34951053736515,25727
2023-01-04 03:07:00,231.30767824203923,232.00617340016507,230.50144752326227,230.79361342321369,25073
2023-01-04 03:08:00,232.6227275625301,233.67984130743724,230.6686193667738,232.32891951604415,88077
2023-01-04 03:09:00,232.26854500418025,233.16572976199913,231.7900811384811,232.74978837787512,20882
2023-01-04 03:10:00,231.41894201277077,233.4748688215951,230.56287932893738,232.36762604808868,49232
2023-01-04 03:11:00,232.1057379640387,232.3124692837402,231.9185040599983,231.96466439508393,60556
2023-01-04 03:12:00,231.43029682672838,232.45708685816626,231.14927238043686,231.92318154643968,53137
2023-01-04 03:13:00,231.52695836830628,231.94145081052824,231.362380437808,231.779735721369,46054
2023-01-04 03:14:00,232.14270412503873,232.87810460467463,232.09402995971146,232.57949200695225,68103
2023-01-04 03:15:00,232.74791281318397,232.99868498704888,232.63839552640158,232.7328196903358,25787
2023-01-04 03:16:00,232.3527172966926,233.0198828197618,232.03774010912377,232.24526881959144,89589
2023-01-04 03:17:00,235.31352533064026,235.3901459415585,233.3826278041339,233.5856310618079,63181
2023-01-04 03:18:00,233.41649261616217,234.06797030198697,232.4800505887276,233.64354277811833,27755
2023-01-04 03:19:00,234.2959576543558,234.55310563001404,233.34366668235813,234.20581040956142,94335
2023-01-04 03:20:00,232.7330843696708,234.4257752071766,232.6526236219711,233.80188044433635,37959
2023-01-04 03:21:00,233.20932509106814,235.8273033733661,232.89715698283214,234.07995198213698,76254
2023-01-04 03:22:00,234.63972300353277,234.77996189772875,234.02380641333556,234.32183381269905,90076
2023-01-04 03:23:00,233.76855913300724,234.74062905990755,232.15843019310708,233.0169077339198,91633
2023-01-04 03:24:00,234.45611690100404,235.22152629737658,234.27542939314634,234.4489889481112,89437
2023-01-04 03:25:00,235.56265248231148,236.943890035579,234.62328033788793,235.38020471387034,95058
2023-01-04 03:26:00,235.49911310789142,236.0842946972949,234.8158214556603,235.12326698986422,38903
2023-01-04 03:27:00,235.2116733483923,235.4397046385252,233.98161242675005,234.36927152912307,60046
2023-01-04 03:28:00,233.688273126342,234.99729569603866,233.60410787528582,234.63708174299185,40519
2023-01-04 03:29:00,234.59982112209883,234.78170371625365,234.33069293792553,234.72157293671944,12672
2023-01-04 03:30:00,235.41772773711196,235.73054242425158,234.6250498511529,234.99549461916766,8174
2023-01-04 03:31:00,235.40474787461625,235.41656973897665,234.8818407548525,235.15405364355902,19103
2023-01-04 03:32:00,235.5281116170533,235.89653865359995,233.98600564112098,235.53470291119083,9061
2023-01-04 03:33:00,236.54058986381287,238.20043687347888,235.9071104731109,236.58092853526568,86934
2023-01-04 03:34:00,236.9522276902949,237.12478188641313,236.5306295650884,237.0077937794388,99162
2023-01-04 03:35:00,237.01069079866986,237.26152163271937,236.20192129089187,236.28516495674145,14265
2023-01-04 03:36:00,237.33284340454006,237.54200461629227,236.76809161000006,237.2746536384884,40040
2023-01-04 03:37:00,239.95564190423818,240.453424213481,237.6857517571197,238.46620986077005,96008
2023-01-04 03:38:00,241.47016883824247,241.56156201547924,240.61222001220324,240.74503354999177,18993
2023-01-04 03:39:00,238.8318833946548,240.69452351566403,238.62852769687927,239.95768122717033,59219
2023-01-04 03:40:00,239.34103586244194,241.9871349230585,239.03137952453034,240.15652120935505,73250
2023-01-04 03:41:00,238.7803220494821,239.21144813719428,237.09393308840316,238.68044811735885,96303
2023-01-04 03:42:00,238.42916652986497,241.01448131348837,237.55645615733232,239.10039382773155,38877
2023-01-04 03:43:00,237.4778356782373,239.79562946551212,237.33371149980007,238.73107914554984,85368
2023-01-04 03:44:00,239.77902137472634,240.31819323619945,239.4177287440318,240.13251112429398,79285
2023-01-04 03:45:00,241.07615706909849,241.77080558400075,237.91428434652602,239.59849366169132,82424
2023-01-04 03:46:00,238.10103105823706,238.43130459492983,238.0531727984051,238.40827637681,17020
2023-01-04 03:47:00,237.9347991509561,238.21604574331664,237.35899953936718,238.09505767602835,35821
2023-01-04 03:48:00,236.22145152003947,238.08925329860756,236.21467329787708,236.70780555731724,74299
2023-01-04 03:49:00,237.064436083229,239.14926305099624,236.8074516817105,237.26484964876815,47000
2023-01-04 03:50:00,235.95589584704652,236.62632507617872,235.59354438414263,235.81866127828636,33851
2023-01-04 03:51:00,235.82557271171652,236.80721880133814,235.7360178704596,235.86237563050767,17025
2023-01-04 03:52:00,235.13409574240927,235.31284049403138,234.15290093693616,234.41572897223745,92551
2023-01-04 03:53:00,235.26653277748036,235.47096300998064,233.96701988335346,234.21392201511867,16431
2023-01-04 03:54:00,235.19242711177174,235.97898773950004,232.76104030970168,235.39204953699502,85588
2023-01-04 03:55:00,235.50288090064188,237.95921445434522,234.7166170860015,235.67026968092753,44179
2023-01-04 03:56:00,233.7888119192152,235.26602351636998,232.16753891263448,235.0833373956461,42658
2023-01-04 03:57:00,234.8584996062462,236.44328611704006,234.5006969768094,235.0848394684311,31992
2023-01-04 03:58:00,235.11625950752986,235.35923884760817,235.02116725353528,235.1210544327948,46585
2023-01-04 03:59:00,235.31422129703097,236.63178948024637,233.90951140176685,235.477942574053,66191
2023-01-04 04:00:00,234.54734783428958,234.8937395053776,233.5865330087826,234.53589538278388,57401
2023-01-04 04:01:00,233.080945289753,236.32515448736387,232.74176144126793,234.9762838607611,43058
2023-01-04 04:02:00,232.78365360067443,233.49168068083378,232.48496412231412,233.0933778020527,73108
2023-01-04 04:03:00,233.91199069418866,234.18666925487358,230.44336578255312,232.67622138602545,57779
2023-01-04 04:04:00,232.79078622609353,235.28736303109918,230.91412992705062,232.35865987017428,36662
2023-01-04 04:05:00,232.9110459361582,232.99660344273195,231.59701158636182,232.82337265385854,37185
2023-01-04 04:06:00,233.10598069208802,233.11153918363325,232.46516225432774,232.86246196546273,83168
2023-01-04 04:07:00,232.4654442212916,233.03662693233252,231.82992033409778,231.90383959215328,8810
2023-01-04 04:08:00,231.04827657975335,233.20803909488606,230.17447726688593,231.24175891256596,79210
2023-01-04 04:09:00,231.96583818614425,232.25282029575956,230.8811649469553,231.40271243306273,52042
2023-01-04 04:10:00,226.98855510077587,227.5722777661053,226.87793957243994,227.35118841500224,74416
2023-01-04 04:11:00,227.12329921755835,227.8018935124562,226.8946250509583,227.04596913341683,79186
2023-01-04 04:12:00,227.63321275058115,227.75746842217362,227.1798576964472,227.5428601431143,35883
2023-01-04 04:13:00,227.41593427503392,229.03908535028143,226.17312014206868,227.21222268301207,40349
2023-01-04 04:14:00,226.60662965731126,228.35121391057828,226.1662832368713,227.1748976832161,53215
2023-01-04 04:15:00,228.92239682679866,229.68386777303456,227.50121618662888,228.6764805401132,39419
2023-01-04 04:16:00,227.20584719009815,227.77651496173695,225.64108708235838,227.72265998374115,68342
2023-01-04 04:17:00,224.9762675797486,227.26695699351293,224.64881307477165,226.48031259162232,65806
2023-01-04 04:18:00,226.89109889768392,227.53088507287887,226.64600442608938,227.03536351956294,25871
2023-01-04 04:19:00,226.18294474659587,227.81003070157558,225.72060295403548,226.5958391335521,52846
2023-01-04 04:20:00,226.00979197097828,226.73636244052452,225.5647492942451,226.40216481853756,49991
2023-01-04 04:21:00,226.0832930991234,226.66165208732977,224.21672920302007,225.89423854980734,48136
2023-01-04 04:22:00,225.38930168361009,225.75433747622176,224.4792898918802,225.74076590874088,72029
2023-01-04 04:23:00,226.8338242989139,227.1176169674667,226.2766902254404,226.84590563860857,33548
2023-01-04 04:24:00,226.1898906434218,227.9707000731097,226.1786264826692,227.41446889907363,5650
2023-01-04 04:25:00,226.53780540675797,229.3705523121657,226.06843093269592,228.02545665204775,58278
2023-01-04 04:26:00,226.62670878777672,227.11277757647215,226.48696676805577,227.07945173435263,45835
2023-01-04 04:27:00,225.68893742836454,226.76527523586182,225.28687890283567,226.31794960145092,17225
2023-01-04 04:28:00,223.24548786541345,224.45003230705035,223.03885389018183,224.41297801349515,46360
2023-01-04 04:29:00,224.25605857532474,225.39834945852215,223.46122717888173,223.89051263007792,67328
2023-01-04 04:30:00,223.74298631200753,225.42454730602844,223.60628855543072,224.55549198184508,96339
2023-01-04 04:31:00,224.781860149644,224.9346102043695,224.32355574732605,224.92619706855982,54343
2023-01-04 04:32:00,224.78532544104053,225.04277497831222,223.82998765923165,224.79921728075846,65008
2023-01-04 04:33:00,224.71662649153603,225.1389958660001,224.1468973758253,224.80665794351165,58573
2023-01-04 04:34:00,223.0838923313455,224.8169710914521,222.913106381648,224.36454043971005,52932
2023-01-04 04:35:00,226.2533578068439,226.57432626209965,223.6542233630966,224.52479879140708,21881
2023-01-04 04:36:00,225.38595064419349,225.40243952648504,224.9226117968562,225.0631272710835,34557
2023-01-04 04:37:00,223.63197119946284,225.65713568882123,223.11817885508455,223.99460398273874,70730
2023-01-04 04:38:00,225.12420254220558,225.65143213869607,223.86639261342174,224.21836183865142,79094
2023-01-04 04:39:00,224.91738876762037,224.93640627919586,224.81608901475113,224.86799073269535,92910
2023-01-04 04:40:00,224.32309695345333,224.82758121578186,223.7312492351561,224.61044922797336,62324
2023-01-04 04:41:00,224.69992362082036,226.1144324161893,224.02405694396663,225.10506431068433,21841
2023-01-04 04:42:00,227.08832607639528,227.50775224383568,226.70339290449982,227.02835372632143,14475
2023-01-04 04:43:00,227.16856449498397,228.260877499464,226.02129780011757,226.979990244149,7671
2023-01-04 04:44:00,226.75065863859257,227.35108022265177,226.34931396693483,227.27050673429292,61584
2023-01-04 04:45:00,227.06870985976283,227.17008058215137,225.72517856611793,226.7900179627587,32764
2023-01-04 04:46:00,228.38588064350924,228.91550153520345,226.84761412003456,226.93601482782182,54787
2023-01-04 04:47:00,226.64772586031762,228.05646757916847,226.19967995801446,227.27206505424004,6961
2023-01-04 04:48:00,226.83985604515263,227.63634963426267,225.71450767020676,227.42763892384505,56890
2023-01-04 04:49:00,226.58819958203614,226.88498928829327,225.9316344433052,226.7546609907882,64884
2023-01-04 04:50:00,225.05564527113918,228.59943979055086,224.4779988577397,226.91771693738235,6155
2023-01-04 04:51:00,227.67161855828155,229.24833229991987,226.79076215443476,227.93580320146285,99617
2023-01-04 04:52:00,228.25409662879903,228.38191020804848,227.02869417958556,228.26537724177155,66768
2023-01-04 04:53:00,228.61377029156685,228.98995720071022,228.12081780733072,228.94696888534142,61851
2023-01-04 04:54:00,228.12637696649722,229.2654222709456,227.81070704028403,228.80707406585816,10221
2023-01-04 04:55:00,228.70649594982785,230.2484077809962,228.49067281714434,229.3447022121362,45566
2023-01-04 04:56:00,229.80222980264975,230.08358736956586,229.4995830673219,229.55978247993704,90769
2023-01-04 04:57:00,228.85771305013847,229.34803395404373,228.26400692047554,228.92786587739053,3711
2023-01-04 04:58:00,229.0021931950103,230.19686402712398,228.40194700324165,229.16951366557547,13531
2023-01-04 04:59:00,228.52505972052003,229.16582493262223,227.43207763465003,228.51063069074885,11480
2023-01-04 05:00:00,227.1652922176318,229.80087335927635,226.9709175938701,228.09962214152094,41708
2023-01-04 05:01:00,227.47776247198087,229.0792079816215,227.20586622387955,228.25198924979736,13191
2023-01-04 05:02:00,228.9966277674079,229.5327562142118,228.35114388582724,228.4783542387987,60949
2023-01-04 05:03:00,227.498240451932,228.27876210371417,227.44681293694484,227.68606044493805,68658
2023-01-04 05:04:00,229.90692478215203,230.2534741446353,227.34352562947075,228.42876265499947,4779
2023-01-04 05:05:00,228.821323828007,230.5486357179204,228.5351081994408,228.8435935904142,72190
2023-01-04 05:06:00,229.1212493598693,230.72873806581822,225.79900277012692,228.3826601866416,77705
2023-01-04 05:07:00,227.68882722080605,229.10582655801457,226.77828492210435,227.35202533443348,67708
2023-01-04 05:08:00,227.13279365194262,227.6575077919596,226.78329348215775,227.27592748836375,8317
2023-01-04 05:09:00,227.84762741934708,228.30507705691497,226.35939750097845,226.99459826758638,57896
2023-01-04 05:10:00,227.38111864825348,228.30439711397534,226.4598244477371,227.09434454520286,1159
2023-01-04 05:11:00,228.0474433452284,228.77960800864992,226.11083000728638,226.86966875918168,58115
2023-01-04 05:12:00,225.18631369836675,225.64714589195816,224.71581196990618,225.5260625069209,68665
2023-01-04 05:13:00,225.51810277931838,227.09455080846746,223.22211476474516,225.28586804552657,20462
2023-01-04 05:14:00,225.13027787966027,225.26128422877065,224.71379422575018,225.10184163214615,85149
2023-01-04 05:15:00,225.48474274244003,225.89321468435497,224.853028699687,225.55226660725083,3917
2023-01-04 05:16:00,225.80082128023923,226.65063103128236,224.43980076245506,225.10238027645266,20397
2023-01-04 05:17:00,226.49678549538515,226.7156615273521,225.6772536722323,226.2585115085382,27125
2023-01-04 05:18:00,227.07816512846503,227.2733681169026,223.43933197127424,224.98356252309958,72862
2023-01-04 05:19:00,225.8454744741339,228.14101561401233,224.4580368967358,225.8910342835123,61729
2023-01-04 05:20:00,225.52817719381628,225.90960798745272,225.00763052453578,225.76160845391746,48277
2023-01-04 05:21:00,225.84190172511057,227.0200400747888,225.7306631021742,226.36636840491164,15349
2023-01-04 05:22:00,226.71505754385,227.23262222368214,226.42543599134606,226.44319815817124,61715
2023-01-04 05:23:00,227.22156782886955,227.63483407662667,226.93194147752726,227.23997627815643,35728
2023-01-04 05:24:00,227.81616275678275,228.31131014172868,225.30609454678014,226.99862790487614,31792
2023-01-04 05:25:00,226.79724469633425,227.72272145005692,225.82082604652135,226.27317178035574,8902
2023-01-04 05:26:00,228.24015967354106,228.64231469165418,227.1469456556376,227.26006512935905,80569
2023-01-04 05:27:00,226.5088065269833,227.3820876769616,226.4918861096907,227.2054222789497,36158
2023-01-04 05:28:00,227.62793407424948,228.81490631963615,226.59836850947616,227.3791606808554,4917
2023-01-04 05:29:00,229.40532069552876,229.64733014685567,227.19492109382614,228.2441691585172,94947
2023-01-04 05:30:00,227.51856554097887,227.68238596315751,227.4711917389166,227.56038027491118,80742
2023-01-04 05:31:00,227.7531076212391,228.55949387108444,227.72686122053577,227.98966671828978,13620
2023-01-04 05:32:00,226.38377354840287,227.99717505725303,225.14961702935668,227.6089959581871,78358
2023-01-04 05:33:00,228.2189432516848,228.7042032421728,227.0624162556602,227.54150805477894,74890
2023-01-04 05:34:00,227.36895833762082,228.4480095252226,226.47004617880316,227.61360159993694,25691
2023-01-04 05:35:00,227.07112363677658,228.17346825964705,226.13217130722649,226.61195025684825,90490
2023-01-04 05:36:00,226.5800462301902,227.22505507230636,225.2716368719343,226.10513010825647,71734
2023-01-04 05:37:00,225.2153914756858,227.43379242341263,224.45851392387937,227.04419415764175,27046
2023-01-04 05:38:00,227.80636209000042,228.53450102694745,225.59976109115118,227.67051226990304,23386
2023-01-04 05:39:00,227.2778592125406,228.1605220495252,227.11827746398043,227.65049576715467,12271
2023-01-04 05:40:00,227.7461780605406,229.58498473079504,226.54185934855985,227.83930234432063,22526
2023-01-04 05:41:00,227.10339239418738,228.13966521699706,225.1271732125974,227.6609662529423,44798
2023-01-04 05:42:00,230.2056672159801,230.7227390761859,227.71004392211594,228.61025560282846,26257
2023-01-04 05:43:00,228.87212022042826,229.11266741781392,227.95879187995803,228.4957086663281,58985
2023-01-04 05:44:00,229.47885385068096,229.89195189884856,228.40766633137514,228.67748300661785,54130
2023-01-04 05:45:00,229.2595635712157,229.857776290061,228.92438677020445,229.4865646213549,75396
2023-01-04 05:46:00,226.4139338129236,228.99068136678076,226.0548716075528,228.97432434334135,27645
2023-01-04 05:47:00,229.9474372922888,231.11588561612126,229.6239303363713,230.06798987671732,25189
2023-01-04 05:48:00,230.5479833861431,230.88180571926117,228.41208792651514,229.03466613533436,82298
2023-01-04 05:49:00,230.63381042723162,231.0165721982327,228.33369950675888,230.1773032262064,1968
2023-01-04 05:50:00,229.99006656554337,230.0386003978799,229.03664567983657,229.94297657385206,6800
2023-01-04 05:51:00,228.9949690820137,231.38109821905107,228.79873909334083,229.79855025405237,25229
2023-01-04 05:52:00,228.44467337281392,231.02310440586268,225.45643426814365,228.518565317168,59524
2023-01-04 05:53:00,229.16473752590272,229.8526103354337,227.89462681214073,228.22963006471278,97585
2023-01-04 05:54:00,227.79498846837336,228.316006039164,226.51531188111377,227.54050904797384,30717
2023-01-04 05:55:00,226.9113399131857,227.16449408036587,226.4536599512706,227.14847062263638,88303
2023-01-04 05:56:00,227.04728309716506,227.7651085224399,224.64397384985824,227.07761554206266,74006
2023-01-04 05:57:00,227.59200481980156,227.82614738027024,227.46060144694184,227.75280241161892,64238
2023-01-04 05:58:00,227.8967173512807,228.56806678808388,227.74991391284618,227.91742442707468,5819
2023-01-04 05:59:00,227.10381125235472,229.07962320443139,226.59562691506747,228.150590780716,57784
2023-01-04 06:00:00,227.10865523832788,228.07228558024465,227.09697226296407,227.42357565246354,88175
2023-01-04 06:01:00,225.78200435449656,227.97329711036798,224.60040727186367,226.84540527704485,70836
2023-01-04 06:02:00,227.50134071105538,229.4841776199001,227.30105191533872,228.09218733488214,47935
2023-01-04 06:03:00,227.78922793648485,229.90346046919316,226.7874732922034,227.61191571716557,49429
2023-01-04 06:04:00,228.3629382050257,229.04480173643307,227.21079954990182,228.76559510796932,90329
2023-01-04 06:05:00,228.77869790721124,228.93476958426928,227.45572484219238,228.6216595480512,77607
2023-01-04 06:06:00,230.07868514757945,230.38742807800256,228.46253142578004,228.6460909292802,4998
2023-01-04 06:07:00,229.0738738717186,230.01269724095343,228.75645346580683,229.40315996763354,42750
2023-01-04 06:08:00,229.89023693318597,230.5237640933312,229.79213823983602,230.30142870582515,6180
2023-01-04 06:09:00,229.67752052379564,231.45706732141605,229.25173127974415,230.24789797584324,79288
2023-01-04 06:10:00,230.60520923083274,230.70540600745014,227.25193430592526,230.00274632470965,31513
2023-01-04 06:11:00,230.31058513125203,230.90290093091423,229.5881789607832,229.98716102913465,18879
2023-01-04 06:12:00,230.10015809238755,230.24520437026717,230.06777724818738,230.24333742263715,90898
2023-01-04 06:13:00,230.9497861545299,231.0865366173123,230.22784172982952,230.8820119629454,62833
2023-01-04 06:14:00,230.48814665034976,231.1953880396128,230.02602436454634,230.90802995920637,15316
2023-01-04 06:15:00,231.7614899714996,231.81232758473368,231.30787532433874,231.3598382097381,94180
2023-01-04 06:16:00,231.51625433225777,233.01892509650799,230.98642912108076,232.52012612132174,77435
2023-01-04 06:17:00,232.22547370706994,234.79381522896588,230.56106371033104,232.80936461133908,25525
2023-01-04 06:18:00,232.54495253093899,233.33924168567063,231.73478644836436,233.05031265795753,6378
2023-01-04 06:19:00,232.21056652285043,232.5684608162636,229.23563586982377,232.01166976116292,49669
2023-01-04 06:20:00,230.61056447902118,230.7976945511939,229.37186088715276,230.20379065292886,3577
2023-01-04 06:21:00,230.67844560930266,230.97546356779534,230.27765669222717,230.49502772719327,22690
2023-01-04 06:22:00,230.45791808498936,231.21142461433286,230.24318660741616,230.4525076885111,59514
2023-01-04 06:23:00,230.05758158803985,230.3868166596534,229.83500417544064,230.11965406423386,82177
2023-01-04 06:24:00,231.39638105661732,231.45706357957664,228.96670014775495,230.31078928866492,61962
2023-01-04 06:25:00,230.47330961939667,230.95482225705197,229.72718389330905,230.29208547595184,70195
2023-01-04 06:26:00,231.21464661778367,231.43520025798273,230.4276562726563,231.09427128213065,78383
2023-01-04 06:27:00,231.19619845310595,231.7120887170191,230.77433711379837,231.1770798943082,88288
2023-01-04 06:28:00,229.82686478324086,231.04299555275026,228.44438513477328,230.68218297045487,82976
2023-01-04 06:29:00,231.18483124616685,232.05431358745054,230.5316998012223,231.39049231727225,76620
2023-01-04 06:30:00,231.97120024197403,232.8792528445963,229.82264972994173,231.2629051675164,74008
2023-01-04 06:31:00,232.72555896634987,233.0310208077763,230.97444014012288,231.65133666746317,19953
2023-01-04 06:32:00,231.05753237927055,231.96905251608172,230.11876286683906,231.34272331644317,64188
2023-01-04 06:33:00,230.78414127924225,231.03263325382926,230.55396556342748,230.91485942464917,87000
2023-01-04 06:34:00,231.17614265388832,231.77127100563817,230.86916983282714,230.99625799571567,62800
2023-01-04 06:35:00,229.6925033245783,232.26193600368555,229.13953673600597,231.0282477274765,89297
2023-01-04 06:36:00,232.3309355914282,232.47022349136338,230.17750449337674,231.38391134982845,84868
2023-01-04 06:37:00,231.0832067456474,231.29441816967145,230.98559354523385,231.22056882545846,83142
2023-01-04 06:38:00,231.0240454484513,231.41181560560722,229.46623834077963,229.96987842102624,43599
2023-01-04 06:39:00,230.34498471310417,230.84155049780242,229.0970903240702,229.6943005366905,95534
2023-01-04 06:40:00,230.40402356088472,230.5781654943292,229.74527887318783,230.26427669943527,38985
2023-01-04 06:41:00,230.29892289267468,230.47557738355613,227.68182005355337,230.08187786372133,14537
2023-01-04 06:42:00,230.16150841766733,231.19794420897847,228.44607132752347,229.9348209837327,43717
2023-01-04 06:43:00,230.51268793209135,230.68961866067107,228.95584772558507,230.6382213817552,10027
2023-01-04 06:44:00,229.1266320414212,230.89510081103043,228.77031037325693,230.16866048747409,3536
2023-01-04 06:45:00,229.14000737251794,230.44524438536274,226.9486438336825,229.12636250310663,3525
2023-01-04 06:46:00,229.60193478214697,230.3042971676994,227.22003204114947,229.0388606669919,10176
2023-01-04 06:47:00,228.1226418910483,229.16084236512728,227.7354454654647,228.72908060258266,84277
2023-01-04 06:48:00,228.71024313759298,229.52316574458646,226.38744915146097,228.08892761358453,71423
2023-01-04 06:49:00,227.99112975784436,228.5998445867537,225.8519838258189,227.9917308545485,90642
2023-01-04 06:50:00,229.01535568688257,229.5228609751394,226.5165275626592,228.3507076973557,81383
2023-01-04 06:51:00,228.1477400110677,228.89029688055007,227.80961225911565,228.3671796193029,77788
2023-01-04 06:52:00,228.60458611579517,228.70908400401657,228.38088032581655,228.60032954256243,71013
2023-01-04 06:53:00,228.7294578619304,230.31331958433003,228.0368277452281,229.86682636794364,18755
2023-01-04 06:54:00,229.78115062388756,229.90139088843426,229.4406289207332,229.65336362337578,20608
2023-01-04 06:55:00,229.6703866330408,230.2519397325687,229.16902617361688,229.8681000603565,60843
2023-01-04 06:56:00,229.51349576338114,229.73639364958777,229.18254902151284,229.53993114580453,53513
2023-01-04 06:57:00,228.69747241162767,229.05575718478656,228.44242391689826,228.9800650834368,82631
2023-01-04 06:58:00,228.49498011674382,230.55482225575963,228.09682682200392,228.60116651230297,72640
2023-01-04 06:59:00,228.20829434924858,228.7428071739089,228.0925249023284,228.29569232517133,21693
2023-01-04 07:00:00,226.51162495640065,228.66666585742053,226.33040364988423,228.56472222262934,58908
2023-01-04 07:01:00,230.940503482157,232.0517600033208,229.1421579346499,230.19832625885311,95939
2023-01-04 07:02:00,230.39578776648938,230.80606682143772,228.0954780763404,229.726850089801,13726
2023-01-04 07:03:00,229.29576792532117,231.53737429395898,229.24806600627025,229.46269271742975,7898
2023-01-04 07:04:00,229.14366107803096,230.15124078830198,229.07218495704282,229.44218585701864,84508
2023-01-04 07:05:00,229.22282046216233,230.13562030841427,228.45314231481433,229.73756893462732,45945
2023-01-04 07:06:00,230.4567220498671,231.1015917221549,228.6428778197805,229.94218526000847,46684
2023-01-04 07:07:00,230.91036245612528,232.6167031063039,230.5908736666017,230.8509828573653,45874
2023-01-04 07:08:00,229.55727837295535,230.9554709135497,229.03579620537428,229.19366297280993,79218
2023-01-04 07:09:00,227.56298006700405,229.18445824879873,227.0731414849121,227.57537473847916,70878
2023-01-04 07:10:00,228.31869175995533,230.08607522571418,227.14508670777303,227.25958329349348,49008
2023-01-04 07:11:00,227.9821244017656,228.55286916292337,227.81642556698034,228.03042520192997,4362
2023-01-04 07:12:00,226.6199813753155,228.87089180537924,225.3940523929973,226.9821820853594,81119
2023-01-04 07:13:00,225.29154362042826,225.49231110085626,224.75271999212836,224.9568434494454,35404
2023-01-04 07:14:00,225.12034911432576,225.9176449502613,223.86799252853362,225.36481128258956,12104
2023-01-04 07:15:00,225.4063591308128,225.87096783318222,225.36530887417393,225.55208305643,27048
2023-01-04 07:16:00,225.08095806212233,226.0970371724,223.29215945086287,224.83694193337794,18628
2023-01-04 07:17:00,224.94163597280308,226.10567666183027,223.87964898486302,224.19466849763026,78465
2023-01-04 07:18:00,224.57874187560725,224.74141677769563,222.25534157553258,223.56485384922658,93210
2023-01-04 07:19:00,224.1566660893956,225.72231451401132,223.51933444491058,223.66134577090023,14268
2023-01-04 07:20:00,223.2095893136292,223.53949775800024,222.33472059367804,223.26346435283344,88226
2023-01-04 07:21:00,224.16229063427159,224.6079799122232,222.951999229688,223.61670996575535,96756
2023-01-04 07:22:00,221.9526852902214,223.3329037949241,221.5599816505809,221.72404496913433,65734
2023-01-04 07:23:00,221.91649209027364,222.19839454747822,219.28546815278807,221.1762633892048,11704
2023-01-04 07:24:00,220.4557801953287,221.78844590421303,219.16929946484723,220.45121179319696,71050
2023-01-04 07:25:00,220.64807591127033,220.8907152299768,220.13510404797105,220.30372507483898,25834
2023-01-04 07:26:00,219.39691259911388,220.64907582996096,219.18309048770396,219.97015367095582,49308
2023-01-04 07:27:00,220.53859762261084,221.8442478157821,220.08507632045485,220.51865614293015,85278
2023-01-04 07:28:00,220.0706788494356,220.63368335483537,219.27341713669256,219.3106526699336,97428
2023-01-04 07:29:00,219.18670409488047,219.6576144070297,218.9660884614542,219.36251403129563,61737
2023-01-04 07:30:00,219.8247766086232,220.7409440593696,218.90973381919162,219.75188452711166,62122
2023-01-04 07:31:00,220.17750853331958,221.45472143866854,219.41442828596138,220.9978650348251,94523
2023-01-04 07:32:00,220.5862066474824,221.01658563779378,219.8192465470115,220.70055706815432,39383
2023-01-04 07:33:00,220.51662511273773,221.1457900128254,219.9190000914178,220.9374517080396,51420
2023-01-04 07:34:00,218.75910755289087,220.79566747200593,218.74967566164347,219.76392290735137,15840
2023-01-04 07:35:00,219.08255549364924,219.87795387665008,217.60745751460172,218.20890226299488,25771
2023-01-04 07:36:00,218.75353404377864,220.4183378007914,217.53744861497117,218.78373502081888,29733
2023-01-04 07:37:00,217.64455727759318,218.99983866090014,216.94108434404757,218.80196388888453,20480
2023-01-04 07:38:00,217.85354419410564,220.137136200308,217.61620688647244,219.59742675826104,86555
2023-01-04 07:39:00,218.66631024779355,219.40032271243993,218.4588348613843,218.7145992799765,17945
2023-01-04 07:40:00,219.19578940957783,221.01430942927286,218.67154325386977,219.07760130423998,12641
2023-01-04 07:41:00,220.3042948779136,220.3492899144728,219.65310102308635,220.32775745371316,16232
2023-01-04 07:42:00,220.30756185471932,220.68540467699106,220.01958712441711,220.62720861589884,45326
2023-01-04 07:43:00,220.6490867952631,221.5538820024576,220.60935444326768,220.83233555336042,77851
2023-01-04 07:44:00,219.68186936276442,220.9361802376871,219.47968328859375,220.86008716485063,44851
2023-01-04 07:45:00,219.54338633415225,219.9870974169351,219.50530933272054,219.84133812692767,25615
2023-01-04 07:46:00,221.27214719665085,222.05651290311326,220.14868680654087,220.75735516508598,24255
2023-01-04 07:47:00,219.9942534872721,221.82105105225554,219.57511321883229,220.37487694976522,31709
2023-01-04 07:48:00,220.83227556202834,221.32242788753913,220.34494300615373,220.7304407441061,57173
2023-01-04 07:49:00,220.209260402666,221.55338730322617,219.41964233989853,219.7174860340176,88891
2023-01-04 07:50:00,219.4864193432212,219.8798610742483,217.87377060285016,218.96201404552846,58028
2023-01-04 07:51:00,220.30476215508864,221.2600769241634,219.85418994809115,219.92659912872818,91899
2023-01-04 07:52:00,219.83641907107554,220.57848866903782,219.20868561265252,219.71944875480068,11068
2023-01-04 07:53:00,220.6958598926541,220.77153934238115,220.50000893071325,220.699359359131,43089
2023-01-04 07:54:00,219.58449045007956,220.68453170619574,218.74322119857496,220.66963292605755,46832
2023-01-04 07:55:00,220.3943428462678,220.68683360556628,219.27236196848457,219.47234717301237,7822
2023-01-04 07:56:00,220.04356580893682,220.41143210835702,219.32408570211888,220.08164691758,21893
2023-01-04 07:57:00,219.8384657760269,220.55290243561137,219.34090592062168,219.71418166388472,79033
2023-01-04 07:58:00,219.57901210131297,220.61886622724884,218.52246252789826,220.19668860474994,98337
2023-01-04 07:59:00,221.2814385617349,221.32672889867862,219.9457804449084,220.23536232225797,15251
2023-01-04 08:00:00,220.0215105569258,220.69554446211774,218.70365083028025,219.23783825237896,89106
2023-01-04 08:01:00,220.94845185330897,221.20566308387504,218.4983124986176,219.3678209237923,44145
2023-01-04 08:02:00,218.86980084852206,221.7256391990519,218.24817445500238,220.83509976075405,86480
2023-01-04 08:03:00,221.99738562119808,223.03863723396032,221.0236905124629,221.18378941197034,72215
2023-01-04 08:04:00,221.49951508114253,221.6489350785048,220.01303920533994,221.1677418072069,52837
2023-01-04 08:05:00,221.73672406705694,223.36223231515518,220.96256123220505,221.90335239702188,40380
2023-01-04 08:06:00,222.23417702252522,222.30902834283535,219.9942157815428,222.06578684828028,22205
2023-01-04 08:07:00,221.9552595568826,222.75581092668253,221.86918847419778,222.22758457811,82808
2023-01-04 08:08:00,222.26707864486116,222.44785808032861,220.59044917098157,221.52203966074705,57959
2023-01-04 08:09:00,221.48478521869478,222.91436993805425,220.33755675193564,221.69959933964378,67948
2023-01-04 08:10:00,221.58984536530514,225.48901745017645,221.27941148805525,222.41044147125328,68785
2023-01-04 08:11:00,222.1034979082132,222.153900840927,221.73554427566583,221.87483565836249,68775
2023-01-04 08:12:00,222.80356130251647,224.99071971205504,222.06694484028674,222.8452024706339,54354
2023-01-04 08:13:00,222.75467009620075,224.47021706240702,222.71563032101247,222.80617824832575,79150
2023-01-04 08:14:00,221.8868910700415,222.9140641580233,221.7254717793989,222.23505727005673,89813
2023-01-04 08:15:00,223.14041382389135,223.77671995039208,221.91009148412493,222.92240724103019,75371
2023-01-04 08:16:00,223.76086314501094,223.7921758169518,222.38096475660268,222.7529008975134,30028
2023-01-04 08:17:00,222.9896746248597,224.03460283888137,222.85859418402012,223.28272862099027,65082
2023-01-04 08:18:00,222.90351460338624,223.38507217799457,222.49007017506534,223.10962290332412,60892
2023-01-04 08:19:00,222.69387194953302,225.24024066354244,222.13250048187567,223.0918905006463,15803
2023-01-04 08:20:00,226.78606275355128,227.40867855888297,224.96669808478717,225.39450819464358,79331
2023-01-04 08:21:00,223.29889052779183,224.55391816038525,223.1308893070361,224.06770193273795,16653
2023-01-04 08:22:00,223.58297219465135,225.0064832550456,223.13383232012583,223.33640517848295,21674
2023-01-04 08:23:00,223.40966005554708,225.41318066515677,222.9199807047883,223.9814520738213,87062
2023-01-04 08:24:00,223.84139872279604,225.0357673538615,222.3666691933999,223.91506178386592,43345
2023-01-04 08:25:00,224.2974428410799,224.74067139074566,221.2456165773704,223.58563930898967,40920
2023-01-04 08:26:00,222.24646493555863,223.42209556542133,221.01749939524143,222.69672495367078,33614
2023-01-04 08:27:00,221.58371262026893,224.06964896115136,221.4299685169875,221.99763339848118,19968
2023-01-04 08:28:00,220.64498288758642,221.14181707721906,220.00388397279323,220.67332962198157,84521
2023-01-04 08:29:00,220.73765899009706,221.06699761847545,219.4404653496025,220.62834709467666,55850
2023-01-04 08:30:00,219.6167807225826,220.76391175928703,219.44209436180003,220.2543130466573,63148
2023-01-04 08:31:00,219.38187491196584,219.97484990700312,219.33537814350265,219.6376530221774,61661
2023-01-04 08:32:00,218.43758571258292,220.8704491172452,217.87502101852965,219.61472937982046,18191
2023-01-04 08:33:00,219.56625458310245,219.99356840093014,218.31065859246203,219.87649078754924,98444
2023-01-04 08:34:00,221.759577011708,222.21223541947066,221.10364687898516,221.27921348420222,60610
2023-01-04 08:35:00,220.51529615752298,221.07097459879435,219.86141435735757,220.2976962836684,46252
2023-01-04 08:36:00,220.82687027602594,221.3044694276559,220.66811185613471,221.08595297215894,95608
2023-01-04 08:37:00,221.19031142073106,224.54935201005753,219.51906648465015,221.75347882532327,13093
2023-01-04 08:38:00,221.6926762180523,221.73123576002848,220.60095416525166,221.2573545973528,74701
2023-01-04 08:39:00,221.29862294075608,221.84816523900471,221.12448792235938,221.41438268182486,87091
2023-01-04 08:40:00,221.1314978105222,221.1547915528018,220.91795720253043,221.13254436990275,27025
2023-01-04 08:41:00,221.2572376110734,222.26441089494094,219.86334074409322,221.277842989085,79110
2023-01-04 08:42:00,221.0454102935503,223.04915400150634,220.76361090615418,222.30178253968617,35336
2023-01-04 08:43:00,222.5489965957283,223.102634200778,222.06330536649384,222.7278947530334,92434
2023-01-04 08:44:00,224.69916327728234,224.83787627874636,222.1418696031314,223.09001135918086,26436
2023-01-04 08:45:00,222.8335666796144,223.27787543109415,222.51371570807743,222.82432722708685,43690
2023-01-04 08:46:00,223.71483961358905,224.02103385232104,221.779715212907,221.85455787602362,89357
2023-01-04 08:47:00,221.66633317717893,222.84098172564774,221.26124278195812,221.73799446376927,71440
2023-01-04 08:48:00,222.8798719071677,223.40833940933544,222.17670392783683,222.5628208803051,29094
2023-01-04 08:49:00,222.07738783929355,222.35197909913904,220.5934464109485,221.56540480403217,64399
2023-01-04 08:50:00,220.8707500835388,221.02982153697204,219.02416869419324,220.88624743561905,5509
2023-01-04 08:51:00,220.19250229638658,222.16662108477277,218.32724243108143,220.99200847964943,71062
2023-01-04 08:52:00,220.60132164454558,220.8254382756379,220.2034309746667,220.36130516480992,39677
2023-01-04 08:53:00,219.03274387997044,220.79034547442052,219.0274903411229,219.85941679178632,55501
2023-01-04 08:54:00,218.54075153157544,220.18872492280306,217.9819428850024,219.60200632206775,36935
2023-01-04 08:55:00,218.12208733784001,220.658266595288,217.14208495599675,218.7242895572145,76646
2023-01-04 08:56:00,217.87748499159622,219.192234678659,217.741887683031,218.1069696599027,68050
2023-01-04 08:57:00,218.32757217763094,219.61353920409167,217.82823013320217,218.58904795078266,18795
2023-01-04 08:58:00,217.18676411531044,218.65742974788944,216.49111164037464,217.75357670752527,94148
2023-01-04 08:59:00,217.1134607743913,217.13555829355445,216.4280745528558,216.7315249479734,41492
2023-01-04 09:00:00,216.19302151103147,216.58174197650837,215.40876895957865,216.34355927675912,5167
2023-01-04 09:01:00,217.30921511832975,217.95957311144434,216.82653522244473,216.84025520862235,83942
2023-01-04 09:02:00,218.7930380915346,218.81828980717816,216.70438644962528,216.73383750883664,95739
2023-01-04 09:03:00,216.04208385837907,217.48488400464296,215.78099262954507,216.45343957290555,52910
2023-01-04 09:04:00,216.8493356273839,217.67098146894728,216.102801845203,216.50388975975557,95784
2023-01-04 09:05:00,215.3640184312045,215.48453502907142,215.1430680615946,215.39168279994163,10304
2023-01-04 09:06:00,214.91566312059953,215.8727621283139,214.85933626829723,215.73288841799337,60289
2023-01-04 09:07:00,217.14709409633787,217.66209362420457,215.84231464953893,216.00262034737122,5808
2023-01-04 09:08:00,214.98883402137483,216.06621487099255,214.86930144593782,215.75898550060077,94991
2023-01-04 09:09:00,216.03805411446314,217.51087177277986,215.79773073468192,216.431673155617,75369
2023-01-04 09:10:00,215.28311907747786,216.22155498201127,215.10478217190035,215.72123872141407,32897
2023-01-04 09:11:00,217.47004712959605,217.66138976779123,214.97059843378247,216.47275262085526,76965
2023-01-04 09:12:00,216.54288562420984,217.0808868600305,215.3824600714083,216.59473090327904,5907
2023-01-04 09:13:00,216.50928931143753,216.8371105672449,215.88572513498647,216.397703823451,78214
2023-01-04 09:14:00,215.61650300946457,216.51113370476614,214.49849567093113,216.40644176665234,69761
2023-01-04 09:15:00,216.6730679149337,218.10526789063294,216.08008106345883,216.35844405194075,2014
2023-01-04 09:16:00,216.98782681945346,218.74176673735266,214.11530330658346,217.17213542266234,73304
2023-01-04 09:17:00,216.5234647721762,216.8841369268255,216.27267302350884,216.49237852037095,68557
2023-01-04 09:18:00,216.0194837041488,216.88009702852,215.8730415775371,216.0187889469718,52828
2023-01-04 09:19:00,216.63464399376417,217.87629087024618,213.87617477012267,216.7119735130497,59884
2023-01-04 09:20:00,215.12206358588008,216.59014759844013,214.90350474891514,216.34646605710202,75398
2023-01-04 09:21:00,216.4514873755531,217.61077522644393,216.17837334051006,216.95258215025237,69120
2023-01-04 09:22:00,219.27285904228148,219.61858998787062,217.72210265645631,218.08036848260576,5942
2023-01-04 09:23:00,217.97832871353958,218.17664163791807,217.59316738217404,217.8393056968643,63681
2023-01-04 09:24:00,218.1831195682059,218.93344265832266,216.90009549419761,218.30637211588152,8370
2023-01-04 09:25:00,217.29166498943232,218.5209207339363,216.40806128493523,217.5726276236609,45132
2023-01-04 09:26:00,217.69160205046043,218.64260426258036,217.06736569425303,218.08701280687032,14672
2023-01-04 09:27:00,218.0134561978221,218.44371102778132,217.054615481946,218.23929685230868,53934
2023-01-04 09:28:00,219.65420375744114,220.09148800394925,218.40958968900568,218.5708274082425,57209
2023-01-04 09:29:00,218.00867890926938,218.40090086711393,217.6000994577295,218.16937482517406,74905
2023-01-04 09:30:00,217.10730484150145,217.13957561064015,216.0894625088119,217.10399917173632,9467
2023-01-04 09:31:00,217.41792187535896,217.47655837598322,216.15294851582664,217.45348367919914,27935
2023-01-04 09:32:00,215.61598298184828,217.1391113200948,214.54686356028193,216.12914641634316,47721
2023-01-04 09:33:00,215.7842779323123,216.02876414002304,214.665795691882,215.94499325797523,86401
2023-01-04 09:34:00,217.15447193424552,218.0888441764909,216.04306696317752,216.5763182926968,63230
2023-01-04 09:35:00,216.81607286289668,217.20483101882274,216.40859375549766,216.72265743989834,12551
2023-01-04 09:36:00,216.76035278243444,218.04494054803016,216.68564010971062,218.0110796923893,55924
2023-01-04 09:37:00,218.69035092829208,218.88023148027227,218.4345289441883,218.70333625982923,49652
2023-01-04 09:38:00,218.5471969059039,218.65731235365533,217.54975697510417,218.29617731615002,43384
2023-01-04 09:39:00,218.5362719256848,219.15439898930188,216.34302006010253,218.3358941531151,55488
2023-01-04 09:40:00,218.60308248346922,218.99176508442582,217.17279556340574,218.32669956844032,97953
2023-01-04 09:41:00,216.73476141902168,217.67282942486193,216.55617613137048,217.31223794577144,49597
2023-01-04 09:42:00,216.01563611494822,217.07282336862357,215.4249606258485,216.72088859025703,54274
2023-01-04 09:43:00,215.7675785589212,216.8972168192276,215.42402237023407,216.377974872974,8897
2023-01-04 09:44:00,215.01045546272644,216.16095943999713,214.47914438439904,215.0778328640529,69005
2023-01-04 09:45:00,214.95766867927472,215.31094219304674,214.47073631812023,215.1299850240196,94197
2023-01-04 09:46:00,215.41809885418667,217.3140512685627,214.3293155922958,214.99074955589165,48604
2023-01-04 09:47:00,213.34966633617285,214.4494285821547,211.9459986204964,213.93327848953587,98933
2023-01-04 09:48:00,214.49830023976364,214.92136951880227,214.1679051918762,214.2140955678141,40819
2023-01-04 09:49:00,214.69434866020396,215.49804127196003,214.37145010323542,214.69556707500777,88363
2023-01-04 09:50:00,214.27296901987455,215.28767180570026,214.1659532140161,214.86326652027174,10782
2023-01-04 09:51:00,214.863599692304,215.00758628505903,213.67636828261243,214.67586180682179,31398
2023-01-04 09:52:00,214.58820837927905,216.60954184912538,214.56495453947798,215.0782344539111,54532
2023-01-04 09:53:00,215.30713635177784,217.06225402489775,215.30423123997244,215.53864405986928,26688
2023-01-04 09:54:00,215.63750015970732,215.79044132774678,214.90742070301204,215.75896997006492,26644
2023-01-04 09:55:00,215.39131881604354,215.39673391658587,213.6987097039563,215.2467933977264,82539
2023-01-04 09:56:00,215.94373828688182,216.64364234073093,214.07892520575558,215.44693036054912,41433
2023-01-04 09:57:00,214.9924338679584,217.86383882895126,214.94789623294636,216.2411629631625,21033
2023-01-04 09:58:00,215.44291211539652,216.22446086978445,215.21380669038498,215.8757397949834,51966
2023-01-04 09:59:00,218.65556034311302,218.7068135307531,216.88786039767893,217.2560099896035,4907
2023-01-04 10:00:00,217.48937460863365,217.99292251245893,215.36199727224607,216.93514615226815,37499
2023-01-04 10:01:00,216.67761426921612,217.3785407785061,215.76052079567398,216.9779303274093,93304
2023-01-04 10:02:00,216.3473520565858,218.19241403941655,215.77468767457734,216.56188452205268,81819
2023-01-04 10:03:00,215.90827637092903,216.78268144326935,215.89552779024643,216.728596569462,74221
2023-01-04 10:04:00,213.92274087112875,216.25348206164378,213.873082225072,215.61750164204582,9273
2023-01-04 10:05:00,214.6713413592982,215.64219485282013,213.1401185316499,215.28585488685107,63419
2023-01-04 10:06:00,213.83215937116015,215.47046593609736,213.79559376910424,214.6020287335685,45666
2023-01-04 10:07:00,215.79941775153674,215.81178912194702,213.86961548709766,214.71062058851126,14478
2023-01-04 10:08:00,215.2700601952078,217.59622439161424,214.74768392448328,215.37264688998448,96980
2023-01-04 10:09:00,216.14069061627964,217.12997834162206,213.71030015093336,215.81158034195195,77904
2023-01-04 10:10:00,214.1217294761846,214.7260162752471,214.0108334222381,214.29766683588693,76553
2023-01-04 10:11:00,215.30041892837556,215.80135713126973,214.71213982959551,215.63192888898698,97215
2023-01-04 10:12:00,215.73999765767147,215.8469228570905,215.73062253919704,215.84450743135076,9273
2023-01-04 10:13:00,216.17732822205855,216.5127130377099,215.0746607692604,215.36328265859214,50245
2023-01-04 10:14:00,215.53607184230464,216.84289417387708,213.6945233100142,215.48633774015158,91106
2023-01-04 10:15:00,215.18343455017023,216.70562508688207,215.03990495420533,215.62178587272018,47400
2023-01-04 10:16:00,215.63586013329476,215.99015929979885,213.65021973528914,215.21198671753936,99646
2023-01-04 10:17:00,215.4526910154423,215.75605400521738,215.0863510115159,215.36129003376075,40708
2023-01-04 10:18:00,215.7071354170968,215.84570620361166,214.07839503122045,214.99034811619913,33552
2023-01-04 10:19:00,216.41776793320196,216.62634881864733,214.12467785105378,214.75104537429058,52560
2023-01-04 10:20:00,215.3348590454463,215.43113136793716,214.22004009409991,214.33038299336212,27430
2023-01-04 10:21:00,212.8811552914815,214.293264476638,212.7620494218986,213.43062107296097,29575
2023-01-04 10:22:00,212.52135829708675,213.6731050465917,212.36287591379852,213.54534204030773,59433
2023-01-04 10:23:00,215.5257844773063,215.561499154774,212.65649470606738,213.94166047961238,50775
2023-01-04 10:24:00,214.10827242556135,214.52710577030123,213.70970917360256,214.29351980015522,44436
2023-01-04 10:25:00,214.73697704517954,214.8756444907865,214.69361508197167,214.84206315721593,53624
2023-01-04 10:26:00,215.13992513134664,215.25537744832894,214.75414202774712,215.072593123185,33938
2023-01-04 10:27:00,214.4849111429328,215.50396023020713,214.1188458942497,214.75037641952426,27358
2023-01-04 10:28:00,215.38538156640865,215.99847817781705,213.75092733094033,215.3128058500236,9769
2023-01-04 10:29:00,214.68912219459446,214.96693521156243,213.25956745171507,214.45746439912665,74795
2023-01-04 10:30:00,214.28613612813479,214.4694783413675,213.61963555188595,213.89944304271512,96265
2023-01-04 10:31:00,213.2985818638042,213.98457065874118,213.0396202850339,213.30210741224187,74728
2023-01-04 10:32:00,214.287213352665,214.7799275816548,213.95651594545362,214.0145723235964,18285
2023-01-04 10:33:00,213.9990683794289,215.06343217764362,213.24943027209306,214.64128522276462,23287
2023-01-04 10:34:00,215.33848640989214,216.68257779090717,214.04051011091082,214.97653681841228,48361
2023-01-04 10:35:00,215.05914391139217,215.91293315638416,214.8875171024262,215.68935378250052,46805
2023-01-04 10:36:00,215.04755481552803,215.81269974638758,214.4152512023608,215.14196691248722,32347
2023-01-04 10:37:00,216.0088583994182,217.33280332066886,214.62655048075698,215.38847342840742,9986
2023-01-04 10:38:00,215.82589225174593,216.61890511100515,214.9254861611011,215.3291288886251,3066
2023-01-04 10:39:00,216.02631297418256,216.35821579930533,214.51533063809077,215.8977369586167,43779
2023-01-04 10:40:00,215.6172934568355,216.26495024747095,214.92311664097704,215.8446967791601,97290
2023-01-04 10:41:00,215.01039388170605,217.07869112447042,214.38985335404416,215.61701760575951,58714
2023-01-04 10:42:00,215.9009235026998,216.02620135774453,215.65431491545274,215.98846655222908,85458
2023-01-04 10:43:00,217.23732414054402,217.56032662092062,215.96671527137158,216.57779270347024,57112
2023-01-04 10:44:00,215.7265277454936,216.76905670142446,215.23734121953248,216.16520430154893,60032
2023-01-04 10:45:00,216.23184435002193,216.58452095999442,215.59020885041875,216.14721351705185,95964
2023-01-04 10:46:00,215.2678064971745,216.8016613571347,215.00360347544392,215.48249125749896,20705
2023-01-04 10:47:00,213.62026922931284,214.84394700006615,212.98446259996604,213.88917427253685,25104
2023-01-04 10:48:00,215.55728806967068,215.89495631592123,212.1751627119978,214.03919162507827,96568
2023-01-04 10:49:00,214.71860139629263,214.86355575649847,213.22919609754197,214.45158437492756,77456
2023-01-04 10:50:00,214.26578617749914,214.75728043117036,213.59993948542757,214.64163146062728,43125
2023-01-04 10:51:00,213.19061459806696,213.6743705679605,212.04911155846037,213.4077243005774,59852
2023-01-04 10:52:00,213.44920212282955,213.51588029365942,213.059132268353,213.20444313767314,80959
2023-01-04 10:53:00,212.05175524063452,212.103658290616,210.851377497195,211.80687878538473,38326
2023-01-04 10:54:00,212.70871229032178,213.0091150280521,212.42022117880617,212.6983958227066,99226
2023-01-04 10:55:00,211.93478850188663,212.14841056434656,211.66116092899114,212.02665946011163,46536
2023-01-04 10:56:00,212.96463558294033,213.77100221663443,212.3910843654136,212.84639922682152,55070
2023-01-04 10:57:00,211.48945910826117,213.49631932545353,211.33379652840063,213.47165871013257,26099
2023-01-04 10:58:00,213.0858649899421,213.95734969601423,212.44749184955506,212.91625432688093,34006
2023-01-04 10:59:00,212.54818608309324,212.86380446453208,211.3563565460271,212.21398096596826,25810
2023-01-04 11:00:00,213.99230992469194,214.56055710709634,211.6481791108174,212.45826273935862,89250
2023-01-04 11:01:00,213.738992299119,214.08918956827762,210.83526018480805,211.94135771124556,98894
2023-01-04 11:02:00,210.41347186498396,212.94235346921513,210.27625664580282,212.02771404962738,98569
2023-01-04 11:03:00,211.82329004630628,212.6206014268522,210.93440259108726,211.7417983299557,8388
2023-01-04 11:04:00,209.3033755587328,210.92836251935958,209.10780287071864,210.63153545242025,92631
2023-01-04 11:05:00,209.1729141466671,209.9094881819761,208.9879156683328,209.2431778950284,60247
2023-01-04 11:06:00,210.84028359348054,211.02149489152114,209.20545013097566,209.40639861041916,76962
2023-01-04 11:07:00,208.6903497607227,210.5588588463895,206.84567000186357,209.07455789446755,74153
2023-01-04 11:08:00,208.77710409970797,208.86803788233053,208.4914304282226,208.74855432341525,41850
2023-01-04 11:09:00,208.51943332133155,209.31873384105404,208.46442971391448,209.2052108900979,80458
2023-01-04 11:10:00,210.15172425414877,210.83062808025596,209.66647396372576,209.96260212803764,26511
2023-01-04 11:11:00,209.4974692242432,209.92103767341533,208.6207895947519,209.81192579157027,59612
2023-01-04 11:12:00,208.72362859887835,211.4612877025082,208.30218364220107,209.6185219722928,40224
2023-01-04 11:13:00,209.63325424169534,210.2176175258428,209.3508438959336,209.95400155461823,26394
2023-01-04 11:14:00,208.08612622800368,210.13680914189158,207.94462559162446,209.12031479664302,94679
2023-01-04 11:15:00,208.89291797951958,209.36449686397128,208.0119505309392,209.2812243392927,54269
2023-01-04 11:16:00,211.09561704554204,211.15201697934012,209.21445692098223,209.6486505773625,60459
2023-01-04 11:17:00,211.43700853724258,211.92468746292406,209.1049926836211,210.09744347825037,68975
2023-01-04 11:18:00,209.7109751261564,209.73355642425548,208.8437190897082,208.8977328482621,94499
2023-01-04 11:19:00,208.78813474072138,209.01750715647307,207.5318883777172,208.44148645228142,11019
2023-01-04 11:20:00,208.22758190497808,208.30986168705797,207.7416476048621,207.91313110718184,23470
2023-01-04 11:21:00,207.94267438817852,208.76594257257457,206.8188664560934,207.99622584863653,54976
2023-01-04 11:22:00,208.32631528024532,208.49776591198506,208.14187290865235,208.31700464578816,93727
2023-01-04 11:23:00,209.35677263571995,209.70828888247954,209.11625726543576,209.27320703295672,49003
2023-01-04 11:24:00,209.50048412168684,209.63726615890275,208.88532444044245,208.9833853133183,92885
2023-01-04 11:25:00,208.0508988588026,208.93224773385893,207.85471505721438,208.69233049644325,74927
2023-01-04 11:26:00,208.81881570137486,210.2474653180183,208.73370463435808,209.43298292827197,30658
2023-01-04 11:27:00,210.24790101636106,210.40786256436016,207.3379473212772,209.6402652052772,74905
2023-01-04 11:28:00,209.96796845125826,211.2806988462916,209.96298990282557,210.45848162877763,75658
2023-01-04 11:29:00,210.69160078442147,210.71698796303554,209.6213282469912,210.661823248292,12928
2023-01-04 11:30:00,210.62445552166727,211.0490888365632,209.48302358729856,209.95160854078972,35804
2023-01-04 11:31:00,208.7525666488607,209.34354403987848,208.46345998885678,209.13292637421299,52243
2023-01-04 11:32:00,208.10033779869002,208.57726114346067,206.99898628371577,208.18042277599702,39318
2023-01-04 11:33:00,208.55542134308484,208.6570747990136,208.09892219139775,208.61471951085355,48812
2023-01-04 11:34:00,209.29239890338178,209.4801817174718,209.23134342941637,209.37945736138397,46048
2023-01-04 11:35:00,210.7418587426815,210.83465524169569,210.42961486383396,210.5620506320046,43875
2023-01-04 11:36:00,211.19513020316234,211.68232718244215,209.19193181669013,211.11568480008606,25591
2023-01-04 11:37:00,211.45045576020271,213.1970238184366,210.87026856445357,211.87327675639085,14891
2023-01-04 11:38:00,209.7907441871666,213.04204663964512,209.64846362299963,211.5257942011518,8721
2023-01-04 11:39:00,211.1865695908516,212.77331821759364,210.77960913898096,210.81311145838134,85077
2023-01-04 11:40:00,209.96633672545974,212.09556627424868,209.4318770477693,211.3718163766874,27152
2023-01-04 11:41:00,211.487044547162,211.75757530211717,211.46816316809443,211.65781137612436,50457
2023-01-04 11:42:00,211.78582272946085,212.18377759295382,210.73134843535715,211.74720148061496,73659
2023-01-04 11:43:00,212.40939412920713,213.6853074448782,211.62746597039177,212.01445068163534,72348
2023-01-04 11:44:00,213.80430759933623,214.21324229381844,210.67616817840923,212.24121210429846,37112
2023-01-04 11:45:00,213.08519663930718,213.62076976627839,212.90459908735912,213.07987276487464,21840
2023-01-04 11:46:00,214.45875530577405,216.20394350923075,213.01211675560384,213.92898684308653,2208
2023-01-04 11:47:00,214.13107505121485,214.33353615778051,213.77267498943178,214.2996532675575,19242
2023-01-04 11:48:00,215.01914802029114,215.15672528167693,214.03396684629632,214.86484901985307,85623
2023-01-04 11:49:00,215.57542835385408,216.92953440639678,214.08105699783812,215.21769742289558,2971
2023-01-04 11:50:00,214.5146877915759,215.07111058938358,214.1829307462324,214.941463529089,30795
2023-01-04 11:51:00,216.31752830580476,216.57548932481734,214.6357128746106,215.45080903088265,1983
2023-01-04 11:52:00,214.12979908787415,215.1973914265703,213.6496033803646,214.57101883945984,96477
2023-01-04 11:53:00,214.23581413046176,215.7393610049831,214.10609402437407,215.27087969371107,12502
2023-01-04 11:54:00,214.4919257556419,216.03222689130732,213.25669895214236,214.52096876950716,29577
2023-01-04 11:55:00,214.87692690464883,215.0216044635182,214.34839342242975,214.72635326026625,11354
2023-01-04 11:56:00,213.9316640046445,215.80146200516103,213.87228224708898,214.20339541328332,68663
2023-01-04 11:57:00,215.09066195059307,215.97005959776098,213.84651469651473,214.5804291503012,86559
2023-01-04 11:58:00,214.68119877994997,214.75392459287156,214.5745920018707,214.58004812460035,95386
2023-01-04 11:59:00,214.64346198507056,214.85119716564031,211.94411198507254,213.5748976986638,24860
2023-01-04 12:00:00,213.2696978975841,214.37931506984128,212.8242170187299,213.86580783040355,34328
2023-01-04 12:01:00,212.09378498866207,213.80342219263036,211.43275663294384,213.51640192978869,73188
2023-01-04 12:02:00,213.92831243649755,214.32628162686223,213.61500805761344,214.1021714021826,97515
2023-01-04 12:03:00,214.06563409196002,214.17265834900462,214.00623518465284,214.12443311783272,43769
2023-01-04 12:04:00,214.54069913013998,214.8636641254791,213.63870707138764,214.39985344416183,21771
2023-01-04 12:05:00,213.82489852676002,214.22493155025424,213.10829416603386,213.80538549865244,53084
2023-01-04 12:06:00,213.982983987947,214.43720081770806,212.55310099491038,213.44875882242098,42250
2023-01-04 12:07:00,213.80996554588873,214.46553160042816,210.82265218466762,213.17641615543187,48867
2023-01-04 12:08:00,214.91784747732459,215.07386411529197,213.04817036639736,213.74562009039613,79417
2023-01-04 12:09:00,213.76252329432688,215.6237239426086,212.35308471453357,214.8425906696804,51580
2023-01-04 12:10:00,214.40508850459833,214.41573709706967,213.71986939191262,214.3451193735119,18331
2023-01-04 12:11:00,214.8749270492525,216.84952464030243,214.331994438071,215.05900531779062,77255
2023-01-04 12:12:00,213.52711599646753,213.9667668139649,212.42756095065104,213.68068521637272,9572
2023-01-04 12:13:00,213.68008277214327,214.34478681030564,212.91835477453776,212.93652765638376,10896
2023-01-04 12:14:00,212.34274764929594,212.53175614108744,211.49948358145667,212.34534444339292,34077
2023-01-04 12:15:00,211.62433417181654,212.5886816530803,210.74561370824384,211.50498220727135,86334
2023-01-04 12:16:00,211.9236932170717,212.46658152615333,209.95392355978206,210.5213222028751,72325
2023-01-04 12:17:00,211.75081397205406,211.84743469735247,210.46380378162567,210.8032095662502,76226
2023-01-04 12:18:00,210.7337479600434,210.81640036037834,210.5076568787083,210.68891141397035,47221
2023-01-04 12:19:00,211.4060910476489,211.71677295759608,210.32921609404008,210.94978983572975,42620
2023-01-04 12:20:00,211.42388049907083,211.83458039392076,211.3943047958978,211.40785001878726,86367
2023-01-04 12:21:00,210.7943763079727,212.47468046921938,210.36120288264888,211.5974513561543,92609
2023-01-04 12:22:00,214.48445154717194,214.5711296524007,211.19794978391093,212.03615413629797,11264
2023-01-04 12:23:00,212.67068218041172,213.09418402784613,211.71385838107673,212.01312767602226,17049
2023-01-04 12:24:00,211.42296258373696,212.3138412794751,210.28242707473277,211.27935444643347,78164
2023-01-04 12:25:00,211.72924399237553,212.23556390073327,211.43572028182388,211.9709652736224,68678
2023-01-04 12:26:00,211.4615372290927,211.83713631558754,211.44409030945198,211.6175383678297,81379
2023-01-04 12:27:00,211.30154845439782,212.4658944762528,210.62025761634288,211.044734364716,30236
2023-01-04 12:28:00,211.4238970435177,212.90226016004996,209.9519486518747,210.95319294563885,22123
2023-01-04 12:29:00,210.27671899798776,211.64902411962498,209.90871384009802,210.39660713098968,27007
2023-01-04 12:30:00,211.18821652968674,212.5363507016968,210.90593087193204,212.32329996260094,81361
2023-01-04 12:31:00,212.29470077522205,212.99653923366785,211.5688295327332,212.56641549537153,11142
2023-01-04 12:32:00,212.43333323962028,213.1065850751579,211.48074899214967,212.01512658008886,29498
2023-01-04 12:33:00,212.10600884061216,213.82482927872064,211.56346766956634,211.72612534360832,34226
2023-01-04 12:34:00,212.884881267239,213.4427260318151,212.09073734020112,212.42969104942895,41348
2023-01-04 12:35:00,214.72161484863148,215.07772716833423,211.50445614068184,212.76728438947526,28524
2023-01-04 12:36:00,213.8902059952024,215.1005163927998,212.80315693634597,214.1130789779754,50489
2023-01-04 12:37:00,215.44282722955384,215.77293347369996,213.4581824976239,214.89253291647853,16298
2023-01-04 12:38:00,216.8372304285562,216.9337082764486,215.6071612651223,215.65172227747505,13135
2023-01-04 12:39:00,214.2783274057788,215.24979531843778,214.17943224940547,214.77539872010118,73916
2023-01-04 12:40:00,213.9994761689869,215.47807910312127,213.84279722949017,215.28905149473883,93125
2023-01-04 12:41:00,215.00237993253344,215.43983782435714,214.60492412068913,215.27628046099255,99002
2023-01-04 12:42:00,215.31249785305877,215.81168636058928,214.59976242308593,214.94196814923643,37788
2023-01-04 12:43:00,215.62628117779747,216.39699866496954,215.0545578198301,215.07180298997136,25920
2023-01-04 12:44:00,215.5868353127006,217.34862634710078,214.73294369612034,215.70317521713778,63015
2023-01-04 12:45:00,216.1072832797152,216.6937139939555,215.06022902732366,216.04883842794547,64010
2023-01-04 12:46:00,215.25466351393382,216.3847726627841,215.25230627115377,215.50106357868026,6643
2023-01-04 12:47:00,216.43963263552783,216.50777963765125,214.37329780027304,216.00261574166618,51094
2023-01-04 12:48:00,215.60695457877702,216.47156454093442,215.3456543738089,215.61105427268222,17729
2023-01-04 12:49:00,216.69840590914953,216.87163643216593,214.7820351071259,215.77277320527844,54046
2023-01-04 12:50:00,214.31848064714322,216.988054519312,213.99185019854121,215.5979864266643,62039
2023-01-04 12:51:00,214.51786057651935,215.80290390207423,214.1163023706769,215.47798485579412,42284
2023-01-04 12:52:00,215.80852708430334,216.34978522944078,215.64237503336366,215.9948581307946,73146
2023-01-04 12:53:00,215.95225240529638,215.96026699964602,213.87698268138038,215.34242813178713,85058
2023-01-04 12:54:00,216.58258086175337,217.46884975144806,216.57848469660584,216.6206114660547,87309
2023-01-04 12:55:00,215.76875879335986,216.07166700032496,215.23110006236067,215.45881919361264,12804
2023-01-04 12:56:00,216.2457790004618,216.6089750915398,213.8218784591692,215.09404675561916,58867
2023-01-04 12:57:00,214.90045572694163,215.4898474029627,213.69142111450807,215.35444728098855,8816
2023-01-04 12:58:00,215.6585568134427,216.47763105129118,215.19233730550232,215.75348668877004,28473
2023-01-04 12:59:00,216.48058587843335,216.5146523155338,215.69752791281212,215.71002807631618,12932
2023-01-04 13:00:00,216.23417767325492,216.3712443382202,215.08398253958262,215.69445982865645,50410
2023-01-04 13:01:00,216.64847553850194,218.19926688111175,215.45957105460016,215.98168941130135,84030
2023-01-04 13:02:00,215.7001396332333,216.24291933465858,214.9707938422698,215.85356725190437,24709
2023-01-04 13:03:00,216.8481827758707,216.85567441321356,216.62502632172058,216.7773220416908,96725
2023-01-04 13:04:00,217.90709531040653,217.94888497138845,215.55263908568065,217.34485533361857,97441
2023-01-04 13:05:00,217.53060762769167,218.18254358403036,216.9975862283926,217.9357014660549,7487
2023-01-04 13:06:00,217.63792045984923,217.79353015850083,216.7741411814922,217.32581490649986,18204
2023-01-04 13:07:00,216.93778684779144,219.47795165415633,215.8388501495099,217.29578802590618,6988
2023-01-04 13:08:00,216.56884201600994,218.72004734819467,215.29558154893405,217.12164764940212,28364
2023-01-04 13:09:00,215.42949494292188,217.28280495821375,215.06374536176818,216.48834633146245,39403
2023-01-04 13:10:00,216.05564333574785,217.36661647678167,215.70886786811843,216.7439092118663,22048
2023-01-04 13:11:00,216.53379712042965,216.7793285815252,216.06375773637595,216.41598927285037,8093
2023-01-04 13:12:00,216.33791825788543,217.20699007289332,215.43054044018007,216.8631504764084,84483
2023-01-04 13:13:00,215.04799411193179,217.05704802973392,214.44404611833096,216.18858144962843,97271
2023-01-04 13:14:00,216.60699829812737,217.9458179873484,215.7035784103802,217.32511116240713,30196
2023-01-04 13:15:00,217.15260672183584,218.2696535021013,216.48755824976075,216.76245688952233,23727
2023-01-04 13:16:00,217.4143451047738,217.43653533818684,215.68095048912025,216.9267426754508,43167
2023-01-04 13:17:00,217.52032700794362,217.57617092125588,217.19481241686864,217.4637617322975,25884
2023-01-04 13:18:00,217.04858413095874,218.184073666148,216.32880066872093,217.11322726482717,35607
2023-01-04 13:19:00,218.16299515726334,218.25272418178372,217.2103745240953,217.69018524250706,74211
2023-01-04 13:20:00,217.2484375381968,219.24787112819766,216.2062811725822,216.90921064572464,45312
2023-01-04 13:21:00,217.46123115825662,218.29055547305717,215.7933314669194,217.87583467847233,41769
2023-01-04 13:22:00,218.29484155231953,218.31651763657152,217.66656015244857,217.90687061068368,10575
2023-01-04 13:23:00,216.87731237000588,218.1490680779483,216.0632691235907,217.5387748672237,36074
2023-01-04 13:24:00,217.65582947354392,217.8971861412899,217.14321759424834,217.36527783600104,92292
2023-01-04 13:25:00,217.88897780864505,220.9057102464471,216.62104264200067,217.914507249,11664
2023-01-04 13:26:00,217.28207292993966,217.99480061568602,217.0233686277997,217.55421483892692,81650
2023-01-04 13:27:00,217.5294519279378,218.00468396115446,216.88870539402663,217.08689248914317,88060
2023-01-04 13:28:00,218.67017064965796,218.711171341704,216.73384328644315,216.96432310376588,77695
2023-01-04 13:29:00,216.44085942905105,217.03421661237198,215.94920306393368,216.21994317172852,14299
2023-01-04 13:30:00,218.47927725080436,218.59875381200612,216.68293025743733,217.42247886699613,29032
2023-01-04 13:31:00,217.30325728485252,217.44236291921072,215.8179893490243,217.07478036676653,42397
2023-01-04 13:32:00,217.9907093751633,219.23382530158364,217.5679801603656,217.63805693843148,66991
2023-01-04 13:33:00,216.24435666444876,219.33119868398018,214.1708139170899,217.7965867301008,56919
2023-01-04 13:34:00,218.1498734356345,218.8392926573888,216.90650877135596,217.1750819216302,59447
2023-01-04 13:35:00,217.18698428944563,217.4853767745771,216.86624628999343,217.19291978643906,66498
2023-01-04 13:36:00,216.87768147513526,218.97684206927522,216.65486828435334,217.72547863669527,45572
2023-01-04 13:37:00,219.3243975246682,219.33735825677246,217.28074225165537,217.62428331668758,71274
2023-01-04 13:38:00,218.44333057835715,218.87024494159795,217.14426447160272,218.42499679428934,98802
2023-01-04 13:39:00,219.10156751285615,219.75274487727566,218.59469675279263,219.11621278314985,17775
2023-01-04 13:40:00,220.7443591440864,222.00459381709203,218.70409389257233,219.74217183289687,36389
2023-01-04 13:41:00,219.3726342325999,220.33732813987257,219.2800449664556,219.46112811776925,82254
2023-01-04 13:42:00,218.50971315914126,219.7310085560468,217.31115636942118,218.7721239052423,7176
2023-01-04 13:43:00,218.65832398390052,218.73174979998322,217.67018581809026,218.39129352675138,49263
2023-01-04 13:44:00,219.6305446409112,219.91015413852747,217.20597533419246,218.54170459472937,10112
2023-01-04 13:45:00,219.29598356054245,220.16536241274397,218.85332842417716,218.92139024135037,88639
2023-01-04 13:46:00,216.61874282153119,217.6292216339677,215.47299133214463,217.51707208755894,28033
2023-01-04 13:47:00,217.28448766538278,218.02455206089186,215.57899983747816,217.53352951518818,20984
2023-01-04 13:48:00,217.90200683856946,218.717173055388,217.4820553848725,217.6584519896283,32742
2023-01-04 13:49:00,216.62463988624074,217.5398384016786,216.5611428864614,217.4989882752625,71044
2023-01-04 13:50:00,217.80424951689417,218.98536259711275,216.59714471288905,218.36329043480683,40210
2023-01-04 13:51:00,218.67879993705822,219.01585549945275,218.1697566077985,218.6614306184101,57806
2023-01-04 13:52:00,218.1050476000357,221.95498927425032,218.08242563179135,219.54276207248884,60132
2023-01-04 13:53:00,217.68227368063697,220.81440037846036,217.3512851489716,219.4224786412872,72752
2023-01-04 13:54:00,219.81601807046934,220.27083586229043,219.69708485488056,220.0615317943802,25269
2023-01-04 13:55:00,220.94372303392146,221.58277802530685,220.60255372413422,221.16298359365538,66796
2023-01-04 13:56:00,221.48331736476027,223.00707722073798,219.68696845963495,222.05539400241892,7833
2023-01-04 13:57:00,220.20484094726868,223.03744590744284,219.0261500705466,221.35005174631343,10527
2023-01-04 13:58:00,221.5989063862656,224.30269960792918,220.56723019528187,221.20373311281563,6944
2023-01-04 13:59:00,221.27919709143126,221.47665270327605,219.9653276352849,220.99679832197407,23518
2023-01-04 14:00:00,221.3308163545852,222.92216505986318,221.06082825885113,221.34326905925536,89795
2023-01-04 14:01:00,221.24951821713768,222.3747289693858,220.1445568338853,221.82116260495337,96396
2023-01-04 14:02:00,221.30470588401616,221.426634190365,218.84205390954767,221.28509227645435,98095
2023-01-04 14:03:00,221.73996629025422,222.05585324442842,221.21345827066054,221.352255741118,34102
2023-01-04 14:04:00,220.11644850743227,220.58229941548854,218.93498705638632,220.03304455247442,8669
2023-01-04 14:05:00,221.87237893750878,223.07686921760362,220.9591325472112,221.00687450604113,26379
2023-01-04 14:06:00,219.57683971238026,221.18621762038057,219.54410892748473,220.68926050496364,24712
2023-01-04 14:07:00,220.4616755264477,221.1973697956243,219.11837175959045,220.74831514573364,20191
2023-01-04 14:08:00,221.02041961256157,221.6851277193623,219.87922726665167,220.56532601930354,14259
2023-01-04 14:09:00,219.97716465019468,222.64260351217635,219.6462886858201,221.3457043890353,38958
2023-01-04 14:10:00,219.2380909655239,220.61074412391574,218.05858655378933,219.4836293735356,26516
2023-01-04 14:11:00,220.08840125792187,220.20566311880526,218.82075229632483,219.4946406418165,36931
2023-01-04 14:12:00,217.93322373917945,219.8446026884409,217.4400958603688,219.4469101554303,75630
2023-01-04 14:13:00,218.10953047727196,219.72897535302639,216.72388881874886,219.17020753567263,12624
2023-01-04 14:14:00,220.31563727612868,220.52782251131515,220.13408250514084,220.32713684720784,24872
2023-01-04 14:15:00,220.38903432456888,220.74266829612523,218.8739475440945,219.76266128356295,33791
2023-01-04 14:16:00,221.04767935905977,221.64498946089245,218.24004110541574,220.2934734953247,5652
2023-01-04 14:17:00,220.5243317618991,221.30071277000792,218.07560939085587,220.5509433354736,36516
2023-01-04 14:18:00,221.1736549200874,221.6124469058521,220.9209413320335,221.40768621335485,92508
2023-01-04 14:19:00,220.01402540412693,223.64025442252756,219.73252456110714,220.986664607394,9095
2023-01-04 14:20:00,220.32378024630415,221.47459942598982,219.70551554441096,220.5228342170198,69893
2023-01-04 14:21:00,222.2594194379843,223.52711407335772,219.5681515451367,221.27001182793222,78632
2023-01-04 14:22:00,222.90446024565685,223.79511655157648,220.79883045533134,221.57447138188965,9095
2023-01-04 14:23:00,220.62723636954013,220.67699224465454,219.25538730443856,220.5696728013037,77216
2023-01-04 14:24:00,220.2583602897327,220.56318468627708,220.00526484662694,220.23486677684303,56124
2023-01-04 14:25:00,220.77924268299708,221.27521907161187,219.92585997808945,220.51217506040607,29242
2023-01-04 14:26:00,220.825335811551,221.163831864419,220.4292629694869,221.0884379099552,27333
2023-01-04 14:27:00,220.84563836595532,222.21207042898476,220.6033325888789,220.66003662146122,14169
2023-01-04 14:28:00,218.42146555094428,218.83631066428663,218.066364456508,218.7529231248114,91075
2023-01-04 14:29:00,219.86655564459744,220.75813653936638,218.79932776062657,219.11816822110384,60222
2023-01-04 14:30:00,218.93639593418507,219.00501187159492,217.6118060128006,218.33789673525743,88258
2023-01-04 14:31:00,216.7329427020742,217.2995780182697,216.40507091386283,217.03834599437752,19916
2023-01-04 14:32:00,216.96621996392395,217.0464420461419,213.01536331369977,215.2158798267503,39105
2023-01-04 14:33:00,215.87060458735453,216.16648992675292,215.52002851698214,215.76294623570175,70309
2023-01-04 14:34:00,214.31500349422632,216.15324053495436,213.72662349732636,215.86777517043544,49194
2023-01-04 14:35:00,215.30279280366258,215.8119428884187,215.18206827126994,215.74322612538037,60422
2023-01-04 14:36:00,216.60703355939006,216.8987111226838,216.55888141742017,216.66381823968993,56617
2023-01-04 14:37:00,216.14780364295194,217.41752855992374,215.0965612623587,217.09974021936043,96481
2023-01-04 14:38:00,217.0885780805604,218.72165342375183,217.05196783676783,218.17414515155676,22045
2023-01-04 14:39:00,216.7426014945554,217.31569294079222,216.2830114822761,217.28438595288506,68593
2023-01-04 14:40:00,217.59135087029742,217.62578355702402,214.65624732825967,217.28359245814997,18061
2023-01-04 14:41:00,216.3961175570758,216.4839166932093,216.21777257446118,216.25146494714423,79674
2023-01-04 14:42:00,216.72313469908164,217.33827685034947,214.77746664928267,216.12427729774873,36742
2023-01-04 14:43:00,214.97281613053602,216.71579577499074,214.7373731761558,215.98469396031825,25860
2023-01-04 14:44:00,215.14375772406478,216.62099767799506,213.8173492262098,216.41230929374117,82439
2023-01-04 14:45:00,215.84585532195695,218.10694726011076,214.93916200199573,216.46353227888548,55800
2023-01-04 14:46:00,216.92421985201565,217.34577360013452,213.36518901023766,216.8900133657132,95578
2023-01-04 14:47:00,215.7471780554583,218.7877046339653,215.07389173427657,217.36940978668517,40212
2023-01-04 14:48:00,218.97395250455395,219.46037772060572,218.5616983072241,218.79639345186936,19224
2023-01-04 14:49:00,219.37888972810993,220.62463754509236,217.60062755058615,218.61131577808243,68414
2023-01-04 14:50:00,218.5074107772424,219.4383967014915,217.522625824334,218.01602227735106,76338
2023-01-04 14:51:00,218.28615047861896,218.34625084339527,217.9922121192291,218.19877439245553,29538
2023-01-04 14:52:00,217.1890746307016,217.7519762935564,217.0195529175842,217.6954247139706,90139
2023-01-04 14:53:00,217.97772033430016,218.99267586975535,217.36251036385343,218.68504249312468,16037
2023-01-04 14:54:00,218.75380374317606,218.89803485839568,218.204334898061,218.52110435072933,12690
2023-01-04 14:55:00,217.85001716364715,218.4198422566926,217.21240302284042,218.1721853436569,11323
2023-01-04 14:56:00,217.60563513532898,218.53032473794858,216.98371746016088,217.88551861958018,4314
2023-01-04 14:57:00,217.5676090223304,219.7682635928269,217.50085068433964,218.37690543013753,47185
2023-01-04 14:58:00,218.36168658272393,218.41937703904696,218.1854474098158,218.29539822656344,35146
2023-01-04 14:59:00,218.23623775839675,218.3138283994499,215.5245963007893,217.89700902429868,15356
2023-01-04 15:00:00,219.45362208584015,220.02025243365833,218.52799285345566,219.00742433067023,77805
2023-01-04 15:01:00,218.577264713173,218.76039535443832,217.48385694985552,218.4668024183245,6340
2023-01-04 15:02:00,218.39693552753633,218.71638481303813,218.05516923339755,218.51195911797203,45852
2023-01-04 15:03:00,218.49221124155366,219.38667042492736,218.22249364012785,218.96142039928299,63550
2023-01-04 15:04:00,217.39578544760778,219.03096930161306,217.37182389672918,217.9117181825505,43675
2023-01-04 15:05:00,219.0740705528164,219.9947412759742,217.3384627953211,218.2474725274785,99756
2023-01-04 15:06:00,217.6933607622714,218.2590495277252,217.143052999676,217.57847352447737,1392
2023-01-04 15:07:00,218.95434371132393,219.75656960437772,216.07497680316234,218.1372908363181,72007
2023-01-04 15:08:00,218.16992822741233,218.6454433890123,217.08799898110883,217.52913431411918,51421
2023-01-04 15:09:00,219.7041309534351,219.73549424923084,217.1322194867309,218.00297957088372,9137
2023-01-04 15:10:00,218.2794646340451,219.05852946680398,217.46758633375953,218.7480045789216,14997
2023-01-04 15:11:00,218.67823234173116,219.34293766016685,218.18253950301127,219.33519194254023,85970
2023-01-04 15:12:00,219.1051195863366,219.95884762277907,218.76191008987283,219.52249321757344,31278
2023-01-04 15:13:00,219.78549002349297,220.9108798926233,218.7596533604025,219.39211818786868,11397
2023-01-04 15:14:00,219.84823345113787,220.11640562013102,218.00694847366603,219.0346716642363,32530
2023-01-04 15:15:00,218.77372669109386,220.87645489283534,218.68053234009568,220.0231979329322,49364
2023-01-04 15:16:00,220.4025963608851,220.43964806324394,218.7630968579703,219.58348472688522,5794
2023-01-04 15:17:00,219.99641590653914,220.008049151971,218.26987745435048,218.92227532837833,90330
2023-01-04 15:18:00,220.4103086378567,221.4466152615521,218.8698830124415,219.38115979948176,83085
2023-01-04 15:19:00,218.98887823421282,220.54654445309225,218.21629879213663,218.8791256697354,72899
2023-01-04 15:20:00,217.26131253611155,218.2969578357709,216.96399699598325,218.27716637933403,9079
2023-01-04 15:21:00,217.0096952807168,217.67240879741283,216.75643821078413,217.35367655281334,78568
2023-01-04 15:22:00,216.80007734815098,217.58660901975242,216.75858905464463,217.0605252333178,68041
2023-01-04 15:23:00,217.0953500487638,217.35586295986585,216.85954299412737,217.02836878624615,10448
2023-01-04 15:24:00,216.26965465565198,219.95643206663806,216.0454610964119,217.20834502648367,79776
2023-01-04 15:25:00,217.73205484732804,218.0981927507974,216.79764437233197,217.84996082579926,60606
2023-01-04 15:26:00,217.92580728426236,218.46790616808278,217.60478834064136,218.21609989797122,41177
2023-01-04 15:27:00,216.55192924597048,218.9821329702748,215.9467886372584,218.11296733397174,97275
2023-01-04 15:28:00,217.9410457771457,218.14015307380052,217.7026954157593,218.0050914894413,33977
2023-01-04 15:29:00,218.9921952620364,219.03195911772343,217.51660828246597,218.36054277564486,21177
2023-01-04 15:30:00,219.76644596390273,220.53523409570266,218.0135337738933,219.21601616441396,54673
2023-01-04 15:31:00,219.31850979577632,220.95416468358866,217.73597530660683,219.3210080528175,20431
2023-01-04 15:32:00,219.15648217690065,219.30367644412078,218.6438660361554,219.03426939806045,68655
2023-01-04 15:33:00,218.65971982855552,218.89156652361632,218.00842017579032,218.40375778752642,1177
2023-01-04 15:34:00,218.0415365851774,218.11704588020407,217.41959410361656,217.47868338173933,11226
2023-01-04 15:35:00,217.27537013258964,217.94226551617388,217.103752570443,217.9351296032371,91410
2023-01-04 15:36:00,218.60946547476934,218.9269587573802,216.6771867212016,218.33480858956926,97521
2023-01-04 15:37:00,217.73834306368911,219.6195605830157,216.9281618277108,218.7348177346505,93679
2023-01-04 15:38:00,220.2412413576106,220.37561785714774,218.09809145663075,218.672264314781,13231
2023-01-04 15:39:00,218.85003052078685,220.70709490951327,218.12401747766285,219.61710436109433,50426
2023-01-04 15:40:00,220.61693542611377,220.79495247611274,218.3614117416493,219.32010396568535,80552
2023-01-04 15:41:00,221.1097421204098,221.15302034716763,219.95779580414563,219.97056522134045,80670
2023-01-04 15:42:00,218.92760689806644,221.1184365472237,218.55458927864908,219.9669953883351,53147
2023-01-04 15:43:00,220.2971500179701,220.33190961161705,218.9687945323741,219.58754081832782,15082
2023-01-04 15:44:00,218.52234986584003,221.41303588363994,218.25131802572358,219.99983639154237,74311
2023-01-04 15:45:00,219.17941811980884,220.65680640003444,218.76619035565463,220.29219601245316,17175
2023-01-04 15:46:00,220.39307812934575,221.051565763052,219.86687585891124,220.55014017122102,15133
2023-01-04 15:47:00,220.67858987410452,220.69896270584303,217.517017459372,220.6259730873703,63877
2023-01-04 15:48:00,220.64248627361667,220.9085377343609,220.38833390209874,220.62295509059788,23427
2023-01-04 15:49:00,222.73390283652228,223.41005078208877,221.9061314152171,222.22580644687503,58832
2023-01-04 15:50:00,223.41309395662546,223.70092049049535,222.75900283909937,223.0375461915761,15837
2023-01-04 15:51:00,224.18843788812802,224.22890022840062,222.95274503505107,223.54350255713177,11546
2023-01-04 15:52:00,223.7129134458482,224.00382390529327,222.66104827871672,223.64083283361063,91528
2023-01-04 15:53:00,223.53687445569997,224.60558373933776,223.22810768129102,224.3389213423014,11748
2023-01-04 15:54:00,224.3960191241085,224.82578792523378,224.20919795527126,224.70997440262545,92032
2023-01-04 15:55:00,222.92668674944173,224.7770583676956,222.726493734056,224.75011080804092,68089
2023-01-04 15:56:00,224.974858735092,225.41074094541707,224.18479492189456,224.56790747189908,61029
2023-01-04 15:57:00,222.47740942138032,224.8721478592847,221.94909616149113,224.53584995105493,26241
2023-01-04 15:58:00,222.11425902434644,222.4251092247528,222.00650937729375,222.4226808241138,62445
2023-01-04 15:59:00,223.89879125099867,224.11582013111783,222.17609388061754,222.58545030197735,3469
2023-01-04 16:00:00,222.180513784972,222.79558850977062,221.88199042618936,222.28152584224821,50067
2023-01-04 16:01:00,223.4101235301071,223.79878951222267,222.90190930252527,223.3658173469769,2474
2023-01-04 16:02:00,222.36475586982144,224.82802015804597,220.73916673316924,223.40111634127467,49554
2023-01-04 16:03:00,222.47503520205535,223.91403844398283,222.3599867548106,222.62660918726965,32109
2023-01-04 16:04:00,223.1014762795917,224.02873622330156,222.57338022999872,222.61555789945055,23861
2023-01-04 16:05:00,221.66124595866347,223.3209094010922,220.51710083574585,221.9391709682958,34105
2023-01-04 16:06:00,223.62250709946375,223.7854029958019,222.22358499653637,222.276567833513,58612
2023-01-04 16:07:00,221.30723872134325,222.65253718912297,220.66112312730633,222.4928078349931,96608
2023-01-04 16:08:00,223.03359676392358,223.6213612177064,222.67451297679594,223.15439440271936,72500
2023-01-04 16:09:00,222.8858252344001,223.2001335392883,221.7523968890041,222.64724360035044,36596
2023-01-04 16:10:00,223.14568404919493,223.719998277353,221.3373802501606,222.69222375136636,73008
2023-01-04 16:11:00,221.97546738409028,222.25291720869285,220.8774607224596,221.80255375646357,86893
2023-01-04 16:12:00,223.12670322806548,223.19641081431527,221.68854358121663,222.29151401407245,89581
2023-01-04 16:13:00,223.40527556440713,223.95698316461016,221.25838773620748,222.65976514630876,73100
2023-01-04 16:14:00,223.35793852186555,224.64155234255514,222.47471980425496,223.01321861144447,2336
2023-01-04 16:15:00,223.08297802353724,223.24619260649592,222.33178156501504,223.03660312948747,44316
2023-01-04 16:16:00,223.40207681672575,223.97570402207117,222.808194174604,223.3364353996956,48917
2023-01-04 16:17:00,224.55443100974108,225.1641843266886,224.31998501450525,224.4336911761015,81717
2023-01-04 16:18:00,223.75949620602938,224.39647494324686,223.48269738810055,224.26418027589597,35435
2023-01-04 16:19:00,222.56424208942457,225.67791980427333,221.66626331985697,224.37988613934536,95142
2023-01-04 16:20:00,223.67558749243497,224.4340119169487,223.54697311247318,223.67120944192948,67748
2023-01-04 16:21:00,222.39750954042185,224.39646968952647,221.94529047819648,223.11096162469795,3768
2023-01-04 16:22:00,222.01711175131157,223.7395848051931,221.90095041602595,223.1987423745056,96273
2023-01-04 16:23:00,224.08455493310265,224.12085123014347,223.7954672904221,223.96025198660976,65077
2023-01-04 16:24:00,224.9287310901109,225.01416699399198,223.77582532884705,223.81045785787228,28634
2023-01-04 16:25:00,223.19975156971125,224.0508622605602,221.99120662265588,223.6744371443333,55928
2023-01-04 16:26:00,223.67231612211114,223.93506316679276,222.28785412457958,223.42377510390716,50596
2023-01-04 16:27:00,222.73071991504713,224.25522900200545,222.38793952718098,223.08768541893144,76125
2023-01-04 16:28:00,224.02504420456992,224.1711135157702,222.68555474632282,223.30740768542955,54533
2023-01-04 16:29:00,222.1595771779674,222.87773557322024,221.4229088487956,222.32669225605198,93330
2023-01-04 16:30:00,222.40737561340737,223.34464523813298,222.3398913242082,223.20328610245812,37444
2023-01-04 16:31:00,222.65291230329208,223.39392157129518,222.53096563099,222.78003310030334,85230
2023-01-04 16:32:00,223.2386314963414,224.8694773536803,222.5094334987404,223.28478815075678,73621
2023-01-04 16:33:00,222.03529037622076,223.4101203175115,221.97267890645335,222.4564025262593,19211
2023-01-04 16:34:00,221.3297050996357,223.14594947471437,220.51640414059634,222.92501147443141,23669
2023-01-04 16:35:00,222.9065147285056,223.7599932201201,222.8521045683833,223.39668375380054,86139
2023-01-04 16:36:00,222.1805536524282,223.84264521308344,221.66705408969636,223.67651182850827,55711
2023-01-04 16:37:00,222.76108873572804,223.36806858237753,222.54149245877335,223.03158857063423,89691
2023-01-04 16:38:00,224.2553503697363,224.2622627823174,223.03470398814903,223.22086311694426,71047
2023-01-04 16:39:00,220.779611745826,222.5216115161968,220.24285922278048,222.4509367352392,84992
2023-01-04 16:40:00,227.32610471982755,229.97561716405588,226.49314443400004,229.16979448776846,89690
2023-01-04 16:41:00,230.84647346486426,231.77799101671883,228.80390179970675,229.74045151790165,95301
2023-01-04 16:42:00,233.58161324515027,234.28021579047058,229.31299437015468,229.77388997127724,56480
2023-01-04 16:43:00,228.64801141409353,229.45002659813167,228.1415638096064,229.12491206351626,85250
2023-01-04 16:44:00,230.8986898616773,231.22715626321954,228.58636857527935,229.59158523806622,34453
2023-01-04 16:45:00,229.0547681012829,229.8718178888899,228.6335972212655,229.6278937038509,34452
2023-01-04 16:46:00,227.20655561986467,228.3968987624819,226.91449940688003,228.05242894257177,48769
2023-01-04 16:47:00,228.8997569206525,230.42515970870124,228.14966577586873,228.61067608402917,94049
2023-01-04 16:48:00,228.35448945553398,229.07414739275347,227.2319109163625,228.6169174980344,98071
2023-01-04 16:49:00,228.78455394455483,229.65477506080325,228.2797071776743,229.46448128305087,94823
2023-01-04 16:50:00,229.33144018239867,229.69069006173484,228.592423248946,228.73345068676653,9532
2023-01-04 16:51:00,226.2516501001477,226.99393316668582,226.02116685973863,226.5764687568288,13891
2023-01-04 16:52:00,226.7945744369488,227.30780805304107,225.5913484580185,226.78882790903717,64246
2023-01-04 16:53:00,227.04520521794217,228.22605504069946,226.41649444710467,227.00987694531472,34501
2023-01-04 16:54:00,226.42646033481137,227.13453880310303,225.83323883938607,225.88118045859562,2496
2023-01-04 16:55:00,225.19131036910738,225.60473678451154,224.66992192274117,225.24069467914583,16154
2023-01-04 16:56:00,228.13670005440338,228.8824390188224,226.50577111350472,227.1249802243771,77682
2023-01-04 16:57:00,226.22852329325787,227.17087185004166,225.93303459132065,226.93945730831143,59475
2023-01-04 16:58:00,227.6038892273531,227.67928848238114,227.21968955506122,227.45980155428262,6450
2023-01-04 16:59:00,228.28022210869202,228.94165019287348,226.5637575310807,227.03855066880038,38403
2023-01-04 17:00:00,225.74866795132962,227.40310061555758,225.2429907198909,225.63751650202403,84652
2023-01-04 17:01:00,226.20478265985065,226.2224652903275,225.5158790198754,225.54483030976118,47791
2023-01-04 17:02:00,225.90972476090263,226.3147799528036,225.10639225620693,225.38766758635447,28289
2023-01-04 17:03:00,225.21988242122245,225.51728982209673,224.97415248842594,225.13982348251707,56679
2023-01-04 17:04:00,225.09866469421075,225.2878265408465,225.06329481136336,225.08490681245593,24109
2023-01-04 17:05:00,225.06239071446535,226.36288298930972,223.57678446886416,225.2858637010277,44439
2023-01-04 17:06:00,224.68891518238246,225.8722165517539,224.45546941681275,225.20693460633964,25415
2023-01-04 17:07:00,224.8594540609275,225.77224972134331,224.1722806650947,224.3754664365795,84339
2023-01-04 17:08:00,224.08319431690427,224.78304486241476,223.59944031737518,224.7251678013664,11181
2023-01-04 17:09:00,223.73527055005195,223.85276113994502,223.43324232008453,223.43342163368033,99252
2023-01-04 17:10:00,220.5470506732997,222.20931576133694,220.15108090367633,222.08140982908427,71246
2023-01-04 17:11:00,223.60722940716911,223.91284377438893,222.19714910328076,222.59609270921163,29395
2023-01-04 17:12:00,223.1462466387436,223.99793206305733,222.7340556991081,222.9569345129876,80036
2023-01-04 17:13:00,222.72945516283306,223.501795375405,222.11272268726674,222.94084012248243,35209
2023-01-04 17:14:00,223.4834797970076,224.58942755905943,219.73151443770453,222.0298268205014,36158
2023-01-04 17:15:00,222.26707681723747,222.70566291065407,221.53487488317896,221.58049777249684,67920
2023-01-04 17:16:00,221.31498372451156,222.3387005291371,220.85928678574152,221.42799715685265,19540
2023-01-04 17:17:00,220.50076219270818,221.83526910071066,219.6610865225106,220.39001314116015,5396
2023-01-04 17:18:00,219.91936738237544,220.09644951866875,219.84136629659545,219.92342853551398,2391
2023-01-04 17:19:00,220.7357963381557,221.4518011999427,219.6848906618513,220.37580905189617,57574
2023-01-04 17:20:00,221.56541284360375,223.63472459545022,220.53405360166943,221.3414773560594,17652
2023-01-04 17:21:00,221.12565300282867,221.31163415967208,220.63361887031317,221.08509658037127,86837
2023-01-04 17:22:00,221.63986429698105,222.23301158159114,220.82147146156296,221.608949992657,10716
2023-01-04 17:23:00,219.82782477246948,221.13200397100562,219.60538651560904,220.35859236025897,16568
2023-01-04 17:24:00,220.38885378132312,221.24188215464216,220.00512767830332,220.81657546116105,9669
2023-01-04 17:25:00,219.8051167928469,221.54055109540383,219.31149888239105,220.3060817113445,70807
2023-01-04 17:26:00,219.40006919973587,220.67820324859807,218.5818251161293,220.5312426451599,50390
2023-01-04 17:27:00,219.9938011053579,220.61581945972003,219.3306998249322,220.38938432343616,81764
2023-01-04 17:28:00,220.33265021348873,221.41091269531455,219.22481925578035,221.2844389538734,80792
2023-01-04 17:29:00,220.5203849054878,220.72806079659122,219.8820488953376,220.7260703922363,91721
2023-01-04 17:30:00,221.17421025421277,222.36834562091002,220.89561013839258,221.16373021471827,24386
2023-01-04 17:31:00,222.14051811141672,222.22522932690555,220.6426458580432,221.0003958481232,25152
2023-01-04 17:32:00,219.94740366210533,221.2436083393297,219.2711590875641,220.91753916779282,88803
2023-01-04 17:33:00,220.05359184715817,221.2537655452205,219.53862196485903,220.81778127278017,79315
2023-01-04 17:34:00,220.60213875622068,221.16793234518238,219.3707433683612,220.27964407505806,15434
2023-01-04 17:35:00,220.59656521222908,220.7981686083321,219.76155866714345,220.29235489389032,30000
2023-01-04 17:36:00,219.41767982431224,220.46696938047901,218.77872820853582,220.27298135623633,28973
2023-01-04 17:37:00,221.5911515133281,222.1454476647708,219.95587812985977,220.45442478059095,38861
2023-01-04 17:38:00,222.11977588390496,222.3936897804727,220.03772582580186,220.5323588229232,7438
2023-01-04 17:39:00,221.19004176798992,221.7464367799909,219.36048584943813,221.08236291986694,13729
2023-01-04 17:40:00,220.5577456510391,222.29624420332993,220.4961901278192,221.71698555719675,96002
2023-01-04 17:41:00,221.47701615223843,221.762182682711,220.11029869860744,221.04033414813722,27407
2023-01-04 17:42:00,222.35470640622256,222.76757195304762,220.93683720002886,221.6385394730399,96098
2023-01-04 17:43:00,221.23144847896813,221.77159550664493,220.13829921487417,220.87188970790234,89094
2023-01-04 17:44:00,221.53253702614506,221.78729824367866,220.72569400312702,221.28349941953982,92266
2023-01-04 17:45:00,222.0903824835644,222.1093244825223,221.1886749865138,221.71704167049697,43711
2023-01-04 17:46:00,220.62944387185712,222.85503861572693,218.94284813678505,220.46789879392125,93597
2023-01-04 17:47:00,220.50428878411748,221.71443290513636,220.41707627451748,220.55144240114197,88365
2023-01-04 17:48:00,220.62618487554215,221.39211680529166,219.97138284265216,220.26351506469925,79191
2023-01-04 17:49:00,219.3865997332886,221.0683337561069,219.30470814963903,219.78415650774028,87501
2023-01-04 17:50:00,220.77604963112884,221.7990057053588,220.34954532174135,220.69682274359866,56850
2023-01-04 17:51:00,220.70954092328378,221.63244735257138,219.3984573153821,220.28609769757568,82852
2023-01-04 17:52:00,220.1286147919074,220.99153876557742,219.74160743844013,219.77522542637914,74895
2023-01-04 17:53:00,220.77486987580752,221.31404715366907,219.60022283648632,219.84711056643152,15172
2023-01-04 17:54:00,220.54546431470933,220.92406000120366,218.79728130172302,220.32127005176122,70078
2023-01-04 17:55:00,220.52705228755147,221.62773156809416,219.72857061519466,220.24967758965406,16529
2023-01-04 17:56:00,221.44898967642433,221.51872289830544,220.82042737178645,221.0423807673142,74590
2023-01-04 17:57:00,220.4616890039312,221.68074549393685,220.3559160357696,221.41658937874107,41281
2023-01-04 17:58:00,220.1218800882035,220.28709834309106,219.25375338969735,219.99185467359564,74805
2023-01-04 17:59:00,219.83063285577248,219.94004365150252,219.30180761777012,219.6644186011921,77626
2023-01-04 18:00:00,218.65411369030522,220.22430169004653,217.90841103473457,219.3161348887529,67644
2023-01-04 18:01:00,219.84229819997748,220.406495276121,219.60197610532902,219.65346127680996,59235
2023-01-04 18:02:00,216.78290689967523,218.64232382215835,215.96653810748663,217.9457761679847,87676
2023-01-04 18:03:00,219.4213259572177,219.80582659143374,217.76718493746006,219.63420844388014,67760
2023-01-04 18:04:00,220.4981195565691,220.76153866139256,219.19679519813903,220.00606635276995,13876
2023-01-04 18:05:00,219.93859908906313,220.83273730497234,219.4987552438319,220.12632835940857,57680
2023-01-04 18:06:00,221.10475745713833,221.55755361305998,220.4461509914446,220.9286234816146,16097
2023-01-04 18:07:00,222.4860792732694,223.16229984304826,222.37697100108235,222.50405713537776,75292
2023-01-04 18:08:00,223.45721607523097,224.06437522614706,222.92142558412525,223.10754152456508,3859
2023-01-04 18:09:00,224.19477928175525,224.19542912170076,223.65710297659598,223.76491435067783,25877
2023-01-04 18:10:00,223.15900494442187,224.49710633120756,222.90632689450786,223.8750223685052,15628
2023-01-04 18:11:00,225.97945539379396,226.10091128302713,223.78470220727155,223.80235762713983,79117
2023-01-04 18:12:00,223.94814502356235,224.18184096976077,222.85209857889038,223.5052854365529,9300
2023-01-04 18:13:00,223.4744736313855,223.50064599408702,222.55869767985513,222.97371477556442,3412
2023-01-04 18:14:00,222.34706662151413,223.12706740004919,222.1763353357312,222.5364538893024,93837
2023-01-04 18:15:00,221.71342657917114,222.846464754303,221.40582290657466,221.65706372943953,80341
2023-01-04 18:16:00,220.62627346664962,221.7568749260291,220.60687622964284,221.62877710687326,4338
2023-01-04 18:17:00,220.51521467168683,220.563649681196,220.38771314480925,220.53082753966711,60484
2023-01-04 18:18:00,220.50572446418875,221.0340246383241,219.54964054965745,220.67918955960232,6804
2023-01-04 18:19:00,219.30539842031774,220.80575860818942,218.9803575874395,220.6772052511413,54675
2023-01-04 18:20:00,220.93105582721302,221.21573067641032,219.852704642893,220.79654878466857,95845
2023-01-04 18:21:00,220.16260357263675,220.81612407571257,219.8835950911044,220.47277389353124,86733
2023-01-04 18:22:00,222.2241575989572,222.59512417942773,222.1662632773125,222.52991299301092,13392
2023-01-04 18:23:00,223.48155510431786,224.83201927538153,222.49329940180613,223.46016540309282,76984
2023-01-04 18:24:00,222.59016149504174,223.00432828998802,222.54871436537888,222.6481944008728,21029
2023-01-04 18:25:00,222.4257398820693,224.37557159422514,221.72906338461416,222.82600219791044,66263
2023-01-04 18:26:00,222.1441258232057,222.7964276417398,221.75883191866737,222.44184606370274,28097
2023-01-04 18:27:00,221.74775323698026,221.8103020999622,221.38806215377235,221.78710201870012,63524
2023-01-04 18:28:00,222.37230819182557,223.01208410392013,219.9281022756929,220.91764862544966,17395
2023-01-04 18:29:00,221.83626728578633,222.73145498499738,221.1250044079537,221.2261932753698,23993
2023-01-04 18:30:00,221.65129958904134,222.02091571807358,220.67893076196916,220.79609842796478,63088
2023-01-04 18:31:00,222.3102384732496,223.35573363100605,220.9319611123156,221.459254667993,61610
2023-01-04 18:32:00,222.03749932536823,222.19269658930602,221.95724889722572,222.14164739905647,86065
2023-01-04 18:33:00,222.97119945560124,223.35004885726235,221.96802060608843,223.07947237854478,18258
2023-01-04 18:34:00,223.13027885978994,223.86563302482685,221.54224534541288,222.53133035566785,93545
2023-01-04 18:35:00,223.02979333719193,223.36982714075836,222.47712868415235,222.8709347139613,8303
2023-01-04 18:36:00,223.43596647914396,223.92402203755603,222.6465384321266,223.3160887947133,71186
2023-01-04 18:37:00,223.40475288674907,224.24122029903256,221.60267172438424,223.02074555722467,13177
2023-01-04 18:38:00,222.48400901601613,222.68275946437217,222.35982665221673,222.52668415976666,14747
2023-01-04 18:39:00,223.7861662862522,223.99856670903043,222.37625053507037,223.62342071870785,98318
2023-01-04 18:40:00,222.62525297731645,224.08483966179318,222.3424493616933,223.79840327857153,89717
2023-01-04 18:41:00,225.2880251377681,225.50271566818523,223.6537608654001,224.24776882033723,22823
2023-01-04 18:42:00,223.68859104723515,225.1175580293452,222.94494508416304,223.71714746285986,80718
2023-01-04 18:43:00,221.2970918963513,223.94197730662728,220.91914190199066,222.92119464921777,79812
2023-01-04 18:44:00,222.55088339542954,222.9668060876939,221.9269281184272,222.56265949661517,76307
2023-01-04 18:45:00,221.46698664378297,222.74287627106716,220.6982250368003,222.5021081731289,12963
2023-01-04 18:46:00,221.78385056098995,221.96528650255502,220.9818953198934,221.81398479871558,25928
2023-01-04 18:47:00,221.83011536664142,222.6928744819984,221.17717334006335,221.8296150484865,81385
2023-01-04 18:48:00,220.79123223061708,221.21750334411567,219.93137505032053,220.7281166423615,92618
2023-01-04 18:49:00,219.60424798840972,220.30582048627093,219.291609281491,220.00851157969,70023
2023-01-04 18:50:00,220.7288204613837,222.2513032969152,220.32544483192984,220.47333098625435,93141
2023-01-04 18:51:00,220.71067607402446,221.94025245440133,219.93097974700893,220.89473744102375,11038
2023-01-04 18:52:00,221.0449749129011,221.68832752524403,220.0520980452074,220.65713636916973,68926
2023-01-04 18:53:00,220.17234031213567,220.41239950299416,219.71262714022282,220.00547120898764,4438
2023-01-04 18:54:00,219.8258553674568,220.57479341804,218.79918913754,219.34936854868275,36151
2023-01-04 18:55:00,219.16739496325442,219.171133854888,218.8581060957513,219.12567502339812,37135
2023-01-04 18:56:00,219.81086749587485,220.63673620236358,217.96324164057359,219.57127923954096,7167
2023-01-04 18:57:00,221.4097690319133,221.59006347873117,218.95727337419387,220.20468464915612,14172
2023-01-04 18:58:00,219.48655289002957,220.59857535415665,219.33787439852446,219.89868927493072,52303
2023-01-04 18:59:00,218.5003858577527,221.70483671844562,218.29086011104164,219.15972472617037,83493
2023-01-04 19:00:00,218.74475748388687,220.52233082354687,217.9424183833223,219.3577423124763,31360
2023-01-04 19:01:00,218.2694570277498,220.3849464145151,217.93479320152835,218.83773177109197,67310
2023-01-04 19:02:00,218.45916433516757,218.7579320857014,218.12779515465692,218.5193758483508,61709
2023-01-04 19:03:00,218.96120658413932,220.47189315541104,217.33129503457494,219.41002329826276,66478
2023-01-04 19:04:00,218.9625999541442,220.76595036366476,216.52230196995964,219.9763965469485,89950
2023-01-04 19:05:00,220.71341959195513,220.97850470141606,219.93802542791613,220.10264604647136,87258
2023-01-04 19:06:00,219.94906217572026,220.00228494724706,218.1459119089131,219.28479809797093,48445
2023-01-04 19:07:00,219.5597766953095,219.7638936785815,218.08724845696403,219.44579473862996,90941
2023-01-04 19:08:00,219.3717775612786,221.61603551444892,219.0704654608929,220.16732633923883,37698
2023-01-04 19:09:00,218.79052035628908,220.5337413089073,217.89843212257128,219.94123629224893,28256
2023-01-04 19:10:00,220.85803380312632,221.0612902100111,220.7881610838407,220.85472752584883,87880
2023-01-04 19:11:00,220.82948727441138,221.83917531086854,220.61260907310879,221.73333972463203,35207
2023-01-04 19:12:00,223.41678088908392,224.00953514627517,222.70756579456275,222.86222817044657,75441
2023-01-04 19:13:00,222.11903022967044,223.3417255267183,220.6047703733539,223.0885958832011,26151
2023-01-04 19:14:00,223.90783164267236,225.42496524920278,223.4616867603845,223.50402591141895,89259
2023-01-04 19:15:00,225.04567067505988,225.64967950394106,223.55317459545216,224.47460597101434,55236
2023-01-04 19:16:00,224.82602402143723,224.8507591775588,224.75814786948553,224.79833916482357,39278
2023-01-04 19:17:00,224.18282411160396,225.06744667359817,224.16386701503527,224.48278921384806,77709
2023-01-04 19:18:00,224.2159811762344,225.1385130835971,223.6117548393534,224.20316705169247,50221
2023-01-04 19:19:00,224.54586126701284,224.64922299646017,223.70836797438568,224.38604169685345,79666
2023-01-04 19:20:00,223.0500517926169,224.30899533796432,221.68445420090185,223.53972839391162,48350
2023-01-04 19:21:00,223.6140158240679,224.07801541067866,223.3667656246911,223.46601018965944,27952
2023-01-04 19:22:00,222.3859060216164,225.0144706875823,221.49245451245406,224.22347981916607,11937
2023-01-04 19:23:00,221.87609290788654,223.71427984717093,221.28488987832336,222.7719104761217,42702
2023-01-04 19:24:00,223.80699405139129,224.55484057263683,223.72411410505256,223.81970619539382,40496
2023-01-04 19:25:00,224.86008986182267,225.4068972343862,222.41517726123513,224.59571656962763,87070
2023-01-04 19:26:00,223.1831511956936,224.37558397688656,223.0700138783984,224.30839265124717,24794
2023-01-04 19:27:00,224.32892558175757,224.835521025858,224.11969271251036,224.69648486005636,59720
2023-01-04 19:28:00,224.51605621265156,225.0717110487169,224.48946153613446,224.7210763580558,25985
2023-01-04 19:29:00,226.32863377696043,226.54077490479727,225.5703810567673,225.57276274420835,20391
2023-01-04 19:30:00,225.50339863436676,227.6891116638978,225.41402484680575,226.2603196747331,58295
2023-01-04 19:31:00,225.9385828012917,227.48583689904177,225.2489472547141,225.3326043585167,94064
2023-01-04 19:32:00,225.98448533309775,226.39263787602994,225.4361109780938,225.7521257261558,73406
2023-01-04 19:33:00,226.39274413347545,227.66788142184927,225.50823738329592,225.63543816352302,88054
2023-01-04 19:34:00,225.75206489570584,227.99623734541586,224.86946852322473,225.71407159736853,22993
2023-01-04 19:35:00,224.7689936458613,227.30587142052255,223.8058168847034,225.24356707075617,43639
2023-01-04 19:36:00,226.61222777911917,226.6658619225572,226.4006217039567,226.4473613149954,30720
2023-01-04 19:37:00,229.09746707470606,229.20083771853473,225.22839049857683,227.17656381529113,90698
2023-01-04 19:38:00,227.5586788193395,229.350882939762,226.60193045335888,226.69510545854962,10906
2023-01-04 19:39:00,225.47753407457844,226.50340606506722,225.4357397274285,225.81012589225662,64820
2023-01-04 19:40:00,224.7602074264873,225.79483931922053,224.7209394420833,225.57144054878293,84117
2023-01-04 19:41:00,226.96024442770445,227.35701041637486,225.70921932777398,225.88803185624104,64238
2023-01-04 19:42:00,225.67004122461043,227.05433818728554,223.96183676646683,226.07339953541478,52489
2023-01-04 19:43:00,227.14714690135574,227.2039501280541,226.94146722881212,226.94590686866263,97825
2023-01-04 19:44:00,227.97138803345328,228.51863554271333,226.7095707470824,227.50640860246082,82741
2023-01-04 19:45:00,229.1060882763924,229.2871145466382,227.32993944534155,228.19090874414474,77944
2023-01-04 19:46:00,228.62899686960512,228.72774557510778,227.86286191107928,228.43748412769884,94068
2023-01-04 19:47:00,228.06706924949822,228.30114830792888,227.19529401413584,227.508224156218,4193
2023-01-04 19:48:00,227.57541566321356,227.8429698150427,227.33315917193437,227.39740590276,41986
2023-01-04 19:49:00,228.11097305439023,229.32351373574386,227.57096718001497,228.14333061398835,61481
2023-01-04 19:50:00,228.14841768665954,228.87306800682876,227.40310919017634,228.13088110949994,6220
2023-01-04 19:51:00,228.58168882146146,228.98460457743815,228.17542044192834,228.4980055448264,20357
2023-01-04 19:52:00,228.76842150403465,229.52453359374252,227.58441388210252,228.30235528246735,40299
2023-01-04 19:53:00,227.6681862106618,228.51249525412732,227.47513621691985,227.6198601064359,20549
2023-01-04 19:54:00,227.95942417645463,228.34176061274738,227.2315442716102,227.55839541663715,18474
2023-01-04 19:55:00,227.89062025483614,228.05922513189554,227.74894695040805,227.7921302769112,58593
2023-01-04 19:56:00,228.4447481113072,229.17342488855306,227.25482023391888,227.3668279827013,1141
2023-01-04 19:57:00,227.19203801004434,227.79814089623466,227.00105156103206,227.22878591131084,83186
2023-01-04 19:58:00,226.8390882802114,227.16246963298352,226.59072558528746,226.61108951424762,21694
2023-01-04 19:59:00,224.97430299881066,227.40625404847944,224.32705071951636,227.3946505538065,17863
2023-01-04 20:00:00,227.23539942393973,227.2885257951234,226.86247472675583,227.21651702656104,3690
2023-01-04 20:01:00,228.25804770903164,229.06070966061478,227.49312980402308,228.22950884342745,46056
2023-01-04 20:02:00,229.1452329025108,230.34532593240385,228.79685592922118,229.29904790753497,61424
2023-01-04 20:03:00,229.01049939670335,230.07025159606462,228.9649514179608,229.2662265246834,22320
2023-01-04 20:04:00,228.76881106610256,229.5616719841378,227.11654260357778,228.59554344067166,68963
2023-01-04 20:05:00,227.07538627885492,227.8737814056554,226.85717765825277,227.18792211824916,26419
2023-01-04 20:06:00,227.8909477556836,227.92123426000526,225.01404829071237,226.20735377875502,41832
2023-01-04 20:07:00,225.4478252670279,225.9079611046559,224.9211796204029,225.29765989332464,36983
2023-01-04 20:08:00,226.0270647143956,228.14592220912965,225.1659096306995,226.25188760321728,23365
2023-01-04 20:09:00,226.88215300396635,227.37276095902584,225.93958651044946,226.3531293864505,4911
2023-01-04 20:10:00,226.04887695165067,227.78790625698542,225.3885173091213,226.64032930914317,86997
2023-01-04 20:11:00,226.67011844613523,227.13458509293415,224.550276721567,225.1532824960641,1649
2023-01-04 20:12:00,223.59405160379345,224.86672754072896,223.02697289805585,224.36661960273864,55688
2023-01-04 20:13:00,225.54192538569578,225.55280228197165,224.62728759473922,224.9861495369765,27469
2023-01-04 20:14:00,224.92401902510898,225.79441994784364,223.59006531188865,225.20220876192573,94362
2023-01-04 20:15:00,224.86248212965526,225.39980619897642,221.94631923207828,225.1252761210977,82039
2023-01-04 20:16:00,223.89795001087347,226.87452158918495,223.66418806802702,225.52926952454405,44346
2023-01-04 20:17:00,226.80635416077214,227.10365716855983,226.64746146194364,226.65858330441947,88498
2023-01-04 20:18:00,226.501288564278,226.9516838623899,225.23597665570765,226.53094564784362,41884
2023-01-04 20:19:00,227.51380836602127,228.61293643777194,225.42651288416388,226.60074196339502,18677
2023-01-04 20:20:00,226.19262239666813,227.86649944016492,225.78910228970526,226.75432985164448,61390
2023-01-04 20:21:00,228.4845934273274,229.28455455539768,228.0419873459762,228.4042689364643,86178
2023-01-04 20:22:00,226.2878052943645,228.61568627134693,225.4551945988173,226.98860356492247,69249
2023-01-04 20:23:00,227.20845680145172,227.69430668500607,226.4376786507567,227.47655393942998,63635
2023-01-04 20:24:00,227.5221758362417,228.17391239406555,227.17955022378857,227.4209571350273,75131
2023-01-04 20:25:00,228.16863651836144,229.5375600590394,227.55632850094847,227.83038653607844,80315
2023-01-04 20:26:00,227.4115452276087,228.761706168471,227.0582953275691,227.40386124550756,64734
2023-01-04 20:27:00,227.38706472854952,228.8725059098373,226.3589537082764,227.39319712038244,13164
2023-01-04 20:28:00,227.21229717525233,230.17837276041774,226.4915049731242,227.90124621848426,54184
2023-01-04 20:29:00,230.77677945151112,230.86364351607276,228.54296205744205,230.0523446856585,68082
2023-01-04 20:30:00,229.85934486003447,231.20472134101084,229.61349796612018,230.6330217800155,36374
2023-01-04 20:31:00,230.73097776658727,230.8105793196612,229.89240305394983,230.06930928756913,92964
2023-01-04 20:32:00,230.0396834962127,230.5794238083869,229.63504076983995,229.79983392645724,98243
2023-01-04 20:33:00,229.61938724695668,229.86080671026843,229.47275612946544,229.5102304494303,91924
2023-01-04 20:34:00,228.3981485841018,228.97872703826678,228.22343445384945,228.2968260374095,92041
2023-01-04 20:35:00,227.78030574232037,228.21950832897159,227.0137149876143,228.0935800907987,79709
2023-01-04 20:36:00,229.28738109706654,229.98633218670335,227.7637142016358,228.6178502754099,30580
2023-01-04 20:37:00,227.6641633262404,228.64486436628192,226.80292681120358,227.76677543699176,95187
2023-01-04 20:38:00,227.23551151613606,229.64944799862639,227.09310561776894,228.50598065212975,57792
2023-01-04 20:39:00,229.64165681847135,229.7576895385057,228.33379783892883,228.86320964168283,24318
2023-01-04 20:40:00,229.30248242192667,229.34989287970112,226.93970641072136,228.3819789785705,15627
2023-01-04 20:41:00,228.39555540078914,229.24230660193086,227.75405385333673,228.3078487204903,72614
2023-01-04 20:42:00,229.92812919005524,230.48298589295928,229.04679532895426,229.42540774575906,37091
2023-01-04 20:43:00,229.41126114150794,230.93215614643958,228.1653902667421,229.9532338051774,74902
2023-01-04 20:44:00,229.74814932646973,231.49533911460216,228.91882037362123,229.9822886181033,15444
2023-01-04 20:45:00,228.66592528309647,230.37677187535482,228.52255984739196,229.84129798736203,40873
2023-01-04 20:46:00,229.83586287026998,230.86320167804917,228.97447606791104,229.91710590173142,18747
2023-01-04 20:47:00,229.42885906756803,229.63479537906264,228.5008812836171,229.5871080238774,94007
2023-01-04 20:48:00,227.40966167369695,229.38526760677686,227.37543122354265,228.16039667828164,10229
2023-01-04 20:49:00,229.7920255637715,230.1071506416419,229.3530686325048,229.58104508441514,82840
