timestamp,open,high,low,close,volume
2025-03-03 04:00:00,252.03,252.36,252.02,252.02,14
2025-03-03 04:01:00,251.66,252.02,251.66,252.02,82
2025-03-03 04:02:00,252.02,252.36,252.02,252.36,62
2025-03-03 04:04:00,252.42,252.42,252.42,252.42,5
2025-03-03 04:07:00,252.42,252.42,252.42,252.42,1
2025-03-03 04:08:00,252.43,252.43,252.43,252.43,1
2025-03-03 04:09:00,252.43,252.43,252.43,252.43,2
2025-03-03 04:16:00,252.43,252.43,252.43,252.43,1
2025-03-03 04:18:00,252.43,252.43,252.43,252.43,1
2025-03-03 04:24:00,252.44,252.44,252.44,252.44,100
2025-03-03 04:29:00,252.12,252.12,252.12,252.12,10
2025-03-03 04:35:00,252.74,252.82,252.74,252.82,37
2025-03-03 04:38:00,252.84,252.84,252.84,252.84,1
2025-03-03 04:39:00,252.79,252.8,252.79,252.8,7
2025-03-03 04:59:00,252.8,252.86,252.8,252.86,10
2025-03-03 05:01:00,252.8,252.82,252.8,252.82,3
2025-03-03 05:10:00,252.52,252.8,252.5,252.8,62
2025-03-03 05:11:00,252.89,252.89,252.89,252.89,1
2025-03-03 05:13:00,252.47,252.47,252.47,252.47,1
2025-03-03 05:22:00,252.64,252.64,252.64,252.64,4
2025-03-03 05:26:00,252.96,252.96,252.96,252.96,7
2025-03-03 05:28:00,252.89,252.89,252.89,252.89,3
2025-03-03 05:29:00,252.66,252.89,252.66,252.89,3
2025-03-03 05:33:00,252.94,252.94,252.94,252.94,2
2025-03-03 05:37:00,252.66,252.66,252.66,252.66,1
2025-03-03 05:39:00,252.66,252.66,252.66,252.66,1
2025-03-03 05:45:00,252.88,252.88,252.88,252.88,1
2025-03-03 05:46:00,252.66,252.66,252.66,252.66,2
2025-03-03 05:47:00,252.66,252.66,252.66,252.66,14
2025-03-03 05:49:00,252.7,252.7,252.7,252.7,125
2025-03-03 05:50:00,252.7,252.71,252.7,252.71,12
2025-03-03 05:52:00,252.64,252.64,252.64,252.64,14
2025-03-03 05:54:00,252.73,252.73,252.73,252.73,8
2025-03-03 05:55:00,252.69,252.69,252.69,252.69,1
2025-03-03 05:57:00,252.63,252.63,252.6,252.62,144
2025-03-03 06:00:00,252.5,252.5,252.5,252.5,1
2025-03-03 06:10:00,252.62,252.7,252.62,252.7,2
2025-03-03 06:13:00,252.66,252.78,252.66,252.78,30
2025-03-03 06:14:00,252.68,252.68,252.68,252.68,2
2025-03-03 06:23:00,252.8,252.8,252.8,252.8,10
2025-03-03 06:27:00,252.71,252.71,252.71,252.71,3
2025-03-03 06:35:00,252.71,252.71,252.71,252.71,3
2025-03-03 06:36:00,252.71,252.71,252.7,252.7,39
2025-03-03 06:37:00,252.7,252.7,252.7,252.7,8
2025-03-03 06:39:00,252.83,252.83,252.83,252.83,1
2025-03-03 06:46:00,252.83,252.83,252.83,252.83,1
2025-03-03 06:50:00,252.84,252.84,252.84,252.84,2
2025-03-03 06:54:00,252.84,252.84,252.84,252.84,3
2025-03-03 06:57:00,252.62,252.62,252.62,252.62,2
2025-03-03 06:58:00,252.64,252.64,252.64,252.64,17
2025-03-03 07:00:00,252.64,252.85,252.55,252.55,40
2025-03-03 07:01:00,252.67,252.75,252.67,252.75,98
2025-03-03 07:02:00,252.76,253.08,252.67,253.08,129
2025-03-03 07:03:00,252.9,253.0,252.78,253.0,148
2025-03-03 07:04:00,253.23,253.23,253.14,253.16,16
2025-03-03 07:05:00,253.24,253.32,253.24,253.32,49
2025-03-03 07:09:00,253.55,253.55,253.55,253.55,1
2025-03-03 07:11:00,253.04,253.04,253.01,253.01,85
2025-03-03 07:15:00,253.53,253.81,253.08,253.08,33
2025-03-03 07:17:00,253.36,253.36,253.29,253.29,51
2025-03-03 07:18:00,253.29,253.29,253.29,253.29,1
2025-03-03 07:19:00,253.27,253.27,253.27,253.27,75
2025-03-03 07:25:00,253.57,253.57,253.57,253.57,4
2025-03-03 07:26:00,253.55,253.55,253.55,253.55,1
2025-03-03 07:28:00,253.2,253.2,253.2,253.2,48
2025-03-03 07:29:00,253.4,253.49,253.26,253.26,15
2025-03-03 07:30:00,253.27,253.27,253.27,253.27,1
2025-03-03 07:31:00,253.25,253.26,253.19,253.26,71
2025-03-03 07:33:00,253.26,253.26,253.26,253.26,8
2025-03-03 07:39:00,253.2,253.2,253.2,253.2,1
2025-03-03 07:41:00,253.2,253.2,253.2,253.2,1
2025-03-03 07:43:00,253.25,253.26,253.25,253.26,53
2025-03-03 07:48:00,253.05,253.05,253.05,253.05,3
2025-03-03 07:52:00,253.27,253.27,253.27,253.27,1
2025-03-03 07:54:00,253.01,253.01,253.01,253.01,4
2025-03-03 07:59:00,253.02,253.02,253.02,253.02,3
2025-03-03 08:00:00,250.4907,255.1988,250.3712,253.03,387
2025-03-03 08:02:00,252.44,253.02,252.44,253.01,64
2025-03-03 08:04:00,252.94,252.94,252.5,252.8,114
2025-03-03 08:05:00,252.44,252.44,252.44,252.44,1
2025-03-03 08:06:00,253.0,253.0,252.4,252.4,31
2025-03-03 08:08:00,252.4,252.8,252.4,252.76,10
2025-03-03 08:09:00,252.76,252.76,252.76,252.76,1
2025-03-03 08:13:00,252.75,252.76,252.75,252.76,21
2025-03-03 08:15:00,252.79,252.79,252.79,252.79,5
2025-03-03 08:16:00,252.79,252.95,252.79,252.798,15
2025-03-03 08:18:00,252.8,252.8,252.8,252.8,10
2025-03-03 08:20:00,252.79,252.79,252.79,252.79,2
2025-03-03 08:22:00,252.85,252.85,252.85,252.85,4
2025-03-03 08:23:00,252.85,253.0,252.85,252.92,27
2025-03-03 08:28:00,252.99,252.99,252.99,252.99,1
2025-03-03 08:35:00,252.97,252.97,252.78,252.97,3
2025-03-03 08:37:00,252.79,252.88,252.79,252.88,100
2025-03-03 08:38:00,252.97,252.97,252.97,252.97,5
2025-03-03 08:44:00,252.85,252.85,252.79,252.79,44
2025-03-03 08:45:00,252.79,252.79,252.79,252.79,20
2025-03-03 08:46:00,253.35,253.35,253.35,253.35,3
2025-03-03 08:47:00,253.2037,253.2037,252.93,252.93,201
2025-03-03 08:48:00,252.95,252.99,252.95,252.99,110
2025-03-03 08:49:00,253.0,253.3745,253.0,253.35,572
2025-03-03 08:51:00,253.31,254.0,253.31,253.95,837
2025-03-03 08:53:00,253.95,253.95,253.35,253.35,36
2025-03-03 08:54:00,253.49,253.95,253.48,253.95,124
2025-03-03 08:55:00,253.4,253.4,253.3,253.3,488
2025-03-03 08:56:00,253.35,253.4,252.78,252.78,737
2025-03-03 08:58:00,253.4,253.4,253.4,253.4,20
2025-03-03 09:00:00,252.78,252.78,252.78,252.78,15
2025-03-03 09:02:00,253.95,253.95,253.95,253.95,2
2025-03-03 09:03:00,253.45,253.45,253.45,253.45,50
2025-03-03 09:04:00,254.03,254.03,254.03,254.03,16
2025-03-03 09:05:00,254.09,254.09,254.09,254.09,1
2025-03-03 09:09:00,254.067,254.067,254.067,254.067,1
2025-03-03 09:10:00,253.77,253.77,253.77,253.77,4
2025-03-03 09:11:00,253.77,253.77,252.9,252.9,2
2025-03-03 09:12:00,253.45,253.45,253.45,253.45,1
2025-03-03 09:13:00,253.51,253.51,253.51,253.51,10
2025-03-03 09:14:00,253.6,253.6,253.6,253.6,2
2025-03-03 09:16:00,253.89,253.9,253.89,253.9,36
2025-03-03 09:17:00,254.0838,254.0838,254.0838,254.0838,3
2025-03-03 09:18:00,253.85,254.0696,253.85,254.0696,700
2025-03-03 09:21:00,253.775,254.1,253.66,253.77,8
2025-03-03 09:22:00,253.8,254.0838,253.8,254.0838,114
2025-03-03 09:23:00,254.1,254.1,254.1,254.1,9
2025-03-03 09:24:00,253.89,254.11,253.85,253.89,105
2025-03-03 09:25:00,253.9,253.9,253.9,253.9,2
2025-03-03 09:26:00,253.7,253.7,253.7,253.7,3
2025-03-03 09:27:00,253.9,253.94,253.9,253.94,14
2025-03-03 09:28:00,253.542,253.62,253.542,253.62,14
2025-03-03 09:29:00,254.05,254.67,253.93,254.33,3076
2025-03-03 09:30:00,254.735,255.99,253.64,254.325,99300
2025-03-03 09:31:00,254.325,254.76,254.28,254.735,4116
2025-03-03 09:32:00,255.0,255.11,254.6,254.822,5030
2025-03-03 09:33:00,254.6,255.0,254.4,254.41,2653
2025-03-03 09:34:00,254.31,254.46,253.9501,254.11,7213
2025-03-03 09:35:00,254.185,254.6,254.155,254.43,15633
2025-03-03 09:36:00,254.24,254.24,253.6,253.82,12460
2025-03-03 09:37:00,253.82,254.71,253.82,254.64,8281
2025-03-03 09:38:00,254.49,254.56,253.82,253.85,9057
2025-03-03 09:39:00,253.84,254.042,253.745,253.785,9621
2025-03-03 09:40:00,253.785,254.21,253.72,253.72,7611
2025-03-03 09:41:00,253.73,254.2,253.72,254.2,3334
2025-03-03 09:42:00,254.149,254.149,253.76,253.76,1997
2025-03-03 09:43:00,253.8309,253.8309,253.465,253.5375,3475
2025-03-03 09:44:00,253.46,253.46,253.02,253.02,5356
2025-03-03 09:45:00,253.21,253.22,252.9,253.0,11601
2025-03-03 09:46:00,253.09,253.72,253.05,253.19,8519
2025-03-03 09:47:00,253.2,253.58,253.1,253.5682,13068
2025-03-03 09:48:00,253.44,253.8,253.44,253.69,8172
2025-03-03 09:49:00,253.59,253.64,253.14,253.175,6406
2025-03-03 09:50:00,253.175,253.29,253.0948,253.17,3543
2025-03-03 09:51:00,253.1683,253.5106,253.0,253.5106,8373
2025-03-03 09:52:00,253.35,253.36,252.675,252.675,6897
2025-03-03 09:53:00,252.8,252.8,252.61,252.8,10793
2025-03-03 09:54:00,252.8,253.27,252.8,253.2298,5486
2025-03-03 09:55:00,253.1899,253.31,252.884,253.26,10585
2025-03-03 09:56:00,253.255,253.255,252.78,252.78,3738
2025-03-03 09:57:00,252.8666,252.895,252.66,252.705,2963
2025-03-03 09:58:00,252.8042,253.11,252.775,252.96,4781
2025-03-03 09:59:00,253.01,253.015,252.44,252.74,14926
2025-03-03 10:00:00,252.37,252.53,251.79,252.31,8944
2025-03-03 10:01:00,252.405,252.75,252.405,252.492,5287
2025-03-03 10:02:00,252.3022,252.33,251.92,252.15,4542
2025-03-03 10:03:00,252.15,252.155,252.095,252.145,1425
2025-03-03 10:04:00,252.29,253.09,252.21,253.08,11249
2025-03-03 10:05:00,253.135,253.275,252.985,253.275,5060
2025-03-03 10:06:00,253.275,253.41,253.15,253.25,2817
2025-03-03 10:07:00,253.41,253.84,253.41,253.7,7609
2025-03-03 10:08:00,253.56,253.6,253.24,253.35,7735
2025-03-03 10:09:00,253.33,253.5401,253.33,253.435,5019
2025-03-03 10:10:00,253.32,253.87,253.13,253.76,12978
2025-03-03 10:11:00,253.715,253.99,253.715,253.875,5377
2025-03-03 10:12:00,253.9618,254.03,253.76,253.9376,6347
2025-03-03 10:13:00,253.82,253.82,253.49,253.49,3612
2025-03-03 10:14:00,253.67,253.695,253.1,253.1,8067
2025-03-03 10:15:00,253.04,253.04,252.835,253.0,3993
2025-03-03 10:16:00,253.0,253.1012,252.87,252.915,3171
2025-03-03 10:17:00,252.91,253.15,252.77,253.15,5844
2025-03-03 10:18:00,253.08,253.14,252.77,252.77,7805
2025-03-03 10:19:00,252.86,252.93,252.62,252.93,2880
2025-03-03 10:20:00,253.0,253.25,253.0,253.25,2509
2025-03-03 10:21:00,253.115,253.24,252.9901,253.172,1696
2025-03-03 10:22:00,253.28,253.28,253.0601,253.184,3111
2025-03-03 10:23:00,253.08,253.08,252.87,252.87,2745
2025-03-03 10:24:00,252.69,252.81,252.605,252.605,3146
2025-03-03 10:25:00,252.7,252.8403,252.63,252.8403,1838
2025-03-03 10:26:00,252.86,252.86,252.705,252.705,734
2025-03-03 10:27:00,252.86,253.03,252.755,252.87,11683
2025-03-03 10:28:00,252.755,252.78,252.57,252.78,2399
2025-03-03 10:29:00,252.665,253.09,252.52,253.09,17122
2025-03-03 10:30:00,253.045,253.33,253.045,253.32,10194
2025-03-03 10:31:00,253.34,253.39,253.07,253.39,2292
2025-03-03 10:32:00,253.25,253.375,253.12,253.245,4835
2025-03-03 10:33:00,253.24,253.38,253.185,253.38,4322
2025-03-03 10:34:00,253.38,253.395,253.22,253.39,6184
2025-03-03 10:35:00,253.395,253.395,253.08,253.26,4853
2025-03-03 10:36:00,253.3,253.45,253.285,253.45,3709
2025-03-03 10:37:00,253.4,253.4,252.9,253.085,3855
2025-03-03 10:38:00,252.995,253.26,252.995,253.26,5555
2025-03-03 10:39:00,253.33,253.5,253.33,253.42,7557
2025-03-03 10:40:00,253.53,253.53,253.1475,253.445,5775
2025-03-03 10:41:00,253.415,253.62,253.415,253.62,1889
2025-03-03 10:42:00,253.61,253.76,253.55,253.71,3565
2025-03-03 10:43:00,253.6,253.72,253.6,253.72,4884
2025-03-03 10:44:00,253.8,254.05,253.75,254.0319,2429
2025-03-03 10:45:00,254.04,254.04,253.905,253.91,1263
2025-03-03 10:46:00,253.916,254.0,253.71,253.83,13759
2025-03-03 10:47:00,253.67,253.755,253.6,253.7499,3688
2025-03-03 10:48:00,253.74,253.78,253.35,253.42,4789
2025-03-03 10:49:00,253.4699,253.4858,253.355,253.4858,4154
2025-03-03 10:50:00,253.2847,253.43,253.2847,253.38,4935
2025-03-03 10:51:00,253.38,253.51,253.37,253.51,4200
2025-03-03 10:52:00,253.415,253.58,253.34,253.45,6301
2025-03-03 10:53:00,253.44,253.545,253.42,253.545,2896
2025-03-03 10:54:00,253.545,253.63,253.5,253.5,2970
2025-03-03 10:55:00,253.49,253.49,252.99,253.22,8428
2025-03-03 10:56:00,253.23,253.23,253.1192,253.1192,2304
2025-03-03 10:57:00,253.04,253.24,252.66,252.66,4905
2025-03-03 10:58:00,252.73,252.77,252.66,252.67,2626
2025-03-03 10:59:00,252.77,252.85,252.65,252.745,5991
2025-03-03 11:00:00,252.85,253.19,252.85,253.13,9654
2025-03-03 11:01:00,253.23,253.23,252.81,252.9885,6684
2025-03-03 11:02:00,252.99,253.0014,252.99,253.0,2014
2025-03-03 11:03:00,253.0,253.1,252.8,252.8,5202
2025-03-03 11:04:00,252.75,252.855,252.54,252.54,4583
2025-03-03 11:05:00,252.57,252.76,252.57,252.59,6480
2025-03-03 11:06:00,252.75,252.87,252.64,252.71,6215
2025-03-03 11:07:00,252.67,252.6929,252.52,252.52,1907
2025-03-03 11:08:00,252.505,252.68,252.4301,252.63,4679
2025-03-03 11:09:00,252.65,252.65,252.54,252.6,1975
2025-03-03 11:10:00,252.77,252.89,252.76,252.83,2238
2025-03-03 11:11:00,253.0,253.01,252.72,252.72,4696
2025-03-03 11:12:00,252.64,252.799,252.53,252.71,3050
2025-03-03 11:13:00,252.85,253.095,252.85,253.095,5450
2025-03-03 11:14:00,253.1,253.1895,253.02,253.1895,4346
2025-03-03 11:15:00,253.13,253.13,252.96,252.96,2663
2025-03-03 11:16:00,253.07,253.2,253.0,253.2,2762
2025-03-03 11:17:00,253.325,253.445,253.1453,253.18,7454
2025-03-03 11:18:00,253.255,253.255,253.04,253.2,3696
2025-03-03 11:19:00,253.17,253.285,253.17,253.285,1746
2025-03-03 11:20:00,253.285,253.4,253.21,253.21,28315
2025-03-03 11:21:00,253.315,253.64,253.2728,253.64,4112
2025-03-03 11:22:00,253.66,253.67,253.55,253.56,3369
2025-03-03 11:23:00,253.55,253.66,253.48,253.66,3449
2025-03-03 11:24:00,253.65,253.7599,253.55,253.55,2866
2025-03-03 11:25:00,253.55,253.75,253.32,253.32,7109
2025-03-03 11:26:00,253.18,253.29,253.18,253.2,2444
2025-03-03 11:27:00,253.2,253.22,253.01,253.045,9123
2025-03-03 11:28:00,253.045,253.0939,252.83,252.92,4993
2025-03-03 11:29:00,252.9072,253.0,252.638,252.638,4629
2025-03-03 11:30:00,252.68,252.75,252.34,252.6,7742
2025-03-03 11:31:00,252.59,252.59,252.48,252.59,3690
2025-03-03 11:32:00,252.49,252.605,252.48,252.605,1965
2025-03-03 11:33:00,252.52,252.72,252.51,252.645,12369
2025-03-03 11:34:00,252.695,252.715,252.5525,252.5525,3427
2025-03-03 11:35:00,252.51,252.6,252.51,252.55,3893
2025-03-03 11:36:00,252.55,252.55,252.3774,252.39,2216
2025-03-03 11:37:00,252.365,252.365,252.22,252.315,2967
2025-03-03 11:38:00,252.4,252.42,252.28,252.3,3842
2025-03-03 11:39:00,252.26,252.31,252.12,252.12,2606
2025-03-03 11:40:00,252.14,252.14,251.89,251.89,3177
2025-03-03 11:41:00,251.965,252.0,251.8,251.945,3761
2025-03-03 11:42:00,251.88,251.95,251.7501,251.895,4939
2025-03-03 11:43:00,251.905,251.905,251.74,251.74,1104
2025-03-03 11:44:00,251.72,251.72,251.66,251.695,1414
2025-03-03 11:45:00,251.78,252.0161,251.71,252.0161,4998
2025-03-03 11:46:00,251.945,252.0,251.87,251.955,2083
2025-03-03 11:47:00,251.9414,252.11,251.9414,251.985,4189
2025-03-03 11:48:00,252.11,252.16,252.015,252.15,5390
2025-03-03 11:49:00,252.22,252.28,252.0,252.225,5952
2025-03-03 11:50:00,252.31,252.46,252.2,252.35,8681
2025-03-03 11:51:00,252.355,252.41,252.1934,252.41,4798
2025-03-03 11:52:00,252.34,252.57,252.3025,252.57,6783
2025-03-03 11:53:00,252.53,252.65,252.47,252.65,3018
2025-03-03 11:54:00,252.62,252.65,252.48,252.49,3478
2025-03-03 11:55:00,252.46,252.46,252.25,252.27,3809
2025-03-03 11:56:00,252.24,252.4316,252.235,252.325,3337
2025-03-03 11:57:00,252.325,252.325,252.27,252.315,1081
2025-03-03 11:58:00,252.242,252.242,252.242,252.242,943
2025-03-03 11:59:00,252.335,252.46,252.335,252.425,4559
2025-03-03 12:00:00,252.425,252.62,252.39,252.56,7645
2025-03-03 12:01:00,252.61,252.61,252.5736,252.58,1742
2025-03-03 12:02:00,252.51,252.61,252.5,252.6,2414
2025-03-03 12:03:00,252.58,252.65,252.51,252.51,1702
2025-03-03 12:04:00,252.6599,252.66,252.55,252.55,2769
2025-03-03 12:05:00,252.5723,252.66,252.51,252.635,2516
2025-03-03 12:06:00,252.635,252.64,252.63,252.64,1396
2025-03-03 12:07:00,252.69,252.74,252.66,252.705,3904
2025-03-03 12:08:00,252.705,252.705,252.705,252.705,721
2025-03-03 12:09:00,252.63,252.67,252.6,252.67,2402
2025-03-03 12:10:00,252.6955,252.775,252.68,252.765,2881
2025-03-03 12:11:00,252.765,252.77,252.6801,252.77,1586
2025-03-03 12:12:00,252.76,252.78,252.76,252.775,3445
2025-03-03 12:13:00,252.82,252.82,252.67,252.7,1563
2025-03-03 12:14:00,252.735,252.804,252.65,252.65,2915
2025-03-03 12:15:00,252.6747,252.69,252.63,252.66,2070
2025-03-03 12:16:00,252.68,252.79,252.66,252.73,5201
2025-03-03 12:17:00,252.77,252.77,252.77,252.77,730
2025-03-03 12:18:00,252.84,252.96,252.84,252.915,3204
2025-03-03 12:19:00,252.895,252.96,252.8898,252.95,2163
2025-03-03 12:20:00,252.92,252.96,252.92,252.96,932
2025-03-03 12:21:00,252.965,253.01,252.965,252.99,2968
2025-03-03 12:22:00,253.02,253.12,253.02,253.12,1667
2025-03-03 12:23:00,253.12,253.15,253.09,253.15,1095
2025-03-03 12:24:00,253.14,253.14,253.09,253.09,1468
2025-03-03 12:25:00,253.09,253.15,253.06,253.06,1520
2025-03-03 12:26:00,253.03,253.065,252.94,252.94,3594
2025-03-03 12:27:00,252.95,252.95,252.88,252.93,2530
2025-03-03 12:28:00,253.0,253.015,253.0,253.015,1236
2025-03-03 12:29:00,253.0122,253.0122,252.91,253.01,2465
2025-03-03 12:30:00,253.01,253.07,252.94,252.99,3193
2025-03-03 12:31:00,252.9788,253.07,252.975,253.0,2694
2025-03-03 12:32:00,253.0,253.07,253.0,253.07,1696
2025-03-03 12:33:00,253.1,253.1,252.95,252.95,540
2025-03-03 12:34:00,253.045,253.045,252.98,252.98,2618
2025-03-03 12:35:00,253.0863,253.0863,253.01,253.01,1844
2025-03-03 12:36:00,253.03,253.07,253.0,253.0449,1951
2025-03-03 12:37:00,253.045,253.09,252.95,253.09,5132
2025-03-03 12:38:00,253.035,253.19,253.035,253.135,2912
2025-03-03 12:39:00,253.135,253.27,253.135,253.27,2415
2025-03-03 12:40:00,253.28,253.285,253.2135,253.2135,2125
2025-03-03 12:41:00,253.26,253.28,253.26,253.28,1412
2025-03-03 12:42:00,253.35,253.52,253.35,253.52,2333
2025-03-03 12:43:00,253.372,253.41,253.31,253.31,1856
2025-03-03 12:44:00,253.3,253.31,253.21,253.21,2717
2025-03-03 12:45:00,253.2,253.23,253.12,253.12,2928
2025-03-03 12:46:00,253.11,253.11,253.04,253.095,1925
2025-03-03 12:47:00,253.1,253.1,252.96,253.05,3332
2025-03-03 12:48:00,253.08,253.17,253.08,253.17,1218
2025-03-03 12:49:00,253.22,253.22,253.21,253.21,732
2025-03-03 12:50:00,253.15,253.15,253.08,253.11,4290
2025-03-03 12:51:00,253.09,253.09,253.06,253.09,2045
2025-03-03 12:52:00,253.14,253.1702,253.07,253.07,6190
2025-03-03 12:53:00,252.99,253.0,252.93,252.93,2791
2025-03-03 12:54:00,252.91,252.93,252.8175,252.845,3422
2025-03-03 12:55:00,252.845,252.88,252.8,252.82,1417
2025-03-03 12:56:00,252.82,252.88,252.6,252.6,8681
2025-03-03 12:57:00,252.6,252.62,252.5,252.55,5635
2025-03-03 12:58:00,252.54,252.61,252.5,252.55,12432
2025-03-03 12:59:00,252.63,252.88,252.595,252.88,6631
2025-03-03 13:00:00,252.75,252.75,252.6,252.675,3283
2025-03-03 13:01:00,252.68,252.705,252.645,252.66,1675
2025-03-03 13:02:00,252.69,252.84,252.69,252.76,2151
2025-03-03 13:03:00,252.82,252.9,252.77,252.83,6168
2025-03-03 13:04:00,252.79,252.9,252.7767,252.84,3598
2025-03-03 13:05:00,252.76,252.8,252.59,252.59,5961
2025-03-03 13:06:00,252.59,252.6326,252.46,252.46,12369
2025-03-03 13:07:00,252.5,252.5,252.33,252.44,10106
2025-03-03 13:08:00,252.49,252.535,252.49,252.506,1883
2025-03-03 13:09:00,252.5508,252.5508,252.33,252.415,5099
2025-03-03 13:10:00,252.33,252.43,252.25,252.425,8685
2025-03-03 13:11:00,252.425,252.47,252.35,252.43,2921
2025-03-03 13:12:00,252.44,252.4501,252.3566,252.3566,4667
2025-03-03 13:13:00,252.26,252.26,252.07,252.0718,3692
2025-03-03 13:14:00,252.04,252.11,252.04,252.08,3661
2025-03-03 13:15:00,252.085,252.35,252.08,252.25,5019
2025-03-03 13:16:00,252.28,252.36,252.22,252.3375,1887
2025-03-03 13:17:00,252.315,252.315,252.315,252.315,670
2025-03-03 13:18:00,252.27,252.53,252.27,252.52,3533
2025-03-03 13:19:00,252.46,252.465,252.46,252.465,569
2025-03-03 13:20:00,252.4401,252.4401,252.1,252.1,3738
2025-03-03 13:21:00,252.185,252.185,252.0913,252.0913,935
2025-03-03 13:22:00,252.1499,252.1499,252.06,252.1,1874
2025-03-03 13:23:00,252.0,252.08,252.0,252.07,3121
2025-03-03 13:24:00,252.025,252.33,252.025,252.29,5057
2025-03-03 13:25:00,252.29,252.29,252.09,252.111,4892
2025-03-03 13:26:00,252.01,252.2,252.01,252.2,4456
2025-03-03 13:27:00,252.08,252.08,251.78,251.815,2319
2025-03-03 13:28:00,251.845,251.93,251.52,251.52,4399
2025-03-03 13:29:00,251.48,251.55,251.4,251.4,2096
2025-03-03 13:30:00,251.5991,251.7,251.535,251.6908,3183
2025-03-03 13:31:00,251.645,251.73,251.615,251.615,1616
2025-03-03 13:32:00,251.59,251.59,251.14,251.215,3965
2025-03-03 13:33:00,251.29,251.48,251.29,251.33,4157
2025-03-03 13:34:00,251.18,251.3,251.18,251.23,1111
2025-03-03 13:35:00,251.24,251.39,251.23,251.39,4387
2025-03-03 13:36:00,251.4,251.49,251.3,251.37,2695
2025-03-03 13:37:00,251.36,251.43,251.28,251.34,2060
2025-03-03 13:38:00,251.346,251.346,251.04,251.15,5582
2025-03-03 13:39:00,251.145,251.22,251.145,251.155,1473
2025-03-03 13:40:00,251.1465,251.385,251.1465,251.385,1412
2025-03-03 13:41:00,251.365,251.48,251.32,251.48,3163
2025-03-03 13:42:00,251.455,251.68,251.455,251.5335,2640
2025-03-03 13:43:00,251.63,251.64,251.43,251.4589,2186
2025-03-03 13:44:00,251.37,251.4,251.37,251.4,1109
2025-03-03 13:45:00,251.38,251.53,251.27,251.53,5243
2025-03-03 13:46:00,251.6,251.6,251.17,251.2,2619
2025-03-03 13:47:00,251.2,251.28,251.1,251.17,4323
2025-03-03 13:48:00,251.25,251.85,251.19,251.39,19340
2025-03-03 13:49:00,251.37,251.38,251.19,251.35,18598
2025-03-03 13:50:00,251.36,251.64,251.29,251.64,6735
2025-03-03 13:51:00,251.4829,251.4829,251.3,251.3,2280
2025-03-03 13:52:00,251.375,251.43,251.26,251.43,2038
2025-03-03 13:53:00,251.29,251.44,251.18,251.18,3389
2025-03-03 13:54:00,251.1596,251.175,251.12,251.175,1691
2025-03-03 13:55:00,251.1,251.33,251.07,251.18,5914
2025-03-03 13:56:00,251.12,251.12,251.01,251.03,3712
2025-03-03 13:57:00,251.075,251.38,251.075,251.34,9037
2025-03-03 13:58:00,251.37,251.42,251.37,251.38,2006
2025-03-03 13:59:00,251.3444,251.5,251.3444,251.44,3411
2025-03-03 14:00:00,251.34,251.51,251.26,251.51,5173
2025-03-03 14:01:00,251.44,251.62,251.4,251.62,11004
2025-03-03 14:02:00,251.65,251.75,251.62,251.75,7362
2025-03-03 14:03:00,251.74,252.13,251.74,252.1,4935
2025-03-03 14:04:00,252.09,252.095,251.81,251.92,9964
2025-03-03 14:05:00,251.95,251.96,251.895,251.96,1602
2025-03-03 14:06:00,251.8563,252.02,251.8563,251.875,2778
2025-03-03 14:07:00,251.875,251.93,251.865,251.91,3123
2025-03-03 14:08:00,252.015,252.21,252.015,252.11,7005
2025-03-03 14:09:00,252.21,252.3,252.18,252.18,2766
2025-03-03 14:10:00,252.175,252.26,252.03,252.26,11722
2025-03-03 14:11:00,252.21,252.24,252.15,252.24,3512
2025-03-03 14:12:00,252.24,252.35,252.15,252.29,9806
2025-03-03 14:13:00,252.29,252.29,252.12,252.195,6517
2025-03-03 14:14:00,252.195,252.195,251.9,251.94,5581
2025-03-03 14:15:00,252.0,252.09,251.96,252.09,2869
2025-03-03 14:16:00,252.0768,252.0768,251.89,251.89,2679
2025-03-03 14:17:00,251.9,251.9,251.7442,251.7442,1092
2025-03-03 14:18:00,251.68,251.72,251.59,251.72,2354
2025-03-03 14:19:00,251.77,251.8,251.58,251.655,2735
2025-03-03 14:20:00,251.65,251.65,251.65,251.65,1007
2025-03-03 14:21:00,251.66,251.96,251.66,251.96,1564
2025-03-03 14:22:00,251.7503,251.8175,251.735,251.735,1325
2025-03-03 14:23:00,251.735,251.9146,251.735,251.91,2432
2025-03-03 14:24:00,251.845,251.845,251.845,251.845,1181
2025-03-03 14:25:00,251.785,251.85,251.7232,251.85,679
2025-03-03 14:26:00,251.71,251.715,251.6,251.645,5138
2025-03-03 14:27:00,251.59,251.59,251.5339,251.5813,2262
2025-03-03 14:28:00,251.67,251.67,251.5027,251.565,2492
2025-03-03 14:29:00,251.565,251.65,251.565,251.565,2666
2025-03-03 14:30:00,251.56,251.8,251.56,251.8,2946
2025-03-03 14:31:00,251.775,252.08,251.775,252.01,2780
2025-03-03 14:32:00,252.1,252.1,251.85,251.86,3003
2025-03-03 14:33:00,251.83,252.02,251.82,252.02,2601
2025-03-03 14:34:00,251.95,251.95,251.77,251.775,2281
2025-03-03 14:35:00,251.84,251.9794,251.83,251.83,3506
2025-03-03 14:36:00,251.77,251.82,251.75,251.75,1364
2025-03-03 14:37:00,251.85,251.85,251.73,251.765,2266
2025-03-03 14:38:00,251.73,251.74,251.73,251.74,2260
2025-03-03 14:39:00,251.86,252.04,251.86,252.04,2107
2025-03-03 14:40:00,252.13,252.23,252.108,252.108,2484
2025-03-03 14:41:00,252.14,252.26,252.11,252.15,3327
2025-03-03 14:42:00,252.24,252.29,252.06,252.06,2026
2025-03-03 14:43:00,252.08,252.08,251.97,251.97,2341
2025-03-03 14:44:00,252.0,252.08,251.965,252.08,2072
2025-03-03 14:45:00,252.045,252.17,251.89,252.07,13136
2025-03-03 14:46:00,252.04,252.1582,251.81,251.85,3435
2025-03-03 14:47:00,251.86,251.86,251.86,251.86,1673
2025-03-03 14:48:00,251.75,251.9,251.75,251.855,2141
2025-03-03 14:49:00,251.845,251.845,251.75,251.775,2580
2025-03-03 14:50:00,251.83,251.93,251.7868,251.93,2197
2025-03-03 14:51:00,251.99,251.99,251.31,251.31,7994
2025-03-03 14:52:00,251.31,251.48,250.98,251.17,11608
2025-03-03 14:53:00,251.035,251.18,250.72,250.865,6867
2025-03-03 14:54:00,250.86,251.11,250.805,251.075,6447
2025-03-03 14:55:00,251.18,251.2,250.77,251.1,15240
2025-03-03 14:56:00,251.12,251.4,251.1,251.17,9833
2025-03-03 14:57:00,251.06,251.18,251.03,251.17,3132
2025-03-03 14:58:00,251.13,251.17,251.055,251.09,3320
2025-03-03 14:59:00,250.96,251.05,250.91,250.91,4080
2025-03-03 15:00:00,250.802,250.802,250.36,250.59,5344
2025-03-03 15:01:00,250.45,250.45,250.01,250.0971,6812
2025-03-03 15:02:00,250.1,250.18,249.97,250.01,10638
2025-03-03 15:03:00,249.995,250.04,249.87,250.04,7555
2025-03-03 15:04:00,250.07,250.28,250.015,250.17,5230
2025-03-03 15:05:00,250.095,250.24,250.0,250.0,3649
2025-03-03 15:06:00,250.045,250.18,249.9,250.0,8315
2025-03-03 15:07:00,250.02,250.08,249.91,249.95,4212
2025-03-03 15:08:00,250.06,250.1301,249.954,250.07,7630
2025-03-03 15:09:00,250.07,250.09,249.975,250.07,3545
2025-03-03 15:10:00,250.15,250.15,249.8,249.9,4746
2025-03-03 15:11:00,249.92,249.92,249.625,249.715,9883
2025-03-03 15:12:00,249.6388,249.7,249.42,249.5399,5145
2025-03-03 15:13:00,249.53,250.0303,249.53,249.905,12224
2025-03-03 15:14:00,249.89,250.1513,249.865,249.9,5187
2025-03-03 15:15:00,249.82,250.0718,249.69,249.985,5934
2025-03-03 15:16:00,249.88,250.1,249.785,250.1,25619
2025-03-03 15:17:00,250.02,250.12,249.96,250.045,3571
2025-03-03 15:18:00,249.86,249.86,249.785,249.8599,2827
2025-03-03 15:19:00,249.71,249.8869,249.6701,249.825,6440
2025-03-03 15:20:00,249.71,249.9725,249.54,249.885,13670
2025-03-03 15:21:00,249.885,250.025,249.7301,249.89,8819
2025-03-03 15:22:00,249.82,249.83,249.52,249.65,9863
2025-03-03 15:23:00,249.57,249.68,249.39,249.63,7459
2025-03-03 15:24:00,249.535,249.67,249.44,249.505,4860
2025-03-03 15:25:00,249.505,249.615,249.41,249.5,8094
2025-03-03 15:26:00,249.52,249.55,249.29,249.43,8277
2025-03-03 15:27:00,249.33,249.4199,249.13,249.225,9306
2025-03-03 15:28:00,249.12,249.14,248.77,248.82,7888
2025-03-03 15:29:00,248.88,249.0199,248.68,248.97,11455
2025-03-03 15:30:00,248.9,249.29,248.9,249.18,10624
2025-03-03 15:31:00,249.125,249.35,249.125,249.35,4808
2025-03-03 15:32:00,249.39,249.39,249.08,249.14,6177
2025-03-03 15:33:00,249.21,249.29,248.97,248.97,5669
2025-03-03 15:34:00,249.005,249.13,248.83,248.97,7183
2025-03-03 15:35:00,248.98,249.18,248.82,248.82,8721
2025-03-03 15:36:00,248.775,249.01,248.72,248.77,8408
2025-03-03 15:37:00,248.71,248.94,248.66,248.68,6795
2025-03-03 15:38:00,248.65,248.845,248.61,248.785,6687
2025-03-03 15:39:00,248.72,248.72,248.47,248.48,6047
2025-03-03 15:40:00,248.51,248.69,248.48,248.5387,7157
2025-03-03 15:41:00,248.505,248.73,248.485,248.4855,11969
2025-03-03 15:42:00,248.5,248.55,248.4441,248.55,7074
2025-03-03 15:43:00,248.57,248.6,248.29,248.4236,10312
2025-03-03 15:44:00,248.39,248.64,248.245,248.55,18409
2025-03-03 15:45:00,248.53,248.79,248.47,248.735,11600
2025-03-03 15:46:00,248.75,248.98,248.75,248.82,9768
2025-03-03 15:47:00,248.91,249.08,248.8501,248.93,11822
2025-03-03 15:48:00,248.96,249.36,248.92,249.19,17991
2025-03-03 15:49:00,249.255,249.3,249.1,249.175,10925
2025-03-03 15:50:00,249.09,249.37,249.09,249.37,11863
2025-03-03 15:51:00,249.4183,249.46,249.27,249.33,9443
2025-03-03 15:52:00,249.315,249.55,249.315,249.55,13425
2025-03-03 15:53:00,249.54,249.58,249.43,249.485,11301
2025-03-03 15:54:00,249.41,249.72,249.36,249.69,22837
2025-03-03 15:55:00,249.66,250.34,249.66,250.21,34155
2025-03-03 15:56:00,250.21,250.23,250.03,250.04,34682
2025-03-03 15:57:00,250.04,250.195,249.86,250.13,42784
2025-03-03 15:58:00,250.1,250.28,250.03,250.26,53099
2025-03-03 15:59:00,250.24,250.36,249.94,250.33,111132
2025-03-03 16:00:00,250.33,250.33,250.12,250.19,1067895
2025-03-03 16:01:00,250.19,250.19,250.19,250.19,69
2025-03-03 16:02:00,250.25,250.25,250.19,250.19,9891
2025-03-03 16:03:00,250.21,250.25,250.19,250.19,9346
2025-03-03 16:04:00,250.19,250.31,250.19,250.19,5551
2025-03-03 16:05:00,250.19,250.31,250.19,250.19,9323
2025-03-03 16:07:00,250.19,250.33,250.19,250.33,812
2025-03-03 16:08:00,250.19,250.33,250.0,250.2,121
2025-03-03 16:09:00,251.4184,251.4184,250.49,250.49,2250
2025-03-03 16:10:00,250.19,250.29,250.19,250.29,506709
2025-03-03 16:11:00,250.19,250.19,250.19,250.19,989
2025-03-03 16:12:00,247.0,247.0,247.0,247.0,1
2025-03-03 16:13:00,250.21,250.21,250.21,250.21,20
2025-03-03 16:14:00,250.21,250.21,250.21,250.21,41
2025-03-03 16:15:00,250.19,250.19,250.19,250.19,2
2025-03-03 16:16:00,250.23,250.23,250.23,250.23,4
2025-03-03 16:19:00,250.2,250.2,250.2,250.2,1
2025-03-03 16:20:00,250.21,250.3,250.21,250.3,21
2025-03-03 16:22:00,250.25,250.25,250.25,250.25,29
2025-03-03 16:24:00,250.2075,250.2075,250.2075,250.2075,5
2025-03-03 16:25:00,250.2075,250.49,250.2075,250.49,7
2025-03-03 16:28:00,250.41,250.41,250.41,250.41,4
2025-03-03 16:29:00,250.4,250.4,250.4,250.4,1
2025-03-03 16:31:00,250.22,250.22,250.22,250.22,1
2025-03-03 16:33:00,250.2101,250.49,250.2101,250.49,24
2025-03-03 16:34:00,250.3,250.3,250.21,250.21,20
2025-03-03 16:36:00,250.21,250.21,250.21,250.21,160
2025-03-03 16:37:00,250.37,250.37,250.37,250.37,9
2025-03-03 16:39:00,250.21,250.21,250.21,250.21,2
2025-03-03 16:40:00,250.37,250.49,250.37,250.49,23
2025-03-03 16:44:00,250.22,250.4988,250.22,250.4988,11
2025-03-03 16:47:00,250.48,250.48,250.22,250.22,5
2025-03-03 16:51:00,250.47,250.47,250.47,250.47,10
2025-03-03 16:52:00,250.22,250.22,250.22,250.22,30
2025-03-03 16:53:00,250.22,250.49,250.22,250.49,11
2025-03-03 16:56:00,250.47,250.47,250.47,250.47,1
2025-03-03 16:57:00,250.45,250.47,250.45,250.47,33
2025-03-03 17:01:00,250.45,250.48,250.45,250.48,3
2025-03-03 17:03:00,250.45,250.45,250.45,250.45,8
2025-03-03 17:04:00,250.29,250.29,250.29,250.29,12
2025-03-03 17:05:00,250.19,250.21,250.19,250.21,14543
2025-03-03 17:08:00,250.25,250.25,250.21,250.21,39
2025-03-03 17:09:00,250.25,250.25,250.25,250.25,4
2025-03-03 17:10:00,250.25,250.25,250.25,250.25,9
2025-03-03 17:11:00,250.48,250.48,250.48,250.48,1
2025-03-03 17:12:00,250.48,250.48,250.48,250.48,1
2025-03-03 17:14:00,250.47,250.47,250.25,250.25,5
2025-03-03 17:15:00,250.25,250.25,250.25,250.25,3
2025-03-03 17:16:00,250.45,250.47,250.45,250.47,2
2025-03-03 17:17:00,250.3,250.3,250.3,250.3,100
2025-03-03 17:18:00,250.224,250.26,250.224,250.26,186
2025-03-03 17:19:00,250.21,250.21,250.21,250.21,4
2025-03-03 17:20:00,250.21,250.4988,250.21,250.4988,2
2025-03-03 17:21:00,250.47,250.47,250.2101,250.2101,2
2025-03-03 17:22:00,250.2172,250.2172,250.2172,250.2172,5
2025-03-03 17:25:00,250.21,250.21,250.21,250.21,15
2025-03-03 17:28:00,250.4988,250.4988,250.4988,250.4988,1
2025-03-03 17:29:00,250.46,250.46,250.27,250.27,7
2025-03-03 17:33:00,250.21,250.21,250.21,250.21,89
2025-03-03 17:35:00,250.47,250.47,250.47,250.47,1
2025-03-03 17:41:00,250.26,250.26,250.26,250.26,17
2025-03-03 17:45:00,250.47,250.47,250.21,250.21,12
2025-03-03 17:47:00,250.34,250.34,250.34,250.34,1
2025-03-03 17:49:00,250.34,250.34,250.34,250.34,2
2025-03-03 17:51:00,250.4,250.4,250.4,250.4,27
2025-03-03 17:52:00,250.42,250.42,250.39,250.39,2
2025-03-03 17:55:00,250.2172,250.2172,250.2172,250.2172,24
2025-03-03 17:56:00,250.25,250.25,250.25,250.25,5
2025-03-03 17:58:00,250.39,250.39,250.39,250.39,9
2025-03-03 17:59:00,250.43,250.43,250.43,250.43,32
2025-03-03 18:00:00,250.4,250.47,250.4,250.47,16
2025-03-03 18:01:00,250.49,250.49,250.34,250.34,6
2025-03-03 18:04:00,250.25,250.25,250.25,250.25,2
2025-03-03 18:07:00,250.4938,250.4938,250.4938,250.4938,1
2025-03-03 18:21:00,250.3,250.3,250.3,250.3,1
2025-03-03 18:23:00,250.25,250.25,250.25,250.25,1
2025-03-03 18:24:00,250.3,250.3,250.3,250.3,98
2025-03-03 18:28:00,250.5,250.5,250.5,250.5,1
2025-03-03 18:30:00,250.19,250.5,250.19,250.5,507050
2025-03-03 18:41:00,250.3312,250.3312,250.3312,250.3312,1
2025-03-03 18:43:00,250.34,250.34,250.34,250.34,12
2025-03-03 18:44:00,250.34,250.34,250.34,250.34,1
2025-03-03 18:45:00,251.14,251.14,251.14,251.14,100
2025-03-03 18:48:00,250.36,250.36,250.36,250.36,15
2025-03-03 18:52:00,250.36,250.36,250.36,250.36,8
2025-03-03 18:59:00,250.3467,250.3467,250.3467,250.3467,6
2025-03-03 19:00:00,250.19,250.19,250.19,250.19,506700
2025-03-03 19:03:00,250.33,250.33,250.33,250.33,20
2025-03-03 19:08:00,250.36,250.36,250.36,250.36,1
2025-03-03 19:11:00,250.35,250.35,250.35,250.35,20
2025-03-03 19:13:00,250.4,250.4,250.4,250.4,2
2025-03-03 19:22:00,250.99,250.99,250.99,250.99,4
2025-03-03 19:25:00,250.6,250.6,250.6,250.6,6
2025-03-03 19:26:00,250.98,250.98,250.98,250.98,15
2025-03-03 19:27:00,250.9899,250.9899,250.9899,250.9899,2
2025-03-03 19:29:00,250.79,250.79,250.366,250.366,4
2025-03-03 19:30:00,250.6,250.6,250.35,250.35,151
2025-03-03 19:42:00,250.37,250.37,250.37,250.37,1
2025-03-03 19:44:00,250.35,250.35,250.35,250.35,1
2025-03-03 19:48:00,250.35,250.35,250.35,250.35,16
2025-03-03 19:49:00,250.35,250.35,250.35,250.35,5
2025-03-03 19:50:00,250.99,250.99,250.99,250.99,1
2025-03-03 19:52:00,250.6,250.6,250.6,250.6,3
2025-03-03 19:54:00,250.974,250.974,250.974,250.974,4
2025-03-03 19:57:00,250.5,250.5,250.5,250.5,5
2025-03-03 19:58:00,250.4912,250.4912,250.49,250.49,6
2025-03-03 19:59:00,250.35,250.35,250.35,250.35,125
2025-03-04 04:00:00,250.0,250.0,249.45,249.84,33
2025-03-04 04:01:00,249.59,249.62,249.25,249.25,125
2025-03-04 04:02:00,249.53,249.53,249.53,249.53,80
2025-03-04 04:03:00,249.58,249.76,249.58,249.6,871
2025-03-04 04:04:00,249.41,249.76,249.41,249.76,103
2025-03-04 04:05:00,249.7,249.76,249.51,249.59,220
2025-03-04 04:06:00,249.53,249.64,249.53,249.63,128
2025-03-04 04:08:00,249.63,249.76,249.63,249.76,14
2025-03-04 04:09:00,249.63,249.63,249.31,249.5,591
2025-03-04 04:10:00,249.5,249.51,249.49,249.5,54
2025-03-04 04:14:00,249.43,249.45,249.43,249.45,201
2025-03-04 04:15:00,249.67,249.76,249.67,249.76,8
2025-03-04 04:16:00,249.61,249.61,249.61,249.61,5
2025-03-04 04:17:00,249.5,249.5,249.5,249.5,1
2025-03-04 04:18:00,249.63,250.18,249.63,250.12,389
2025-03-04 04:21:00,249.43,249.43,249.43,249.43,1
2025-03-04 04:22:00,249.43,249.43,249.36,249.36,27
2025-03-04 04:25:00,249.38,249.38,249.38,249.38,1
2025-03-04 04:28:00,249.62,249.62,249.62,249.62,6
2025-03-04 04:29:00,249.63,249.63,249.63,249.63,10
2025-03-04 04:38:00,249.39,249.39,249.39,249.39,1
2025-03-04 04:40:00,249.4,249.41,248.55,249.39,217
2025-03-04 04:41:00,249.41,249.41,249.41,249.41,6
2025-03-04 04:44:00,249.45,249.5,249.45,249.5,14
2025-03-04 04:46:00,249.37,249.37,249.37,249.37,4
2025-03-04 04:50:00,249.49,249.49,249.49,249.49,4
2025-03-04 04:51:00,249.37,249.37,249.37,249.37,2
2025-03-04 04:53:00,249.47,249.47,249.47,249.47,1
2025-03-04 04:59:00,249.41,249.41,249.37,249.37,6
2025-03-04 05:00:00,249.42,249.42,249.36,249.36,10
2025-03-04 05:03:00,249.39,249.39,249.37,249.37,35
2025-03-04 05:06:00,249.42,249.49,249.35,249.49,56
2025-03-04 05:07:00,249.46,249.46,249.46,249.46,16
2025-03-04 05:08:00,249.25,249.25,249.25,249.25,3
2025-03-04 05:15:00,249.29,249.29,249.25,249.25,12
2025-03-04 05:18:00,249.41,249.41,249.41,249.41,1
2025-03-04 05:19:00,249.38,249.38,249.38,249.38,25
2025-03-04 05:21:00,249.42,249.42,249.17,249.17,54
2025-03-04 05:22:00,249.19,249.19,249.1,249.1,21
2025-03-04 05:30:00,249.1,249.1,249.1,249.1,1
2025-03-04 05:31:00,249.12,249.12,249.12,249.12,2
2025-03-04 05:35:00,249.07,249.11,249.0,249.0,36
2025-03-04 05:36:00,248.93,249.11,248.93,248.93,64
2025-03-04 05:39:00,248.93,248.93,248.93,248.93,3
2025-03-04 05:41:00,249.32,249.32,249.32,249.32,3
2025-03-04 05:47:00,248.93,248.94,248.93,248.94,14
2025-03-04 05:48:00,248.94,248.94,248.94,248.94,18
2025-03-04 05:51:00,248.9,249.01,248.9,249.01,54
2025-03-04 05:53:00,249.32,249.32,249.22,249.23,48
2025-03-04 05:56:00,249.29,249.32,249.29,249.31,48
2025-03-04 05:57:00,249.32,249.43,249.32,249.43,32
2025-03-04 05:58:00,249.43,249.43,249.43,249.43,16
2025-03-04 05:59:00,249.31,249.5,249.31,249.5,32
2025-03-04 06:02:00,249.02,249.02,248.92,248.92,10
2025-03-04 06:04:00,248.93,248.93,248.93,248.93,1
2025-03-04 06:05:00,249.4,249.4,249.4,249.4,5
2025-03-04 06:09:00,249.05,249.05,249.05,249.05,80
2025-03-04 06:10:00,249.05,249.09,249.05,249.05,38
2025-03-04 06:11:00,249.0,249.0,249.0,249.0,12
2025-03-04 06:12:00,249.11,249.2,249.11,249.2,295
2025-03-04 06:15:00,249.15,249.15,249.15,249.15,6
2025-03-04 06:20:00,249.19,249.19,249.19,249.19,11
2025-03-04 06:26:00,249.19,249.19,249.19,249.19,2
2025-03-04 06:27:00,249.4,249.4,249.4,249.4,5
2025-03-04 06:30:00,249.15,249.15,249.15,249.15,1
2025-03-04 06:31:00,249.15,249.15,249.15,249.15,2
2025-03-04 06:38:00,249.46,249.46,249.46,249.46,1
2025-03-04 06:39:00,249.19,249.19,249.19,249.19,1
2025-03-04 06:42:00,249.15,249.15,249.15,249.15,10
2025-03-04 06:43:00,249.15,249.15,249.15,249.15,10
2025-03-04 06:44:00,249.39,249.39,249.39,249.39,8
2025-03-04 06:46:00,249.38,249.38,249.38,249.38,16
2025-03-04 06:48:00,249.4,249.4,249.4,249.4,5
2025-03-04 06:51:00,249.4,249.49,249.4,249.49,16
2025-03-04 06:52:00,249.5,249.5,249.5,249.5,2
2025-03-04 06:55:00,249.46,249.46,249.46,249.46,5
2025-03-04 07:00:00,249.46,249.49,249.43,249.43,22
2025-03-04 07:02:00,249.22,249.3,249.14,249.21,387
2025-03-04 07:05:00,249.39,249.39,249.34,249.34,10
2025-03-04 07:06:00,249.19,249.21,249.19,249.21,165
2025-03-04 07:08:00,249.34,249.34,249.34,249.34,31
2025-03-04 07:09:00,249.34,249.34,249.14,249.14,46
2025-03-04 07:10:00,249.34,249.34,249.34,249.34,2
2025-03-04 07:11:00,249.3,249.3,249.3,249.3,40
2025-03-04 07:12:00,249.18,249.39,249.18,249.39,21
2025-03-04 07:16:00,249.39,249.39,249.39,249.39,10
2025-03-04 07:17:00,249.14,249.16,248.56,249.16,443
2025-03-04 07:18:00,248.87,248.87,248.87,248.87,25
2025-03-04 07:19:00,248.87,248.87,248.87,248.87,3
2025-03-04 07:23:00,249.01,249.01,249.01,249.01,8
2025-03-04 07:24:00,248.66,248.93,248.5,248.71,409
2025-03-04 07:25:00,248.8,249.0,248.8,248.85,71
2025-03-04 07:26:00,248.8,248.85,248.51,248.85,212
2025-03-04 07:28:00,248.5,248.5,248.5,248.5,2
2025-03-04 07:29:00,248.8,248.8,248.51,248.51,7
2025-03-04 07:30:00,248.51,248.51,248.51,248.51,2
2025-03-04 07:31:00,248.8,249.03,248.8,249.03,223
2025-03-04 07:32:00,249.0,249.01,248.91,248.91,52
2025-03-04 07:33:00,248.9,248.91,248.9,248.91,25
2025-03-04 07:35:00,248.6,248.6,248.5,248.5,301
2025-03-04 07:36:00,248.77,248.95,248.72,248.72,213
2025-03-04 07:37:00,248.73,248.73,248.73,248.73,2
2025-03-04 07:38:00,248.73,248.73,248.73,248.73,25
2025-03-04 07:39:00,248.71,248.72,248.7,248.7,26
2025-03-04 07:40:00,248.71,248.92,248.71,248.92,6
2025-03-04 07:41:00,248.73,248.73,248.73,248.73,2
2025-03-04 07:42:00,248.69,248.7,248.69,248.7,100
2025-03-04 07:43:00,248.72,248.73,248.72,248.73,4
2025-03-04 07:44:00,248.95,248.95,248.95,248.95,15
2025-03-04 07:45:00,248.73,248.73,248.73,248.73,1
2025-03-04 07:46:00,248.99,249.04,248.99,249.04,42
2025-03-04 07:47:00,249.05,249.05,249.04,249.05,31
2025-03-04 07:48:00,248.78,248.78,248.78,248.78,3
2025-03-04 07:50:00,249.04,249.05,249.04,249.05,75
2025-03-04 07:51:00,248.8,249.1,248.8,249.1,233
2025-03-04 07:52:00,248.99,248.99,248.99,248.99,65
2025-03-04 07:53:00,248.99,248.99,248.99,248.99,60
2025-03-04 07:56:00,248.93,249.1,248.8,249.1,217
2025-03-04 07:57:00,249.1,249.1,249.1,249.1,10
2025-03-04 07:59:00,248.78,248.78,248.75,248.75,9
2025-03-04 08:00:00,249.13,250.1988,247.6,248.4863,643
2025-03-04 08:01:00,249.04,249.04,248.71,248.75,82
2025-03-04 08:02:00,250.19,250.19,250.19,250.19,14
2025-03-04 08:04:00,248.72,248.96,248.5,248.96,299
2025-03-04 08:05:00,250.19,250.19,248.39,248.39,505
2025-03-04 08:06:00,248.8,248.9,248.51,248.51,84
2025-03-04 08:07:00,248.6,248.98,247.81,247.81,316
2025-03-04 08:08:00,248.6,248.6,248.6,248.6,400
2025-03-04 08:09:00,248.85,248.89,248.54,248.54,123
2025-03-04 08:10:00,248.85,248.85,248.8,248.8,101
2025-03-04 08:11:00,248.0,248.98,248.0,248.52,136
2025-03-04 08:12:00,247.5,247.5,247.5,247.5,1
2025-03-04 08:13:00,248.8,249.0,248.79,248.98,150
2025-03-04 08:14:00,248.97,248.98,248.35,248.82,193
2025-03-04 08:15:00,248.9,248.99,247.9,248.52,154
2025-03-04 08:16:00,248.98,249.0,248.8,248.98,141
2025-03-04 08:17:00,248.98,248.9999,248.98,248.9999,8
2025-03-04 08:18:00,248.6,248.6,248.1,248.1,729
2025-03-04 08:19:00,248.8,248.8,248.5,248.5,574
2025-03-04 08:20:00,248.5,248.5,248.0,248.0,321
2025-03-04 08:21:00,248.26,248.8,248.26,248.8,19
2025-03-04 08:22:00,248.78,248.94,248.56,248.94,139
2025-03-04 08:23:00,248.9,248.9,248.5,248.86,26
2025-03-04 08:24:00,248.87,248.97,248.87,248.97,95
2025-03-04 08:25:00,248.67,248.99,248.0344,248.97,352
2025-03-04 08:26:00,248.59,248.59,248.59,248.59,1
2025-03-04 08:27:00,248.57,248.98,248.57,248.98,25
2025-03-04 08:28:00,248.98,249.0,248.1048,248.1048,552
2025-03-04 08:29:00,248.98,249.0,248.98,249.0,22
2025-03-04 08:30:00,248.98,249.0,248.51,248.98,101
2025-03-04 08:31:00,248.91,249.0,248.52,248.55,121
2025-03-04 08:32:00,248.584,248.66,248.584,248.64,15
2025-03-04 08:33:00,248.66,248.66,248.55,248.55,14
2025-03-04 08:34:00,248.64,248.9,248.1,248.8,168
2025-03-04 08:35:00,248.8,248.9,248.8,248.9,74
2025-03-04 08:36:00,248.9,248.95,248.3816,248.61,248
2025-03-04 08:37:00,248.94,249.19,248.9247,249.19,647
2025-03-04 08:39:00,249.0,249.29,249.0,249.29,40
2025-03-04 08:41:00,249.1,249.4,248.84,249.4,171
2025-03-04 08:42:00,248.85,249.35,248.85,249.35,47
2025-03-04 08:43:00,249.0,249.0,249.0,249.0,13
2025-03-04 08:44:00,249.0,249.35,249.0,249.35,49
2025-03-04 08:45:00,249.3,249.3,249.3,249.3,1
2025-03-04 08:46:00,249.02,249.02,249.0,249.0,278
2025-03-04 08:47:00,249.0,249.0,249.0,249.0,2
2025-03-04 08:48:00,249.25,249.35,249.25,249.35,89
2025-03-04 08:49:00,249.27,249.27,249.0,249.09,375
2025-03-04 08:51:00,249.06,249.5,249.06,249.5,22
2025-03-04 08:52:00,248.8,249.36,248.8,249.35,237
2025-03-04 08:53:00,249.35,249.35,248.36,248.36,32
2025-03-04 08:54:00,249.28,249.49,249.28,249.49,21
2025-03-04 08:56:00,249.0,249.0,249.0,249.0,5
2025-03-04 08:57:00,249.06,249.06,249.0,249.01,214
2025-03-04 08:58:00,249.01,249.01,248.76,249.0,514
2025-03-04 08:59:00,248.82,248.82,248.81,248.81,21
2025-03-04 09:00:00,248.5,249.26,248.5,249.26,604
2025-03-04 09:01:00,248.52,249.26,248.1689,248.52,175
2025-03-04 09:02:00,248.99,248.99,248.96,248.96,80
2025-03-04 09:03:00,248.5,248.5,248.5,248.5,10
2025-03-04 09:04:00,248.1,248.336,248.1,248.336,100
2025-03-04 09:05:00,248.52,248.52,248.51,248.51,10
2025-03-04 09:07:00,248.5,248.5,248.5,248.5,5
2025-03-04 09:08:00,248.51,248.55,248.51,248.55,17
2025-03-04 09:09:00,248.504,248.6,248.2297,248.55,109
2025-03-04 09:10:00,248.98,248.98,248.54,248.6,19
2025-03-04 09:11:00,248.98,248.98,248.7,248.7,20
2025-03-04 09:12:00,248.75,248.89,248.75,248.87,85
2025-03-04 09:13:00,248.87,248.87,248.87,248.87,50
2025-03-04 09:14:00,249.4,249.4,248.1325,248.1325,58
2025-03-04 09:16:00,248.5108,248.5108,248.1,248.1,19
2025-03-04 09:17:00,248.54,248.6,248.2,248.6,71
2025-03-04 09:18:00,248.33,248.81,248.235,248.52,96
2025-03-04 09:19:00,248.79,248.79,248.79,248.79,11
2025-03-04 09:20:00,248.7,251.62,248.1,249.3,44
2025-03-04 09:21:00,248.39,248.5,248.39,248.49,168
2025-03-04 09:22:00,248.5,248.5,248.13,248.4,100
2025-03-04 09:23:00,248.7,248.78,248.7,248.78,289
2025-03-04 09:24:00,249.0,249.0,248.78,248.82,53
2025-03-04 09:25:00,248.97,249.49,248.1527,249.49,737
2025-03-04 09:26:00,249.5,249.95,249.49,249.95,775
2025-03-04 09:27:00,250.0,250.0,249.26,249.26,11
2025-03-04 09:28:00,249.26,249.98,249.26,249.98,293
2025-03-04 09:29:00,249.0,249.0,249.0,249.0,250
2025-03-04 09:30:00,248.75,249.45,248.1,248.94,160624
2025-03-04 09:31:00,248.94,249.63,248.42,248.73,29112
2025-03-04 09:32:00,248.9,249.52,248.61,248.91,18605
2025-03-04 09:33:00,248.96,249.86,248.82,249.12,20138
2025-03-04 09:34:00,249.42,249.9,249.344,249.67,19205
2025-03-04 09:35:00,249.9,250.82,249.745,250.77,148676
2025-03-04 09:36:00,250.82,251.54,250.65,251.54,16287
2025-03-04 09:37:00,251.54,251.92,251.185,251.855,19229
2025-03-04 09:38:00,251.81,252.09,251.69,251.785,24391
2025-03-04 09:39:00,251.92,252.46,251.66,251.66,32963
2025-03-04 09:40:00,251.69,251.91,251.5,251.91,10820
2025-03-04 09:41:00,251.7652,252.17,251.2675,252.17,14782
2025-03-04 09:42:00,252.199,252.205,251.45,251.605,16485
2025-03-04 09:43:00,251.6,251.6,251.08,251.43,7766
2025-03-04 09:44:00,251.29,251.64,250.8371,251.075,9922
2025-03-04 09:45:00,251.05,251.05,250.305,250.305,11867
2025-03-04 09:46:00,250.305,251.05,250.29,251.02,18875
2025-03-04 09:47:00,250.845,251.2,250.55,250.665,12450
2025-03-04 09:48:00,250.66,251.3,250.56,251.29,37325
2025-03-04 09:49:00,251.24,251.32,250.35,250.38,11173
2025-03-04 09:50:00,250.385,250.59,250.342,250.5,5003
2025-03-04 09:51:00,250.61,250.61,250.15,250.44,13802
2025-03-04 09:52:00,250.62,250.71,250.4,250.415,12629
2025-03-04 09:53:00,250.42,250.54,250.16,250.41,11435
2025-03-04 09:54:00,250.29,250.29,249.96,250.055,10145
2025-03-04 09:55:00,250.075,250.46,250.0292,250.085,5959
2025-03-04 09:56:00,250.23,250.315,250.01,250.25,6733
2025-03-04 09:57:00,250.215,250.7899,250.2046,250.62,10127
2025-03-04 09:58:00,250.58,250.58,250.26,250.26,120848
2025-03-04 09:59:00,250.26,250.59,250.13,250.25,13588
2025-03-04 10:00:00,250.27,250.27,249.72,249.93,17652
2025-03-04 10:01:00,250.17,250.29,250.01,250.085,5351
2025-03-04 10:02:00,250.25,250.25,249.8,250.01,9254
2025-03-04 10:03:00,249.88,250.4,249.88,250.32,14019
2025-03-04 10:04:00,250.44,250.51,250.0,250.2325,33785
2025-03-04 10:05:00,250.23,250.59,250.16,250.16,9716
2025-03-04 10:06:00,250.155,250.49,250.1409,250.405,5154
2025-03-04 10:07:00,250.26,250.66,250.26,250.61,9421
2025-03-04 10:08:00,250.687,251.23,250.625,251.23,10185
2025-03-04 10:09:00,251.23,251.32,250.92,250.9774,14634
2025-03-04 10:10:00,250.89,250.94,250.57,250.575,7804
2025-03-04 10:11:00,250.68,250.72,250.3752,250.59,23051
2025-03-04 10:12:00,250.66,250.75,250.45,250.5816,11882
2025-03-04 10:13:00,250.73,251.13,250.67,251.074,13284
2025-03-04 10:14:00,251.125,251.37,250.83,250.9,5960
2025-03-04 10:15:00,250.8392,251.14,250.73,251.015,6878
2025-03-04 10:16:00,251.13,251.2,250.701,250.84,16077
2025-03-04 10:17:00,250.9,250.9,250.52,250.585,8688
2025-03-04 10:18:00,250.585,250.88,250.48,250.78,13551
2025-03-04 10:19:00,250.84,250.98,250.43,250.76,30399
2025-03-04 10:20:00,250.79,251.05,250.71,251.05,5594
2025-03-04 10:21:00,251.08,251.12,250.79,250.9,8419
2025-03-04 10:22:00,250.93,251.66,250.71,251.62,12501
2025-03-04 10:23:00,251.7,251.8102,251.57,251.57,10065
2025-03-04 10:24:00,251.69,251.69,251.4606,251.555,7486
2025-03-04 10:25:00,251.55,251.58,251.31,251.52,9021
2025-03-04 10:26:00,251.44,251.7,251.3514,251.62,12601
2025-03-04 10:27:00,251.635,252.31,251.44,252.18,10108
2025-03-04 10:28:00,252.0,252.38,252.0,252.38,5823
2025-03-04 10:29:00,252.4,252.4,251.93,251.9846,14402
2025-03-04 10:30:00,251.93,251.93,251.4558,251.68,10216
2025-03-04 10:31:00,251.675,252.0,251.675,252.0,7936
2025-03-04 10:32:00,251.96,252.34,251.79,252.34,13513
2025-03-04 10:33:00,252.34,252.73,252.195,252.72,8469
2025-03-04 10:34:00,252.703,252.703,252.305,252.42,12492
2025-03-04 10:35:00,252.42,252.84,252.3,252.74,13570
2025-03-04 10:36:00,252.704,253.0,252.46,252.55,17761
2025-03-04 10:37:00,252.49,252.565,252.18,252.27,16431
2025-03-04 10:38:00,252.18,252.24,251.95,252.24,8234
2025-03-04 10:39:00,252.25,252.34,251.9,252.34,6764
2025-03-04 10:40:00,252.145,252.33,251.96,252.09,7682
2025-03-04 10:41:00,252.04,252.49,252.04,252.47,10314
2025-03-04 10:42:00,252.35,252.5,252.01,252.5,15962
2025-03-04 10:43:00,252.2901,252.355,251.51,251.53,15324
2025-03-04 10:44:00,251.6541,252.31,251.535,252.04,13875
2025-03-04 10:45:00,252.01,252.22,251.8001,251.96,6733
2025-03-04 10:46:00,251.94,251.94,251.26,251.42,11038
2025-03-04 10:47:00,251.2828,251.52,251.25,251.4675,7098
2025-03-04 10:48:00,251.56,252.09,251.56,252.09,5677
2025-03-04 10:49:00,251.965,252.24,251.965,252.0,5848
2025-03-04 10:50:00,251.88,251.88,251.39,251.42,5313
2025-03-04 10:51:00,251.25,251.51,251.17,251.18,5490
2025-03-04 10:52:00,251.36,251.476,251.18,251.34,7655
2025-03-04 10:53:00,251.49,251.54,251.3159,251.45,7745
2025-03-04 10:54:00,251.4,251.5833,251.35,251.5833,6978
2025-03-04 10:55:00,251.73,251.87,251.5983,251.87,3700
2025-03-04 10:56:00,251.765,251.95,251.765,251.94,11862
2025-03-04 10:57:00,251.93,252.07,251.66,252.06,21385
2025-03-04 10:58:00,252.04,252.04,251.64,251.64,19334
2025-03-04 10:59:00,251.87,252.0,251.64,251.64,7458
2025-03-04 11:00:00,251.6,251.79,251.5,251.79,10910
2025-03-04 11:01:00,251.79,251.79,251.23,251.29,10747
2025-03-04 11:02:00,251.42,251.42,251.245,251.35,3927
2025-03-04 11:03:00,251.45,251.91,251.45,251.78,15293
2025-03-04 11:04:00,251.86,251.86,251.58,251.605,5574
2025-03-04 11:05:00,251.7,251.722,251.55,251.55,3504
2025-03-04 11:06:00,251.625,251.73,251.46,251.73,14210
2025-03-04 11:07:00,251.68,251.71,251.47,251.56,6742
2025-03-04 11:08:00,251.46,251.56,251.26,251.44,7731
2025-03-04 11:09:00,251.3898,251.465,251.29,251.39,4302
2025-03-04 11:10:00,251.48,251.6,251.43,251.43,3919
2025-03-04 11:11:00,251.56,252.4,251.489,252.27,9695
2025-03-04 11:12:00,252.18,252.23,251.97,252.23,6968
2025-03-04 11:13:00,252.3,252.41,252.16,252.27,6151
2025-03-04 11:14:00,252.36,252.39,251.93,252.125,11316
2025-03-04 11:15:00,252.06,252.37,252.06,252.32,6522
2025-03-04 11:16:00,252.1895,252.28,252.04,252.05,9602
2025-03-04 11:17:00,252.09,252.09,251.79,251.875,8036
2025-03-04 11:18:00,251.875,251.875,251.76,251.7807,4901
2025-03-04 11:19:00,251.815,251.83,251.37,251.375,6841
2025-03-04 11:20:00,251.45,251.965,251.45,251.965,6978
2025-03-04 11:21:00,252.0,252.0,251.6775,251.84,7066
2025-03-04 11:22:00,251.75,251.92,251.64,251.91,17521
2025-03-04 11:23:00,251.9,251.9,251.37,251.37,7366
2025-03-04 11:24:00,251.53,251.57,251.405,251.48,3771
2025-03-04 11:25:00,251.45,251.57,251.3101,251.3101,4265
2025-03-04 11:26:00,251.49,251.77,251.47,251.71,8683
2025-03-04 11:27:00,251.71,251.7568,251.39,251.43,10795
2025-03-04 11:28:00,251.27,251.485,251.24,251.34,30876
2025-03-04 11:29:00,251.33,251.5,251.15,251.4983,18517
2025-03-04 11:30:00,251.63,251.96,251.63,251.79,15965
2025-03-04 11:31:00,251.765,251.81,251.59,251.59,3911
2025-03-04 11:32:00,251.58,251.96,251.53,251.81,5980
2025-03-04 11:33:00,251.81,251.9,251.6,251.6,11450
2025-03-04 11:34:00,251.57,251.635,251.44,251.55,6699
2025-03-04 11:35:00,251.525,251.65,251.52,251.65,3555
2025-03-04 11:36:00,251.595,251.82,251.13,251.23,8689
2025-03-04 11:37:00,251.21,251.55,251.14,251.28,7288
2025-03-04 11:38:00,251.41,251.42,251.11,251.26,11933
2025-03-04 11:39:00,251.2934,251.48,251.1917,251.265,6248
2025-03-04 11:40:00,251.255,251.6299,251.255,251.31,9706
2025-03-04 11:41:00,251.385,251.47,251.08,251.31,3898
2025-03-04 11:42:00,251.31,251.555,251.1335,251.555,5865
2025-03-04 11:43:00,251.62,251.74,251.3,251.31,8873
2025-03-04 11:44:00,251.55,251.8,251.37,251.8,5759
2025-03-04 11:45:00,251.69,251.89,251.63,251.81,6237
2025-03-04 11:46:00,251.86,251.88,251.67,251.86,4163
2025-03-04 11:47:00,251.77,251.96,251.75,251.96,5185
2025-03-04 11:48:00,251.9,252.09,251.8,252.09,5979
2025-03-04 11:49:00,252.09,252.28,251.77,252.28,15469
2025-03-04 11:50:00,252.185,252.6,252.185,252.465,7689
2025-03-04 11:51:00,252.34,252.34,252.1,252.15,11068
2025-03-04 11:52:00,252.11,252.44,252.11,252.44,5638
2025-03-04 11:53:00,252.59,252.9,252.55,252.55,15131
2025-03-04 11:54:00,252.49,252.71,252.49,252.585,6456
2025-03-04 11:55:00,252.585,252.585,252.3,252.31,4804
2025-03-04 11:56:00,252.38,252.67,252.38,252.67,6264
2025-03-04 11:57:00,252.66,252.72,252.5,252.5,4668
2025-03-04 11:58:00,252.53,252.68,252.4401,252.575,5919
2025-03-04 11:59:00,252.44,252.61,252.36,252.61,8775
2025-03-04 12:00:00,252.62,252.67,252.4501,252.55,2954
2025-03-04 12:01:00,252.545,252.55,252.35,252.48,9232
2025-03-04 12:02:00,252.55,252.59,252.4301,252.54,3107
2025-03-04 12:03:00,252.57,252.74,252.4602,252.68,5121
2025-03-04 12:04:00,252.73,252.78,252.42,252.43,7543
2025-03-04 12:05:00,252.41,252.42,252.3001,252.3001,4696
2025-03-04 12:06:00,252.3,252.45,252.1722,252.4,8386
2025-03-04 12:07:00,252.33,252.42,252.19,252.2,5652
2025-03-04 12:08:00,252.18,252.2,251.97,252.0936,5411
2025-03-04 12:09:00,252.19,252.19,252.0,252.11,3959
2025-03-04 12:10:00,252.21,252.28,252.08,252.14,9951
2025-03-04 12:11:00,252.14,252.14,251.93,252.05,13440
2025-03-04 12:12:00,251.985,252.05,251.8484,251.965,7028
2025-03-04 12:13:00,251.965,252.06,251.84,251.925,6072
2025-03-04 12:14:00,251.93,252.0,251.74,251.79,6401
2025-03-04 12:15:00,251.75,252.01,251.75,252.0,3999
2025-03-04 12:16:00,252.02,252.12,251.92,252.09,3411
2025-03-04 12:17:00,252.11,252.21,252.02,252.1333,9264
2025-03-04 12:18:00,252.33,252.41,252.265,252.41,3087
2025-03-04 12:19:00,252.41,252.53,252.3092,252.53,7505
2025-03-04 12:20:00,252.47,252.53,252.38,252.455,9670
2025-03-04 12:21:00,252.51,252.83,252.43,252.755,6239
2025-03-04 12:22:00,252.755,252.84,252.68,252.73,11395
2025-03-04 12:23:00,252.69,252.8,252.61,252.61,4480
2025-03-04 12:24:00,252.67,252.67,252.48,252.55,7982
2025-03-04 12:25:00,252.615,252.78,252.59,252.63,12152
2025-03-04 12:26:00,252.7,252.94,252.7,252.81,20371
2025-03-04 12:27:00,252.93,253.23,252.88,253.1146,18620
2025-03-04 12:28:00,253.22,253.54,253.17,253.5,10177
2025-03-04 12:29:00,253.37,253.41,253.245,253.352,22328
2025-03-04 12:30:00,253.31,253.36,252.56,252.835,24688
2025-03-04 12:31:00,252.855,252.87,252.57,252.755,9467
2025-03-04 12:32:00,252.67,252.995,252.49,252.87,6665
2025-03-04 12:33:00,252.86,253.02,252.63,252.99,3909
2025-03-04 12:34:00,253.01,253.02,252.79,252.9,3221
2025-03-04 12:35:00,252.915,252.915,252.8341,252.915,2301
2025-03-04 12:36:00,252.915,253.07,252.885,253.07,5614
2025-03-04 12:37:00,253.07,253.07,252.59,252.78,9934
2025-03-04 12:38:00,252.87,253.07,252.8,252.8,5800
2025-03-04 12:39:00,252.965,253.1073,252.8,252.91,4058
2025-03-04 12:40:00,252.925,253.03,252.62,252.62,7462
2025-03-04 12:41:00,252.605,252.88,252.605,252.84,5588
2025-03-04 12:42:00,252.95,253.03,252.62,252.79,11218
2025-03-04 12:43:00,252.81,252.94,252.8,252.94,2296
2025-03-04 12:44:00,252.94,252.94,252.65,252.72,5956
2025-03-04 12:45:00,252.635,253.08,252.57,253.08,11273
2025-03-04 12:46:00,253.04,253.09,252.895,252.9,3653
2025-03-04 12:47:00,252.995,253.13,252.915,253.02,5399
2025-03-04 12:48:00,253.05,253.18,252.96,252.99,3254
2025-03-04 12:49:00,252.96,252.98,252.765,252.775,4171
2025-03-04 12:50:00,252.775,252.775,252.5501,252.5501,6427
2025-03-04 12:51:00,252.64,252.64,252.504,252.595,5755
2025-03-04 12:52:00,252.595,252.595,252.3401,252.495,8333
2025-03-04 12:53:00,252.48,252.73,252.48,252.73,4440
2025-03-04 12:54:00,252.7,252.8679,252.66,252.8679,4231
2025-03-04 12:55:00,252.765,252.86,252.69,252.69,4586
2025-03-04 12:56:00,252.69,252.8225,252.62,252.62,2550
2025-03-04 12:57:00,252.675,252.705,252.63,252.63,3626
2025-03-04 12:58:00,252.675,252.675,252.6,252.66,4191
2025-03-04 12:59:00,252.59,252.62,252.5109,252.59,2766
2025-03-04 13:00:00,252.59,252.79,252.5018,252.69,3480
2025-03-04 13:01:00,252.6,252.74,252.51,252.51,3767
2025-03-04 13:02:00,252.69,252.69,252.62,252.69,2598
2025-03-04 13:03:00,252.8,252.915,252.77,252.915,2768
2025-03-04 13:04:00,252.915,252.915,252.83,252.83,3297
2025-03-04 13:05:00,252.7625,252.905,252.6701,252.81,5930
2025-03-04 13:06:00,252.79,252.8,252.65,252.75,3941
2025-03-04 13:07:00,252.79,252.87,252.747,252.795,1842
2025-03-04 13:08:00,252.84,253.28,252.7701,253.265,4401
2025-03-04 13:09:00,253.33,253.33,253.32,253.32,2098
2025-03-04 13:10:00,253.27,253.47,253.25,253.47,7789
2025-03-04 13:11:00,253.54,253.54,253.4,253.525,2718
2025-03-04 13:12:00,253.4763,253.52,253.37,253.44,3840
2025-03-04 13:13:00,253.485,253.58,253.3221,253.4,4269
2025-03-04 13:14:00,253.49,253.49,253.35,253.35,2265
2025-03-04 13:15:00,253.34,253.4199,253.26,253.37,5331
2025-03-04 13:16:00,253.42,253.42,253.17,253.245,5473
2025-03-04 13:17:00,253.17,253.2482,253.07,253.2482,4068
2025-03-04 13:18:00,253.155,253.155,252.93,253.025,5804
2025-03-04 13:19:00,253.04,253.25,253.04,253.2075,3351
2025-03-04 13:20:00,253.25,253.25,253.165,253.165,1351
2025-03-04 13:21:00,253.165,253.165,253.02,253.06,4237
2025-03-04 13:22:00,252.9801,253.1,252.98,253.1,3449
2025-03-04 13:23:00,252.9675,253.03,252.86,253.01,2639
2025-03-04 13:24:00,252.925,253.1,252.91,253.1,2811
2025-03-04 13:25:00,253.065,253.065,252.84,252.98,5249
2025-03-04 13:26:00,253.05,253.05,252.91,253.02,4557
2025-03-04 13:27:00,252.94,252.95,252.87,252.8939,2219
2025-03-04 13:28:00,252.965,252.965,252.86,252.93,3037
2025-03-04 13:29:00,252.8104,252.91,252.8104,252.82,2752
2025-03-04 13:30:00,252.925,252.925,252.77,252.77,3593
2025-03-04 13:31:00,252.78,252.83,252.7028,252.83,2962
2025-03-04 13:32:00,252.88,252.96,252.8249,252.8249,2147
2025-03-04 13:33:00,252.955,253.09,252.94,252.94,2515
2025-03-04 13:34:00,253.04,253.17,252.97,253.17,4156
2025-03-04 13:35:00,253.11,253.11,252.93,252.93,3326
2025-03-04 13:36:00,252.95,253.05,252.95,252.98,3958
2025-03-04 13:37:00,252.98,253.24,252.9,253.215,8112
2025-03-04 13:38:00,253.31,253.31,253.19,253.22,3271
2025-03-04 13:39:00,253.31,253.39,253.2631,253.325,3120
2025-03-04 13:40:00,253.4,253.49,253.375,253.44,4440
2025-03-04 13:41:00,253.41,253.46,253.27,253.4,3205
2025-03-04 13:42:00,253.5,253.75,253.5,253.63,5592
2025-03-04 13:43:00,253.635,253.635,253.48,253.48,3475
2025-03-04 13:44:00,253.45,253.52,253.3417,253.485,4128
2025-03-04 13:45:00,253.48,253.52,253.34,253.52,2724
2025-03-04 13:46:00,253.55,253.59,253.45,253.49,5109
2025-03-04 13:47:00,253.485,253.68,253.48,253.6152,5955
2025-03-04 13:48:00,253.67,253.68,253.55,253.58,2348
2025-03-04 13:49:00,253.55,253.665,253.44,253.5075,9153
2025-03-04 13:50:00,253.44,253.64,253.44,253.44,4337
2025-03-04 13:51:00,253.4716,253.63,253.4716,253.63,3452
2025-03-04 13:52:00,253.615,253.85,253.615,253.7504,4777
2025-03-04 13:53:00,253.76,253.88,253.76,253.86,6051
2025-03-04 13:54:00,253.86,253.865,253.8,253.865,2732
2025-03-04 13:55:00,253.835,253.88,253.835,253.88,5016
2025-03-04 13:56:00,253.98,254.0,253.8414,254.0,6800
2025-03-04 13:57:00,254.0,254.0,253.888,253.89,4854
2025-03-04 13:58:00,254.0,254.0,253.865,253.865,2871
2025-03-04 13:59:00,253.84,253.86,253.78,253.785,4075
2025-03-04 14:00:00,253.78,253.97,253.78,253.8793,8050
2025-03-04 14:01:00,254.0,254.1,253.87,254.0,23656
2025-03-04 14:02:00,254.06,254.61,254.03,254.31,10939
2025-03-04 14:03:00,254.25,254.45,254.21,254.3301,14915
2025-03-04 14:04:00,254.385,254.385,254.23,254.315,7968
2025-03-04 14:05:00,254.295,254.4626,254.295,254.41,6545
2025-03-04 14:06:00,254.4,254.41,254.23,254.39,3163
2025-03-04 14:07:00,254.29,254.44,254.29,254.4,6971
2025-03-04 14:08:00,254.375,254.505,254.29,254.43,7647
2025-03-04 14:09:00,254.42,254.65,254.42,254.65,5578
2025-03-04 14:10:00,254.67,254.67,254.27,254.27,7649
2025-03-04 14:11:00,254.24,254.275,254.0243,254.23,4775
2025-03-04 14:12:00,254.1201,254.23,254.1201,254.155,2202
2025-03-04 14:13:00,254.17,254.17,254.06,254.085,3925
2025-03-04 14:14:00,254.0799,254.15,254.0,254.07,7255
2025-03-04 14:15:00,254.14,254.18,254.075,254.14,6551
2025-03-04 14:16:00,254.19,254.38,254.19,254.38,2374
2025-03-04 14:17:00,254.49,254.61,254.395,254.56,3200
2025-03-04 14:18:00,254.47,254.57,254.38,254.41,7114
2025-03-04 14:19:00,254.415,254.51,254.415,254.42,1945
2025-03-04 14:20:00,254.48,254.72,254.48,254.72,4273
2025-03-04 14:21:00,254.625,254.73,254.58,254.58,2649
2025-03-04 14:22:00,254.638,254.88,254.638,254.88,4752
2025-03-04 14:23:00,254.88,254.9,254.681,254.88,10514
2025-03-04 14:24:00,254.83,254.8799,254.68,254.83,4391
2025-03-04 14:25:00,254.83,254.88,254.7929,254.815,3557
2025-03-04 14:26:00,254.815,254.815,254.53,254.53,8013
2025-03-04 14:27:00,254.545,254.6292,254.315,254.355,4922
2025-03-04 14:28:00,254.35,254.57,254.2486,254.53,4227
2025-03-04 14:29:00,254.4601,254.4601,254.28,254.3545,4140
2025-03-04 14:30:00,254.305,254.3358,254.22,254.3,2518
2025-03-04 14:31:00,254.295,254.335,254.23,254.26,4145
2025-03-04 14:32:00,254.32,254.37,254.26,254.28,10854
2025-03-04 14:33:00,254.2674,254.2674,253.98,254.03,4645
2025-03-04 14:34:00,254.035,254.22,254.035,254.12,4021
2025-03-04 15:04:00,254.05,254.05,253.98,254.025,577
2025-03-04 15:05:00,254.09,254.09,254.0011,254.02,2012
2025-03-04 15:06:00,254.15,254.26,254.03,254.26,3051
2025-03-04 15:07:00,254.315,254.315,254.175,254.255,3098
2025-03-04 15:08:00,254.255,254.38,254.18,254.35,40402
2025-03-04 15:09:00,254.39,254.39,254.29,254.29,3130
2025-03-04 15:10:00,254.36,254.395,254.25,254.25,3618
2025-03-04 15:11:00,254.375,254.4381,254.215,254.215,4965
2025-03-04 15:12:00,254.255,254.36,254.225,254.36,2182
2025-03-04 15:13:00,254.51,254.62,254.5075,254.52,3473
2025-03-04 15:14:00,254.515,254.535,254.515,254.535,3209
2025-03-04 15:15:00,254.6287,254.678,254.57,254.62,3762
2025-03-04 15:16:00,254.59,254.65,254.48,254.528,5016
2025-03-04 15:17:00,254.72,254.87,254.72,254.865,2264
2025-03-04 15:18:00,254.93,254.93,254.7907,254.82,5875
2025-03-04 15:19:00,254.805,255.18,254.775,255.02,6970
2025-03-04 15:20:00,255.02,255.16,255.0,255.14,4933
2025-03-04 15:21:00,255.1,255.4399,255.0425,255.4399,4944
2025-03-04 15:22:00,255.325,255.45,255.28,255.355,7419
2025-03-04 15:23:00,255.285,255.335,255.285,255.335,7129
2025-03-04 15:24:00,255.265,255.43,255.26,255.42,5055
2025-03-04 15:25:00,255.45,255.45,255.25,255.25,3566
2025-03-04 15:26:00,255.32,255.48,255.2497,255.3862,7506
2025-03-04 15:27:00,255.34,255.48,255.3289,255.41,8102
2025-03-04 15:28:00,255.36,255.4483,255.21,255.21,13129
2025-03-04 15:29:00,255.255,255.27,255.185,255.185,3964
2025-03-04 15:30:00,255.29,255.29,254.94,254.94,6168
2025-03-04 15:31:00,254.955,254.955,254.72,254.805,6449
2025-03-04 15:32:00,254.73,254.73,254.5,254.6,11293
2025-03-04 15:33:00,254.57,254.57,254.21,254.21,5849
2025-03-04 15:34:00,254.275,254.43,254.19,254.38,10875
2025-03-04 15:35:00,254.39,254.74,254.275,254.74,8310
2025-03-04 15:36:00,254.74,254.74,254.4418,254.51,5779
2025-03-04 15:37:00,254.3761,254.6699,254.35,254.585,6375
2025-03-04 15:38:00,254.58,254.58,254.38,254.38,7122
2025-03-04 15:39:00,254.455,254.51,254.1812,254.22,6443
2025-03-04 15:40:00,254.21,254.28,254.05,254.07,6065
2025-03-04 15:41:00,254.095,254.18,253.79,253.845,9725
2025-03-04 15:42:00,253.805,253.965,253.72,253.72,7087
2025-03-04 15:43:00,253.9,254.14,253.7875,253.97,9910
2025-03-04 15:44:00,253.94,254.1,253.82,253.91,5595
2025-03-04 15:45:00,253.93,254.17,253.72,253.72,7702
2025-03-04 15:46:00,253.66,253.67,253.515,253.58,7870
2025-03-04 15:47:00,253.67,253.68,253.39,253.39,7446
2025-03-04 15:48:00,253.39,253.46,253.308,253.44,6534
2025-03-04 15:49:00,253.415,253.48,253.12,253.12,8828
2025-03-04 15:50:00,253.04,253.28,252.63,252.655,16774
2025-03-04 15:51:00,252.7,252.74,252.43,252.43,16019
2025-03-04 15:52:00,252.46,252.53,252.27,252.335,15530
2025-03-04 15:53:00,252.39,252.85,252.335,252.7,16518
2025-03-04 15:54:00,252.735,253.02,252.6405,252.97,19588
2025-03-04 15:55:00,253.0,253.3,252.98,253.15,36740
2025-03-04 15:56:00,253.15,253.23,252.96,253.11,45051
2025-03-04 15:57:00,253.11,253.21,253.0,253.175,57246
2025-03-04 15:58:00,253.18,253.24,252.95,253.05,71397
2025-03-04 15:59:00,253.085,253.4,252.9513,253.1,50367
2025-03-04 16:00:00,253.205,253.21,253.205,253.21,78752
2025-03-04 16:01:00,253.21,253.21,253.21,253.21,4350
2025-03-04 16:02:00,253.21,253.21,253.21,253.21,104332
2025-03-04 16:03:00,253.21,253.21,253.21,253.21,111941
2025-03-04 16:05:00,253.21,253.21,253.21,253.21,4
2025-03-04 16:06:00,253.21,253.21,253.21,253.21,334
2025-03-04 16:09:00,252.4254,252.4254,252.4254,252.4254,50
2025-03-04 16:14:00,253.22,253.22,253.21,253.21,2042
2025-03-05 04:00:00,255.55,255.55,254.1,254.1,74
2025-03-05 04:02:00,254.89,254.89,254.89,254.89,51
2025-03-05 04:03:00,254.86,254.86,254.86,254.86,3
2025-03-05 04:05:00,254.06,254.06,254.06,254.06,10
2025-03-05 04:13:00,254.1,254.1,254.1,254.1,6
2025-03-05 04:19:00,254.01,254.01,254.01,254.01,1
2025-03-05 04:25:00,254.2,254.2,254.2,254.2,3
2025-03-05 04:31:00,254.69,254.69,254.69,254.69,1
2025-03-05 04:32:00,254.7,254.7,254.7,254.7,1
2025-03-05 04:33:00,254.7,254.7,254.1,254.1,3
2025-03-05 04:43:00,254.61,254.61,254.61,254.61,1
2025-03-05 04:50:00,254.66,254.67,254.66,254.67,100
2025-03-05 04:51:00,254.66,254.66,254.66,254.66,4
2025-03-05 04:52:00,254.66,254.67,254.66,254.67,100
2025-03-05 05:01:00,254.7,254.7,254.7,254.7,5
2025-03-05 05:04:00,254.7,254.7,254.7,254.7,1
2025-03-05 05:06:00,254.45,254.45,254.45,254.45,2
2025-03-05 05:08:00,254.47,254.47,254.47,254.47,2
2025-03-05 05:14:00,254.42,254.42,254.42,254.42,8
2025-03-05 05:17:00,254.47,254.47,254.47,254.47,4
2025-03-05 05:21:00,254.7,254.7,254.7,254.7,3
2025-03-05 05:22:00,254.45,254.45,254.45,254.45,1
2025-03-05 05:24:00,254.46,254.46,254.46,254.46,2
2025-03-05 05:25:00,254.46,254.46,254.46,254.46,3
2025-03-05 05:28:00,254.46,254.46,254.46,254.46,3
2025-03-05 05:33:00,254.7,254.7,254.7,254.7,1
2025-03-05 05:45:00,254.7,254.7,254.7,254.7,6
2025-03-05 05:47:00,254.47,254.47,254.47,254.47,1
2025-03-05 05:48:00,254.84,254.84,254.84,254.84,5
2025-03-05 05:55:00,254.5,254.5,254.5,254.5,9
2025-03-05 05:59:00,254.8,254.8,254.8,254.8,1
2025-03-05 06:01:00,254.52,254.52,254.46,254.46,16
2025-03-05 06:02:00,254.46,254.46,254.39,254.45,16
2025-03-05 06:04:00,254.36,254.5,254.35,254.35,16
2025-03-05 06:09:00,254.67,254.67,254.67,254.67,1
2025-03-05 06:10:00,254.13,254.13,254.09,254.09,13
2025-03-05 06:12:00,254.72,254.72,254.72,254.72,13
2025-03-05 06:16:00,254.67,254.67,254.67,254.67,2
2025-03-05 06:17:00,254.1,254.1,254.1,254.1,1
2025-03-05 06:29:00,254.72,254.72,254.72,254.72,2
2025-03-05 06:36:00,254.5,254.5,254.5,254.5,1
2025-03-05 06:38:00,254.67,254.67,254.67,254.67,1
2025-03-05 06:41:00,254.6,254.6,254.6,254.6,1
2025-03-05 06:50:00,254.6,254.6,254.6,254.6,15
2025-03-05 06:51:00,254.63,254.63,254.63,254.63,6
2025-03-05 06:53:00,254.1,254.1,253.57,253.58,135
2025-03-05 06:54:00,253.54,253.54,253.21,253.21,76
2025-03-05 06:58:00,253.57,253.79,253.5,253.5,177
2025-03-05 06:59:00,253.5,253.5,253.5,253.5,45
2025-03-05 07:01:00,253.52,253.52,253.49,253.49,11
2025-03-05 07:02:00,253.55,253.75,253.22,253.5,225
2025-03-05 07:03:00,253.36,253.5,253.36,253.5,3
2025-03-05 07:05:00,253.5,253.5,253.5,253.5,10
2025-03-05 07:06:00,253.34,253.34,253.34,253.34,5
2025-03-05 07:08:00,253.49,253.5,253.49,253.5,5
2025-03-05 07:10:00,253.49,253.5,253.49,253.5,2
2025-03-05 07:11:00,253.5,253.5,253.5,253.5,1
2025-03-05 07:12:00,253.49,253.49,253.49,253.49,8
2025-03-05 07:13:00,253.23,253.23,253.23,253.23,6
2025-03-05 07:14:00,253.22,253.22,253.0,253.01,78
2025-03-05 07:16:00,253.01,253.25,253.0,253.25,341
2025-03-05 07:17:00,253.29,253.3,253.01,253.01,212
2025-03-05 07:18:00,253.0,253.0,252.74,252.74,10
2025-03-05 07:19:00,252.92,253.29,252.92,252.92,38
2025-03-05 07:20:00,252.92,252.92,252.92,252.92,17
2025-03-05 07:21:00,252.52,252.79,252.29,252.29,97
2025-03-05 07:22:00,252.49,252.5,252.49,252.5,9
2025-03-05 07:26:00,252.31,253.19,252.31,253.19,12
2025-03-05 07:29:00,252.41,253.27,252.41,253.27,11
2025-03-05 07:34:00,253.09,253.29,253.09,253.29,41
2025-03-05 07:36:00,253.28,253.28,253.28,253.28,4
2025-03-05 07:41:00,253.33,253.33,253.19,253.2,15
2025-03-05 07:44:00,253.41,253.41,253.41,253.41,5
2025-03-05 07:45:00,253.47,253.47,253.01,253.01,78
2025-03-05 07:46:00,253.0,253.0,253.0,253.0,7
2025-03-05 07:47:00,253.0,253.0,253.0,253.0,3
2025-03-05 07:54:00,253.16,253.16,253.16,253.16,5
2025-03-05 08:00:00,253.89,254.9588,252.0,253.21,386
2025-03-05 08:01:00,253.04,253.04,253.04,253.04,1
2025-03-05 08:02:00,253.21,253.21,253.21,253.21,11
2025-03-05 08:03:00,253.11,253.21,252.3,253.21,183
2025-03-05 08:04:00,253.21,253.21,253.16,253.17,18
2025-03-05 08:05:00,253.21,253.21,253.21,253.21,3
2025-03-05 08:06:00,252.29,253.7,252.29,253.7,54
2025-03-05 08:08:00,253.03,253.21,253.03,253.21,537
2025-03-05 08:09:00,252.98,252.98,252.98,252.98,13
2025-03-05 08:10:00,253.0,253.0,252.6,252.6,5
2025-03-05 08:11:00,252.3,252.3,252.3,252.3,2
2025-03-05 08:14:00,252.94,252.98,252.94,252.95,124
2025-03-05 08:15:00,252.61,252.61,252.35,252.35,40
2025-03-05 08:16:00,252.42,252.42,252.3,252.3,110
2025-03-05 08:17:00,252.3,252.3,252.3,252.3,250
2025-03-05 08:18:00,252.42,252.42,252.35,252.35,48
2025-03-05 08:19:00,252.35,253.6,252.31,253.6,118
2025-03-05 08:22:00,252.7,252.7,252.7,252.7,3
2025-03-05 08:24:00,252.3,252.3,252.3,252.3,19
2025-03-05 08:25:00,252.69,252.69,252.69,252.69,1
2025-03-05 08:27:00,252.31,252.6,252.31,252.6,16
2025-03-05 08:28:00,252.32,253.275,252.31,252.31,44
2025-03-05 08:29:00,253.3,253.3,252.3,252.46,13
2025-03-05 08:30:00,252.3001,252.3001,252.3001,252.3001,1
2025-03-05 08:31:00,252.3001,252.3001,252.3001,252.3001,25
2025-03-05 08:32:00,252.69,252.69,252.69,252.69,6
2025-03-05 08:34:00,252.7,252.7,252.7,252.7,1
2025-03-05 08:36:00,252.6,252.77,252.6,252.77,348
2025-03-05 08:37:00,253.0,253.0,253.0,253.0,52
2025-03-05 08:38:00,252.62,253.0,252.61,253.0,27
2025-03-05 08:39:00,252.56,252.56,252.56,252.56,2
2025-03-05 08:41:00,253.0,253.0,253.0,253.0,500
2025-03-05 08:42:00,252.57,252.66,252.56,252.66,54
2025-03-05 08:46:00,253.0,253.0,253.0,253.0,48
2025-03-05 08:48:00,252.56,252.66,252.5,252.66,118
2025-03-05 08:49:00,252.3,252.49,252.3,252.3,29
2025-03-05 08:50:00,253.0,253.0,253.0,253.0,100
2025-03-05 08:56:00,252.41,252.41,252.4,252.4,50
2025-03-05 08:59:00,252.3175,252.3175,252.3175,252.3175,200
2025-03-05 09:03:00,252.3,252.3,252.3,252.3,1
2025-03-05 09:04:00,253.0,253.0,252.3,252.5,4
2025-03-05 09:06:00,252.7,252.85,252.7,252.85,50
2025-03-05 09:07:00,252.5,252.5,252.4,252.4,5
2025-03-05 09:11:00,252.42,252.42,252.4,252.4,7
2025-03-05 09:12:00,252.4,252.4,252.4,252.4,1
2025-03-05 09:14:00,252.9,252.9,252.79,252.82,19
2025-03-05 09:15:00,252.82,252.87,252.82,252.87,96
2025-03-05 09:19:00,253.0,253.0,252.94,252.94,105
2025-03-05 09:20:00,252.3,253.0,252.3,252.9166,5
2025-03-05 09:24:00,252.74,252.74,252.3,252.3,2
2025-03-05 09:26:00,252.99,252.99,252.3,252.3,6
2025-03-05 09:27:00,253.0,253.0,252.46,252.65,15
2025-03-05 09:28:00,252.46,252.46,252.0,252.02,889
2025-03-05 09:29:00,252.1,252.1,252.0,252.0,1104
2025-03-05 09:30:00,251.58,252.38,251.0,251.595,79017
2025-03-05 09:31:00,251.18,251.415,251.18,251.38,1294
2025-03-05 09:32:00,251.61,252.0749,251.38,252.0749,6610
2025-03-05 09:33:00,251.75,252.07,251.74,251.88,4498
2025-03-05 09:34:00,251.93,252.7,251.7823,252.7,5779
2025-03-05 09:35:00,252.54,252.74,251.99,252.435,20466
2025-03-05 09:36:00,252.1502,252.455,251.135,251.2665,11618
2025-03-05 09:37:00,251.22,251.4823,251.11,251.36,6408
2025-03-05 09:38:00,251.3142,251.59,251.005,251.005,3466
2025-03-05 09:39:00,251.09,251.97,251.09,251.97,4303
2025-03-05 09:40:00,251.97,252.2,251.83,252.165,6281
2025-03-05 09:41:00,252.1193,252.1193,252.01,252.0869,2207
2025-03-05 09:42:00,252.0869,252.12,251.545,251.545,6725
2025-03-05 09:43:00,251.595,251.8,251.4,251.515,3912
2025-03-05 09:44:00,251.515,251.79,251.365,251.79,8051
2025-03-05 09:45:00,251.73,251.89,251.655,251.87,5768
2025-03-05 09:46:00,251.99,252.31,251.52,251.655,18464
2025-03-05 09:47:00,251.655,251.655,251.0,251.05,15712
2025-03-05 09:48:00,251.035,251.32,250.54,250.7648,9104
2025-03-05 09:49:00,250.91,250.92,250.34,250.57,5431
2025-03-05 09:50:00,250.47,250.83,250.33,250.745,5981
2025-03-05 09:51:00,250.5953,250.83,250.56,250.67,4560
2025-03-05 09:52:00,250.74,250.88,250.63,250.63,4154
2025-03-05 09:53:00,250.7461,250.7461,250.32,250.32,4810
2025-03-05 09:54:00,250.13,250.24,249.7229,249.845,6795
2025-03-05 09:55:00,249.7628,249.97,249.66,249.77,4584
2025-03-05 09:56:00,249.77,249.94,249.07,249.0701,8021
2025-03-05 09:57:00,249.255,249.3,248.89,249.28,9138
2025-03-05 09:58:00,249.33,249.54,249.08,249.36,6634
2025-03-05 09:59:00,249.375,249.6,249.01,249.35,9119
2025-03-05 10:00:00,249.37,250.605,249.1,250.4,16115
2025-03-05 10:01:00,250.23,250.48,250.23,250.48,2538
2025-03-05 10:02:00,250.35,250.38,249.925,250.2,9481
2025-03-05 10:03:00,250.26,250.44,250.1,250.335,10443
2025-03-05 10:04:00,250.21,250.5525,250.21,250.51,4880
2025-03-05 10:05:00,250.65,250.7199,250.33,250.33,6245
2025-03-05 10:06:00,250.33,250.65,250.3,250.485,3182
2025-03-05 10:07:00,250.485,250.96,250.4825,250.96,6150
2025-03-05 10:08:00,250.9699,250.9699,250.61,250.9,3468
2025-03-05 10:09:00,250.72,250.72,250.19,250.2,8437
2025-03-05 10:10:00,250.365,250.455,249.9,249.985,8386
2025-03-05 10:11:00,249.81,249.925,249.45,249.45,7877
2025-03-05 10:12:00,249.48,249.865,249.44,249.78,5757
2025-03-05 10:13:00,249.6445,249.78,249.5,249.68,8092
2025-03-05 10:14:00,249.51,249.72,249.37,249.52,11964
2025-03-05 10:15:00,249.52,249.59,249.13,249.22,10347
2025-03-05 10:16:00,249.245,249.3573,248.71,248.73,16221
2025-03-05 10:17:00,248.71,248.88,248.52,248.88,40286
2025-03-05 10:18:00,248.86,249.2099,248.695,248.695,19469
2025-03-05 10:19:00,248.63,248.65,248.29,248.59,8901
2025-03-05 10:20:00,248.57,248.8699,248.5,248.575,8047
2025-03-05 10:21:00,248.48,248.6799,248.14,248.14,9121
2025-03-05 10:22:00,248.255,248.44,248.0906,248.12,18003
2025-03-05 10:23:00,248.1131,248.41,248.07,248.365,14588
2025-03-05 10:24:00,248.345,248.4284,248.19,248.29,4083
2025-03-05 10:25:00,248.15,248.37,247.6801,247.96,18634
2025-03-05 10:26:00,247.89,247.96,247.5,247.54,8170
2025-03-05 10:27:00,247.5416,247.5416,247.3,247.435,13716
2025-03-05 10:28:00,247.3,247.57,247.17,247.46,11849
2025-03-05 10:29:00,247.545,247.73,247.5135,247.569,8744
2025-03-05 10:30:00,247.64,247.86,247.64,247.84,5808
2025-03-05 10:31:00,247.88,248.27,247.7825,248.2,9067
2025-03-05 10:32:00,248.205,248.27,247.9514,248.2,9268
2025-03-05 10:33:00,248.06,248.2,247.85,248.04,10765
2025-03-05 10:34:00,248.04,248.195,247.9,248.195,7739
2025-03-05 10:35:00,248.195,248.22,247.99,248.15,19636
2025-03-05 10:36:00,248.155,248.28,248.02,248.02,12754
2025-03-05 10:37:00,247.9,248.15,247.9,248.025,3652
2025-03-05 10:38:00,247.9,248.1,247.89,248.0,7159
2025-03-05 10:39:00,248.12,248.3328,248.04,248.164,7229
2025-03-05 10:40:00,248.08,248.08,247.94,248.04,3327
2025-03-05 10:41:00,248.04,248.15,247.995,248.065,9159
2025-03-05 10:42:00,248.13,248.13,247.92,247.92,3780
2025-03-05 10:43:00,247.83,248.1,247.81,248.0175,8803
2025-03-05 10:44:00,248.005,248.18,247.96,248.09,11530
2025-03-05 10:45:00,248.085,248.3541,248.085,248.33,8387
2025-03-05 10:46:00,248.35,248.62,248.3125,248.62,13003
2025-03-05 10:47:00,248.6,248.7,248.41,248.42,5690
2025-03-05 10:48:00,248.345,248.47,248.3,248.3632,2908
2025-03-05 10:49:00,248.24,248.4,248.24,248.34,3283
2025-03-05 10:50:00,248.2982,248.3076,248.1,248.1,3492
2025-03-05 10:51:00,248.115,248.2,248.0,248.19,7921
2025-03-05 10:52:00,248.15,248.34,248.15,248.3198,5382
2025-03-05 10:53:00,248.39,248.58,248.39,248.53,4494
2025-03-05 10:54:00,248.5119,248.8596,248.5119,248.8596,3133
2025-03-05 10:55:00,248.68,248.73,248.65,248.65,4597
2025-03-05 10:56:00,248.73,248.89,248.73,248.8,3897
2025-03-05 10:57:00,248.89,248.89,248.63,248.735,4643
2025-03-05 10:58:00,248.745,249.0,248.745,248.91,4084
2025-03-05 10:59:00,248.895,248.895,248.54,248.565,4614
2025-03-05 11:00:00,248.63,248.64,248.34,248.37,6060
2025-03-05 11:01:00,248.3544,248.37,248.28,248.35,2823
2025-03-05 11:02:00,248.395,248.395,248.18,248.37,5959
2025-03-05 11:03:00,248.33,248.44,248.16,248.18,8780
2025-03-05 11:04:00,248.1475,248.315,247.99,248.315,8885
2025-03-05 11:05:00,248.28,248.3274,248.1536,248.1536,3056
2025-03-05 11:06:00,248.1,248.28,248.1,248.14,2665
2025-03-05 11:07:00,248.18,248.28,248.165,248.245,2540
2025-03-05 11:08:00,248.05,248.055,247.64,247.64,5175
2025-03-05 11:09:00,247.62,247.7118,247.57,247.655,5719
2025-03-05 11:10:00,247.6,247.6,247.3,247.3,7592
2025-03-05 11:11:00,247.27,247.27,247.0146,247.1332,9836
2025-03-05 11:12:00,247.141,247.2113,247.135,247.135,3453
2025-03-05 11:13:00,247.12,247.665,247.095,247.665,14981
2025-03-05 11:14:00,247.665,247.805,247.6,247.615,7730
2025-03-05 11:15:00,247.605,247.7899,247.52,247.5998,2073
2025-03-05 11:16:00,247.525,247.61,247.31,247.375,5119
2025-03-05 11:17:00,247.26,247.45,247.17,247.38,6335
2025-03-05 11:18:00,247.49,247.84,247.49,247.735,8954
2025-03-05 11:19:00,247.84,247.84,247.51,247.545,4600
2025-03-05 11:20:00,247.64,247.77,247.59,247.765,8050
2025-03-05 11:21:00,247.765,247.765,247.62,247.7175,4505
2025-03-05 11:22:00,247.61,247.75,247.57,247.7,8085
2025-03-05 11:23:00,247.8,247.85,247.76,247.76,3504
2025-03-05 11:24:00,247.7813,247.92,247.77,247.86,3098
2025-03-05 11:25:00,247.865,247.9199,247.6101,247.6101,3839
2025-03-05 11:26:00,247.6826,247.685,247.56,247.615,1731
2025-03-05 11:27:00,247.7,247.89,247.7,247.8725,4405
2025-03-05 11:28:00,247.92,247.93,247.81,247.81,2271
2025-03-05 11:29:00,247.82,248.04,247.805,248.04,11463
2025-03-05 11:30:00,247.9407,247.95,247.71,247.7875,9175
2025-03-05 11:31:00,247.88,247.88,247.7,247.78,2996
2025-03-05 11:32:00,247.785,247.785,247.64,247.66,2527
2025-03-05 11:33:00,247.62,247.63,247.3,247.43,7438
2025-03-05 11:34:00,247.46,247.46,247.39,247.39,1346
2025-03-05 11:35:00,247.3,247.53,247.3,247.45,4357
2025-03-05 11:36:00,247.45,247.64,247.45,247.5948,7636
2025-03-05 11:37:00,247.66,247.86,247.603,247.71,6001
2025-03-05 11:38:00,247.73,247.815,247.69,247.815,4753
2025-03-05 11:39:00,247.691,247.83,247.54,247.565,7102
2025-03-05 11:40:00,247.555,247.555,247.47,247.47,1608
2025-03-05 11:41:00,247.4601,247.55,247.38,247.4,3156
2025-03-05 11:42:00,247.41,247.53,247.35,247.35,2059
2025-03-05 11:43:00,247.425,247.435,247.2,247.435,8281
2025-03-05 11:44:00,247.435,247.55,247.34,247.34,1591
2025-03-05 11:45:00,247.33,247.58,247.33,247.58,4360
2025-03-05 11:46:00,247.4961,247.655,247.4961,247.605,11108
2025-03-05 11:47:00,247.55,247.775,247.52,247.725,5919
2025-03-05 11:48:00,247.725,247.725,247.63,247.66,2320
2025-03-05 11:49:00,247.69,247.83,247.68,247.76,3539
2025-03-05 11:50:00,247.67,247.67,247.54,247.59,2886
2025-03-05 11:51:00,247.59,247.7,247.4735,247.7,3815
2025-03-05 11:52:00,247.63,247.645,247.5,247.61,4402
2025-03-05 11:53:00,247.65,247.74,247.6155,247.6155,3919
2025-03-05 11:54:00,247.75,247.8,247.685,247.685,6274
2025-03-05 11:55:00,247.79,247.88,247.79,247.88,2822
2025-03-05 11:56:00,247.76,247.82,247.72,247.735,2147
2025-03-05 11:57:00,247.82,248.31,247.68,248.21,14789
2025-03-05 11:58:00,248.25,248.76,248.25,248.76,7057
2025-03-05 11:59:00,248.67,248.67,248.4148,248.5,6023
2025-03-05 12:00:00,248.57,249.16,248.495,249.02,17596
2025-03-05 12:01:00,249.0972,249.0972,248.736,248.98,3061
2025-03-05 12:02:00,248.87,248.87,248.87,248.87,800
2025-03-05 12:03:00,248.88,248.88,248.6,248.665,2771
2025-03-05 12:04:00,248.58,248.58,248.42,248.52,1387
2025-03-05 12:05:00,248.54,248.65,248.44,248.4459,14341
2025-03-05 12:06:00,248.66,248.86,248.56,248.768,5950
2025-03-05 12:07:00,248.68,248.78,248.6401,248.6401,1496
2025-03-05 12:08:00,248.55,248.61,248.42,248.61,3347
2025-03-05 12:09:00,248.71,248.79,248.71,248.79,1413
2025-03-05 12:10:00,248.87,248.98,248.87,248.9,3195
2025-03-05 12:11:00,248.95,248.97,248.87,248.87,2315
2025-03-05 12:12:00,248.92,248.925,248.88,248.925,3305
2025-03-05 12:13:00,248.98,249.2,248.98,249.0987,4446
2025-03-05 12:14:00,249.13,249.13,248.94,248.94,4152
2025-03-05 12:15:00,248.99,249.015,248.99,249.015,1369
2025-03-05 12:16:00,249.015,249.07,248.9,248.9139,1855
2025-03-05 12:17:00,248.97,249.16,248.97,249.16,3303
2025-03-05 12:18:00,249.2076,249.33,249.16,249.295,3296
2025-03-05 12:19:00,249.3,249.3,249.014,249.014,6753
2025-03-05 12:20:00,249.045,249.33,249.045,249.29,4581
2025-03-05 12:21:00,249.1954,249.58,249.1954,249.46,5700
2025-03-05 12:22:00,249.5599,249.67,249.3742,249.67,5939
2025-03-05 12:23:00,249.5939,249.67,249.48,249.499,5961
2025-03-05 12:24:00,249.575,249.66,249.5022,249.66,1345
2025-03-05 12:25:00,249.565,249.7,249.48,249.48,4184
2025-03-05 12:26:00,249.57,249.57,249.43,249.54,3739
2025-03-05 12:27:00,249.59,249.725,249.55,249.725,6553
2025-03-05 12:28:00,249.81,249.81,249.69,249.695,2386
2025-03-05 12:29:00,249.69,249.76,249.69,249.76,1829
2025-03-05 12:30:00,249.73,249.81,249.73,249.785,1817
2025-03-05 12:31:00,249.785,249.82,249.785,249.82,1351
2025-03-05 12:32:00,249.75,249.81,249.7365,249.81,2071
2025-03-05 12:33:00,249.81,249.92,249.81,249.83,2988
2025-03-05 12:34:00,249.895,250.0,249.87,250.0,3264
2025-03-05 12:35:00,249.87,249.98,249.81,249.98,4026
2025-03-05 12:36:00,249.915,250.17,249.8576,249.96,17751
2025-03-05 12:37:00,249.945,250.1,249.945,250.0,4148
2025-03-05 12:38:00,249.9975,250.13,249.9975,250.11,2043
2025-03-05 12:39:00,250.15,250.18,250.0438,250.14,5092
2025-03-05 12:40:00,250.17,250.385,250.1053,250.385,12067
2025-03-05 12:41:00,250.4,250.48,250.3383,250.43,4753
2025-03-05 12:42:00,250.4,250.48,250.2601,250.355,8464
2025-03-05 12:43:00,250.42,250.42,250.145,250.145,1642
2025-03-05 12:44:00,250.08,250.16,250.07,250.13,5940
2025-03-05 12:45:00,250.13,250.13,249.89,249.935,5299
2025-03-05 12:46:00,249.82,249.9,249.795,249.836,2049
2025-03-05 12:47:00,249.82,249.82,249.62,249.66,5664
2025-03-05 12:48:00,249.665,249.96,249.665,249.88,4614
2025-03-05 12:49:00,249.85,249.85,249.85,249.85,995
2025-03-05 12:50:00,249.92,250.02,249.92,250.0,1433
2025-03-05 12:51:00,250.05,250.19,249.99,250.12,5384
2025-03-05 12:52:00,250.03,250.06,249.8332,249.955,2069
2025-03-05 12:53:00,250.06,250.25,250.06,250.25,2661
2025-03-05 12:54:00,250.17,250.17,249.93,249.99,2231
2025-03-05 12:55:00,249.96,250.05,249.96,250.05,1223
2025-03-05 12:56:00,250.08,250.17,250.06,250.135,1981
2025-03-05 12:57:00,250.175,250.175,249.86,249.93,7878
2025-03-05 12:58:00,249.94,250.04,249.94,250.04,2080
2025-03-05 12:59:00,250.13,250.1599,250.04,250.1599,3601
2025-03-05 13:00:00,250.02,250.2,249.81,250.175,5924
2025-03-05 13:01:00,250.1,250.26,249.86,250.14,8178
2025-03-05 13:02:00,250.07,250.075,249.978,249.978,2325
2025-03-05 13:03:00,249.94,250.16,249.94,250.045,3516
2025-03-05 13:04:00,250.08,250.08,250.08,250.08,593
2025-03-05 13:05:00,250.08,250.22,250.08,250.22,7887
2025-03-05 13:06:00,250.22,250.34,250.22,250.34,3939
2025-03-05 13:07:00,250.355,250.42,249.75,249.88,9146
2025-03-05 13:08:00,249.74,249.82,249.553,249.61,2919
2025-03-05 13:09:00,249.58,249.58,249.0821,249.215,7488
2025-03-05 13:10:00,249.32,249.5,249.24,249.39,5776
2025-03-05 13:11:00,249.2401,249.36,249.225,249.335,6476
2025-03-05 13:12:00,249.34,249.65,249.265,249.65,6539
2025-03-05 13:13:00,249.545,249.5764,249.4947,249.5,2295
2025-03-05 13:14:00,249.485,249.62,249.33,249.38,6963
2025-03-05 13:15:00,249.3,249.51,249.3,249.5,2543
2025-03-05 13:16:00,249.535,249.62,249.43,249.515,3891
2025-03-05 13:17:00,249.525,249.525,249.43,249.525,2341
2025-03-05 13:18:00,249.51,249.51,249.42,249.42,2953
2025-03-05 13:19:00,249.435,249.69,249.435,249.69,8551
2025-03-05 13:20:00,249.685,249.815,249.6701,249.75,6142
2025-03-05 13:21:00,249.805,249.805,249.4201,249.49,4891
2025-03-05 13:22:00,249.42,249.485,249.42,249.485,2228
2025-03-05 13:23:00,249.485,249.485,249.36,249.36,1524
2025-03-05 13:24:00,249.365,249.56,249.355,249.484,5538
2025-03-05 13:25:00,249.53,249.53,249.36,249.36,2262
2025-03-05 13:26:00,249.44,249.46,249.34,249.43,6033
2025-03-05 13:27:00,249.37,249.66,249.37,249.5,5530
2025-03-05 13:28:00,249.41,249.41,249.34,249.34,1008
2025-03-05 13:29:00,249.41,249.53,249.34,249.34,1901
2025-03-05 13:30:00,249.36,249.4526,249.36,249.42,3752
2025-03-05 13:31:00,249.395,249.415,249.26,249.26,2174
2025-03-05 13:32:00,249.04,249.09,248.76,248.875,3383
2025-03-05 13:33:00,248.875,249.42,248.865,249.39,8880
2025-03-05 13:34:00,249.39,249.39,249.13,249.13,1786
2025-03-05 13:35:00,249.1,249.315,249.0,249.315,3215
2025-03-05 13:36:00,249.315,249.435,249.2533,249.435,2640
2025-03-05 13:37:00,249.44,249.53,249.33,249.33,3197
2025-03-05 13:38:00,249.24,249.24,249.23,249.24,1361
2025-03-05 13:39:00,249.265,249.46,249.265,249.45,2903
2025-03-05 13:40:00,249.45,249.45,249.33,249.41,3991
2025-03-05 13:41:00,249.37,249.45,249.26,249.41,4088
2025-03-05 13:42:00,249.35,249.43,249.34,249.34,1490
2025-03-05 13:43:00,249.34,249.34,249.2,249.29,3677
2025-03-05 13:44:00,249.31,249.315,249.205,249.205,1629
2025-03-05 13:45:00,249.3,249.435,249.28,249.435,4608
2025-03-05 13:46:00,249.51,249.51,249.4001,249.4001,1511
2025-03-05 13:47:00,249.46,249.66,249.46,249.66,4260
2025-03-05 13:48:00,249.736,249.82,249.736,249.82,2091
2025-03-05 13:49:00,249.85,249.886,249.85,249.886,1328
2025-03-05 13:50:00,249.85,249.94,249.85,249.915,1660
2025-03-05 13:51:00,249.94,250.07,249.89,250.07,2255
2025-03-05 13:52:00,250.12,250.25,250.02,250.115,11053
2025-03-05 13:53:00,250.06,250.19,250.03,250.095,2281
2025-03-05 13:54:00,250.1899,250.19,250.0371,250.145,2278
2025-03-05 13:55:00,250.115,250.1351,249.98,249.98,3289
2025-03-05 13:56:00,249.99,250.2,249.99,250.165,4004
2025-03-05 13:57:00,250.14,250.14,250.1188,250.1188,3636
2025-03-05 13:58:00,250.06,250.36,250.02,250.2233,7760
2025-03-05 13:59:00,250.287,250.38,250.287,250.37,3677
2025-03-05 14:00:00,250.33,250.41,250.11,250.18,10886
2025-03-05 14:01:00,250.07,250.25,249.955,250.25,6948
2025-03-05 14:02:00,250.28,250.33,250.14,250.205,3583
2025-03-05 14:03:00,250.2675,250.34,250.205,250.28,5140
2025-03-05 14:04:00,250.34,250.5,250.335,250.485,7568
2025-03-05 14:05:00,250.48,250.48,250.33,250.3956,8875
2025-03-05 14:06:00,250.41,250.61,250.41,250.61,4810
2025-03-05 14:07:00,250.71,250.9034,250.71,250.895,3204
2025-03-05 14:08:00,250.86,250.86,250.7044,250.7044,5309
2025-03-05 14:09:00,250.84,251.2799,250.82,251.26,14205
2025-03-05 14:10:00,251.23,251.3399,251.14,251.17,3663
2025-03-05 14:11:00,251.195,251.25,251.125,251.21,5279
2025-03-05 14:12:00,251.12,251.2,251.1044,251.135,2420
2025-03-05 14:13:00,251.22,251.23,251.05,251.05,3884
2025-03-05 14:14:00,251.13,251.2985,251.11,251.21,5834
2025-03-05 14:15:00,251.3,251.41,251.26,251.26,2530
2025-03-05 14:16:00,251.24,251.3,251.2115,251.235,5999
2025-03-05 14:17:00,251.23,251.23,251.09,251.16,4552
2025-03-05 14:18:00,251.06,251.06,250.64,250.69,7331
2025-03-05 14:19:00,250.85,250.85,250.66,250.705,3807
2025-03-05 14:20:00,250.63,251.06,250.5584,251.06,7376
2025-03-05 14:21:00,251.08,251.235,251.0,251.235,3867
2025-03-05 14:22:00,251.12,251.165,251.09,251.165,2452
2025-03-05 14:23:00,251.2,251.3298,251.19,251.3298,2090
2025-03-05 14:24:00,251.34,251.395,251.31,251.31,5887
2025-03-05 14:25:00,251.36,251.36,251.22,251.225,3832
2025-03-05 14:26:00,251.16,251.2,251.09,251.185,2514
2025-03-05 14:27:00,251.185,251.185,251.0,251.0,2563
2025-03-05 14:28:00,251.05,251.15,250.88,250.98,4302
2025-03-05 14:29:00,250.975,251.05,250.9,250.9,3562
2025-03-05 14:30:00,250.885,251.0998,250.885,251.0,5847
2025-03-05 14:31:00,251.01,251.01,250.9712,250.995,4283
2025-03-05 14:32:00,251.07,251.07,250.95,250.96,16787
2025-03-05 14:33:00,251.06,251.06,250.85,251.0,3710
2025-03-05 14:34:00,251.05,251.13,251.0,251.03,7886
2025-03-05 14:35:00,251.035,251.16,250.97,251.095,2762
2025-03-05 14:36:00,251.09,251.12,250.91,251.12,3993
2025-03-05 14:37:00,251.06,251.06,250.85,250.98,2530
2025-03-05 14:38:00,250.9,251.19,250.74,251.19,7500
2025-03-05 14:39:00,251.2,251.2,251.085,251.095,2317
2025-03-05 14:40:00,251.03,251.08,250.951,251.035,2983
2025-03-05 14:41:00,251.045,251.105,250.98,251.08,3734
2025-03-05 14:42:00,251.09,251.14,250.9773,250.9773,5218
2025-03-05 14:43:00,251.0,251.0,250.867,250.9675,2571
2025-03-05 14:44:00,250.925,250.925,250.857,250.89,2415
2025-03-05 14:45:00,250.86,250.95,250.79,250.87,6114
2025-03-05 14:46:00,250.899,250.899,250.6738,250.7336,4556
2025-03-05 14:47:00,250.74,250.95,250.74,250.94,4368
2025-03-05 14:48:00,250.875,251.03,250.875,251.03,4550
2025-03-05 14:49:00,251.005,251.005,251.005,251.005,925
2025-03-05 14:50:00,250.965,251.02,250.85,250.885,4434
2025-03-05 14:51:00,250.885,251.14,250.885,250.94,8187
2025-03-05 14:52:00,250.96,251.09,250.92,251.08,3380
2025-03-05 14:53:00,251.08,251.08,251.02,251.05,1712
2025-03-05 14:54:00,251.095,251.095,251.05,251.0783,1251
2025-03-05 14:55:00,251.03,251.14,250.975,251.103,2596
2025-03-05 14:56:00,251.0,251.11,251.0,251.11,1191
2025-03-05 14:57:00,251.08,251.13,251.0413,251.08,4016
2025-03-05 14:58:00,251.03,251.06,250.765,250.765,4896
2025-03-05 14:59:00,250.78,250.82,250.57,250.57,4833
2025-03-05 15:00:00,250.565,250.74,250.56,250.73,6582
2025-03-05 15:01:00,250.6784,250.8,250.64,250.79,6854
2025-03-05 15:02:00,250.79,250.9,250.75,250.75,7485
2025-03-05 15:03:00,250.74,250.98,250.74,250.98,5382
2025-03-05 15:04:00,250.98,251.12,250.98,251.04,3797
2025-03-05 15:05:00,251.01,251.01,250.89,250.92,2254
2025-03-05 15:06:00,250.925,251.163,250.925,251.163,4119
2025-03-05 15:07:00,251.01,251.18,251.01,251.17,3650
2025-03-05 15:08:00,251.186,251.27,251.13,251.24,5142
2025-03-05 15:09:00,251.24,251.28,251.16,251.28,7982
2025-03-05 15:10:00,251.11,251.19,250.9732,250.9732,2993
2025-03-05 15:11:00,251.065,251.065,250.97,251.0628,2622
2025-03-05 15:12:00,251.14,251.16,250.98,251.11,8209
2025-03-05 15:13:00,251.115,251.18,251.0596,251.18,1674
2025-03-05 15:14:00,251.17,251.17,251.07,251.07,1948
2025-03-05 15:15:00,251.13,251.14,250.86,250.86,3967
2025-03-05 15:16:00,250.825,250.99,250.535,250.535,9173
2025-03-05 15:17:00,250.535,250.541,249.94,250.05,7643
2025-03-05 15:18:00,250.005,250.3654,250.005,250.31,16930
2025-03-05 15:19:00,250.38,250.53,250.3,250.515,8774
2025-03-05 15:20:00,250.55,250.61,250.445,250.495,10011
2025-03-05 15:21:00,250.59,250.675,250.48,250.52,7492
2025-03-05 15:22:00,250.46,250.46,250.355,250.4,3243
2025-03-05 15:23:00,250.49,250.64,250.4189,250.62,3885
2025-03-05 15:24:00,250.62,250.765,250.575,250.575,13797
2025-03-05 15:25:00,250.66,250.82,250.63,250.77,4598
2025-03-05 15:26:00,250.92,251.07,250.8962,251.07,5215
2025-03-05 15:27:00,251.04,251.2657,251.04,251.2318,4159
2025-03-05 15:28:00,251.29,251.47,251.22,251.47,7906
2025-03-05 15:29:00,251.43,251.5,251.41,251.4999,3701
2025-03-05 15:30:00,251.33,251.405,250.83,250.83,9008
2025-03-05 15:31:00,250.97,251.1751,250.97,251.095,6217
2025-03-05 15:32:00,251.01,251.05,250.75,250.78,6725
2025-03-05 15:33:00,250.78,250.9,250.78,250.82,13142
2025-03-05 15:34:00,250.83,250.88,250.7363,250.84,24931
2025-03-05 15:35:00,250.87,250.9,250.6257,250.6257,12388
2025-03-05 15:36:00,250.74,250.93,250.695,250.89,8061
2025-03-05 15:37:00,250.89,251.1,250.89,251.025,16181
2025-03-05 15:38:00,251.025,251.035,250.85,250.995,11098
2025-03-05 15:39:00,250.94,251.0,250.93,250.945,3553
2025-03-05 15:40:00,250.89,250.97,250.76,250.87,5991
2025-03-05 15:41:00,250.86,250.94,250.8401,250.9,6053
2025-03-05 15:42:00,250.84,250.84,250.695,250.805,4372
2025-03-05 15:43:00,250.8,250.9,250.77,250.77,7635
2025-03-05 15:44:00,250.74,250.79,250.65,250.79,5084
2025-03-05 15:45:00,250.79,250.79,250.5,250.6,7960
2025-03-05 15:46:00,250.505,250.52,250.35,250.4,8977
2025-03-05 15:47:00,250.365,250.69,250.365,250.63,7770
2025-03-05 15:48:00,250.62,250.67,250.53,250.65,5932
2025-03-05 15:49:00,250.61,250.73,250.56,250.63,19036
2025-03-05 15:50:00,250.645,250.78,249.94,249.94,26819
2025-03-05 15:51:00,249.995,250.14,249.73,250.08,25858
2025-03-05 15:52:00,250.08,250.4086,250.08,250.27,13189
2025-03-05 15:53:00,250.29,250.47,250.15,250.4,19166
2025-03-05 15:54:00,250.45,250.69,250.43,250.69,22066
2025-03-05 15:55:00,250.65,251.17,250.52,251.17,27775
2025-03-05 15:56:00,251.12,251.3,251.09,251.26,35831
2025-03-05 15:57:00,251.26,251.34,251.14,251.27,40552
2025-03-05 15:58:00,251.288,251.36,251.23,251.31,56121
2025-03-05 15:59:00,251.29,251.5,251.18,251.31,144604
2025-03-05 16:00:00,251.31,251.94,251.31,251.35,1850848
2025-03-05 16:01:00,251.35,251.4,251.28,251.34,107447
2025-03-05 16:02:00,251.35,251.35,251.21,251.35,8019
2025-03-05 16:03:00,251.35,251.35,251.07,251.35,111602
2025-03-05 16:04:00,251.35,251.35,251.35,251.35,21014
2025-03-05 16:05:00,251.35,251.35,251.35,251.35,36982
2025-03-05 16:06:00,251.35,251.35,251.35,251.35,4327
2025-03-05 16:07:00,251.35,251.35,251.35,251.35,866
2025-03-05 16:08:00,251.35,251.35,251.05,251.07,983
2025-03-05 16:10:00,251.35,251.35,250.025,250.025,874435
2025-03-05 16:11:00,251.35,251.35,251.35,251.35,1264
2025-03-05 16:12:00,251.08,251.08,250.13,250.18,2464
2025-03-05 16:13:00,250.57,251.18,250.57,251.18,11
2025-03-05 16:14:00,250.0,250.0,250.0,250.0,51
2025-03-05 16:15:00,251.35,251.35,250.0,250.0,6
2025-03-05 16:16:00,250.52,250.52,250.52,250.52,10
2025-03-05 16:17:00,251.18,251.18,251.1799,251.1799,3
2025-03-05 16:18:00,250.02,251.18,250.02,251.18,4
2025-03-05 16:25:00,251.35,251.35,251.35,251.35,40
2025-03-05 16:27:00,251.1505,251.1505,251.1505,251.1505,10
2025-03-05 16:29:00,251.18,251.18,251.18,251.18,8
2025-03-05 16:30:00,251.18,251.18,251.18,251.18,2
2025-03-05 16:33:00,250.98,250.98,250.98,250.98,100
2025-03-05 16:44:00,250.94,250.94,250.94,250.94,1
2025-03-05 16:47:00,250.92,250.92,250.92,250.92,1
2025-03-05 16:48:00,250.02,250.02,250.02,250.02,4
2025-03-05 16:51:00,251.18,251.18,251.18,251.18,1
2025-03-05 16:52:00,250.1,250.1,250.1,250.1,3
2025-03-05 16:53:00,251.35,251.35,251.35,251.35,16720
2025-03-05 16:55:00,250.92,250.92,250.92,250.92,3
2025-03-05 16:59:00,250.91,250.91,250.91,250.91,1
2025-03-05 17:07:00,251.163,251.163,251.163,251.163,11
2025-03-05 17:10:00,250.92,250.92,250.92,250.92,2
2025-03-05 17:17:00,250.92,250.92,250.87,250.87,10
2025-03-05 17:25:00,250.6137,250.6137,250.6137,250.6137,3
2025-03-05 17:26:00,250.87,251.35,250.87,251.35,403
2025-03-05 17:29:00,250.92,250.92,250.92,250.92,60
2025-03-05 17:33:00,250.61,250.61,250.61,250.61,1
2025-03-05 17:35:00,250.61,250.61,250.61,250.61,1
2025-03-05 17:36:00,250.73,250.73,250.61,250.61,2
2025-03-05 17:39:00,251.15,251.15,251.15,251.15,1
2025-03-05 17:44:00,250.61,250.61,250.61,250.61,20
2025-03-05 17:46:00,250.73,250.73,250.73,250.73,5
2025-03-05 17:48:00,250.75,250.75,250.75,250.75,4
2025-03-05 17:52:00,250.9,250.9,250.9,250.9,3
2025-03-05 17:56:00,250.9,250.9,250.9,250.9,1
2025-03-05 18:10:00,250.9,251.01,250.9,251.01,98
2025-03-05 18:12:00,251.0,251.0,251.0,251.0,1000
2025-03-05 18:20:00,251.05,251.05,251.0,251.0,508
2025-03-05 18:30:00,251.35,251.35,251.35,251.35,874426
2025-03-05 18:38:00,251.0,251.0,251.0,251.0,12
2025-03-05 18:43:00,250.72,250.72,250.72,250.72,1
2025-03-05 18:51:00,250.72,250.72,250.72,250.72,50
2025-03-05 19:00:00,251.35,251.35,251.35,251.35,874426
2025-03-05 19:04:00,250.6,250.72,250.6,250.72,11
2025-03-05 19:07:00,250.6,250.6,250.6,250.6,3
2025-03-05 19:09:00,251.14,251.14,251.14,251.14,40
2025-03-05 19:30:00,251.12,251.12,251.12,251.12,4
2025-03-05 19:31:00,251.09,251.09,250.72,250.72,27
2025-03-05 19:38:00,250.6,250.6,250.6,250.6,1
2025-03-05 19:42:00,251.17,251.17,251.17,251.17,5
2025-03-05 19:43:00,250.6,250.6,250.6,250.6,1
2025-03-05 19:44:00,250.6145,250.6145,250.6145,250.6145,20
2025-03-05 19:51:00,250.6,250.6,250.6,250.6,10
2025-03-05 19:59:00,250.72,250.72,250.72,250.72,41
2025-03-06 04:00:00,251.4,251.4,248.01,249.0,71
2025-03-06 04:01:00,248.98,249.69,248.98,249.19,83
2025-03-06 04:02:00,249.39,249.39,249.39,249.39,1
2025-03-06 04:03:00,249.33,249.44,249.3,249.33,71
2025-03-06 04:04:00,249.43,249.46,249.43,249.44,98
2025-03-06 04:05:00,249.78,249.78,249.78,249.78,1
2025-03-06 04:07:00,249.77,249.77,249.77,249.77,1
2025-03-06 04:10:00,249.04,249.04,249.04,249.04,6
2025-03-06 04:11:00,249.3,249.3,249.3,249.3,1
2025-03-06 04:13:00,249.79,249.8,249.79,249.8,13
2025-03-06 04:14:00,249.75,249.75,249.75,249.75,2
2025-03-06 04:23:00,249.5,249.58,249.5,249.53,143
2025-03-06 04:24:00,249.26,249.26,249.26,249.26,8
2025-03-06 04:25:00,249.1,249.25,249.1,249.25,16
2025-03-06 04:28:00,249.53,249.53,249.21,249.21,2
2025-03-06 04:30:00,249.02,249.02,249.02,249.02,1
2025-03-06 04:32:00,249.09,249.09,249.02,249.02,80
2025-03-06 04:35:00,249.35,249.35,249.03,249.03,32
2025-03-06 04:36:00,249.34,249.34,248.82,248.82,2
2025-03-06 04:39:00,249.05,249.05,248.56,248.56,2
2025-03-06 04:45:00,248.96,248.98,248.95,248.96,90
2025-03-06 04:46:00,249.11,249.11,249.09,249.09,40
2025-03-06 04:47:00,249.08,249.08,249.08,249.08,35
2025-03-06 04:48:00,249.08,249.08,249.08,249.08,2
2025-03-06 04:50:00,249.08,249.08,249.08,249.08,1
2025-03-06 04:54:00,249.08,249.08,249.08,249.08,1
2025-03-06 04:58:00,249.08,249.08,248.63,248.63,2
2025-03-06 05:04:00,248.53,248.53,248.53,248.53,2
2025-03-06 05:15:00,249.08,249.08,248.55,248.55,2
2025-03-06 05:16:00,249.08,249.15,249.08,249.15,9
2025-03-06 05:17:00,249.12,249.12,249.1,249.1,200
2025-03-06 05:18:00,249.38,249.38,249.38,249.38,4
2025-03-06 05:19:00,249.35,249.35,249.11,249.11,74
2025-03-06 05:20:00,248.91,249.09,248.91,249.09,150
2025-03-06 05:21:00,248.55,248.7,248.4,248.7,101
2025-03-06 05:22:00,249.0,249.0,248.5,248.98,482
2025-03-06 05:23:00,248.55,248.55,248.48,248.5,508
2025-03-06 05:24:00,248.49,248.49,248.49,248.49,80
2025-03-06 05:25:00,248.2,248.47,248.2,248.3,190
2025-03-06 05:26:00,248.3,248.3,248.3,248.3,92
2025-03-06 05:27:00,248.42,248.49,248.42,248.49,120
2025-03-06 05:28:00,248.48,248.5,248.48,248.5,66
2025-03-06 05:29:00,248.4,248.52,248.4,248.45,100
2025-03-06 05:31:00,248.38,248.46,248.3,248.34,221
2025-03-06 05:32:00,248.34,248.34,248.34,248.34,100
2025-03-06 05:38:00,248.8,248.8,248.8,248.8,86
2025-03-06 05:41:00,248.73,248.76,248.7,248.75,294
2025-03-06 05:48:00,248.66,248.66,248.66,248.66,16
2025-03-06 05:52:00,248.6,248.6,248.58,248.58,44
2025-03-06 05:53:00,248.55,248.55,248.36,248.36,96
2025-03-06 05:56:00,248.53,248.53,248.53,248.53,30
2025-03-06 06:00:00,248.34,248.34,248.25,248.25,16
2025-03-06 06:01:00,248.49,248.49,248.38,248.38,10
2025-03-06 06:06:00,248.29,248.35,248.29,248.34,193
2025-03-06 06:07:00,248.35,248.35,248.35,248.35,19
2025-03-06 06:20:00,248.35,248.35,248.35,248.35,1
2025-03-06 06:21:00,248.31,248.34,248.31,248.34,31
2025-03-06 06:22:00,248.28,248.28,248.28,248.28,1
2025-03-06 06:23:00,248.25,248.25,248.25,248.25,1
2025-03-06 06:27:00,248.25,248.25,248.25,248.25,1
2025-03-06 06:30:00,248.17,248.17,248.17,248.17,3
2025-03-06 06:31:00,248.25,248.25,248.25,248.25,1
2025-03-06 06:34:00,248.28,248.28,248.26,248.26,56
2025-03-06 06:35:00,248.23,248.35,248.23,248.35,78
2025-03-06 06:38:00,248.26,248.26,248.26,248.26,10
2025-03-06 06:44:00,248.28,248.28,248.28,248.28,16
2025-03-06 06:47:00,248.29,248.35,248.29,248.35,58
2025-03-06 06:48:00,248.34,248.34,248.34,248.34,16
2025-03-06 06:49:00,248.34,248.35,248.34,248.35,32
2025-03-06 06:52:00,248.35,248.35,248.35,248.35,41
2025-03-06 06:54:00,248.35,248.35,248.35,248.35,102
2025-03-06 06:56:00,248.49,248.49,248.49,248.49,319
2025-03-06 07:00:00,248.49,248.5,248.49,248.5,33
2025-03-06 07:01:00,248.5,248.5,248.5,248.5,35
2025-03-06 07:06:00,248.51,248.51,248.5,248.5,66
2025-03-06 07:07:00,248.7,248.7,248.7,248.7,17
2025-03-06 07:08:00,248.51,248.52,248.51,248.52,10
2025-03-06 07:09:00,248.69,248.69,248.69,248.69,4
2025-03-06 07:10:00,248.63,248.77,248.63,248.77,60
2025-03-06 07:14:00,248.62,248.7,248.62,248.7,31
2025-03-06 07:16:00,248.52,248.69,248.52,248.69,26
2025-03-06 07:18:00,248.72,248.76,248.52,248.52,48
2025-03-06 07:21:00,248.69,248.69,248.69,248.69,3
2025-03-06 07:23:00,248.5,248.67,248.43,248.67,98
2025-03-06 07:24:00,248.67,248.67,248.67,248.67,1
2025-03-06 07:28:00,248.7,248.82,248.67,248.7,96
2025-03-06 07:29:00,248.56,248.56,248.43,248.45,108
2025-03-06 07:31:00,248.53,248.53,248.53,248.53,85
2025-03-06 07:35:00,248.54,248.54,248.54,248.54,10
2025-03-06 07:36:00,248.54,248.54,248.54,248.54,1
2025-03-06 07:37:00,248.71,248.71,248.71,248.71,8
2025-03-06 07:38:00,248.54,248.54,248.54,248.54,1
2025-03-06 07:40:00,248.54,248.54,248.54,248.54,5
2025-03-06 07:41:00,248.56,248.56,248.55,248.55,78
2025-03-06 07:43:00,248.53,248.6,248.53,248.6,2
2025-03-06 07:45:00,248.55,248.55,248.55,248.55,50
2025-03-06 07:50:00,248.57,248.57,248.41,248.41,204
2025-03-06 07:51:00,248.41,248.41,248.4,248.4,123
2025-03-06 07:52:00,248.36,248.36,248.35,248.35,44
2025-03-06 07:53:00,248.4,248.4,248.4,248.4,8
2025-03-06 07:58:00,248.33,248.33,248.33,248.33,10
2025-03-06 07:59:00,248.27,248.34,248.27,248.34,12
2025-03-06 08:00:00,250.3597,253.42,247.7012,248.25,1734
2025-03-06 08:01:00,248.16,248.16,248.04,248.04,111
2025-03-06 08:02:00,251.35,251.35,248.06,248.06,11
2025-03-06 08:03:00,251.35,251.35,251.35,251.35,2
2025-03-06 08:04:00,248.2,248.2,248.2,248.2,42
2025-03-06 08:05:00,251.35,251.35,248.0,248.02,468
2025-03-06 08:07:00,248.01,248.01,248.01,248.01,25
2025-03-06 08:08:00,248.02,248.02,248.0,248.02,30
2025-03-06 08:09:00,248.0,248.0,248.0,248.0,700
2025-03-06 08:11:00,248.5,248.5,248.0,248.0,13
2025-03-06 08:12:00,247.85,247.85,247.8,247.8,29
2025-03-06 08:13:00,247.76,247.76,247.76,247.76,4
2025-03-06 08:14:00,251.35,251.35,251.35,251.35,1
2025-03-06 08:15:00,251.35,251.35,251.35,251.35,1
2025-03-06 08:16:00,247.76,247.76,247.76,247.76,1
2025-03-06 08:17:00,248.39,248.41,248.39,248.41,4
2025-03-06 08:18:00,247.76,247.76,247.61,247.61,20
2025-03-06 08:19:00,248.18,248.41,248.18,248.41,3
2025-03-06 08:21:00,247.99,247.99,247.99,247.99,10
2025-03-06 08:23:00,247.9,247.9,247.9,247.9,8
2025-03-06 08:24:00,247.9,247.9,247.9,247.9,7
2025-03-06 08:25:00,248.3,248.3,248.3,248.3,1
2025-03-06 08:26:00,247.0,247.66,247.0,247.66,11
2025-03-06 08:28:00,247.94,248.5,247.89,248.39,561
2025-03-06 08:31:00,248.1,248.1,248.1,248.1,13
2025-03-06 08:32:00,248.0001,248.7,248.0001,248.7,501
2025-03-06 08:33:00,248.39,248.54,248.39,248.54,80
2025-03-06 08:34:00,248.35,248.65,248.35,248.41,440
2025-03-06 08:35:00,248.28,248.28,248.04,248.22,200
2025-03-06 08:36:00,248.52,248.68,248.52,248.68,168
2025-03-06 08:37:00,248.5,248.81,248.13,248.13,364
2025-03-06 08:38:00,248.5,248.6,248.5,248.6,9
2025-03-06 08:41:00,248.3,248.6,248.3,248.55,148
2025-03-06 08:42:00,248.0,248.0,248.0,248.0,589
2025-03-06 08:43:00,248.57,248.79,248.57,248.79,78
2025-03-06 08:44:00,248.79,248.79,248.79,248.79,1
2025-03-06 08:46:00,248.28,248.28,248.28,248.28,100
2025-03-06 08:48:00,248.49,248.55,248.49,248.55,21
2025-03-06 08:49:00,248.79,248.79,248.79,248.79,30
2025-03-06 08:54:00,248.49,248.49,248.49,248.49,5
2025-03-06 08:56:00,248.53,248.53,248.53,248.53,16
2025-03-06 08:57:00,248.52,248.55,247.3,247.3,348
2025-03-06 08:58:00,248.55,248.6,248.55,248.6,16
2025-03-06 09:00:00,248.48,248.6,247.3,248.58,59
2025-03-06 09:01:00,247.4012,247.4012,247.4012,247.4012,1
2025-03-06 09:02:00,248.0,248.0,247.3,247.3,230
2025-03-06 09:03:00,248.9,248.9,248.9,248.9,1
2025-03-06 09:04:00,248.6,248.79,248.3,248.3,62
2025-03-06 09:05:00,248.25,248.25,248.25,248.25,10
2025-03-06 09:07:00,248.41,248.41,248.41,248.41,2
2025-03-06 09:08:00,248.79,248.79,248.4,248.42,60
2025-03-06 09:09:00,248.4,248.4,247.4,247.4,30
2025-03-06 09:11:00,248.79,248.79,248.79,248.79,5
2025-03-06 09:12:00,248.78,248.78,248.78,248.78,5
2025-03-06 09:13:00,248.78,248.78,248.78,248.78,5
2025-03-06 09:14:00,248.78,248.79,248.39,248.79,19
2025-03-06 09:15:00,248.79,248.79,248.79,248.79,15
2025-03-06 09:16:00,248.79,248.96,248.5,248.5,97
2025-03-06 09:18:00,248.85,248.85,248.85,248.85,32
2025-03-06 09:20:00,248.94,249.2,248.94,249.2,333
2025-03-06 09:22:00,248.99,249.02,248.5,248.5,111
2025-03-06 09:23:00,247.5,247.5,247.5,247.5,25
2025-03-06 09:24:00,248.58,248.58,248.58,248.58,10
2025-03-06 09:25:00,249.1988,249.1988,249.1988,249.1988,1
2025-03-06 09:26:00,248.98,248.98,248.98,248.98,1
2025-03-06 09:27:00,248.98,249.19,248.72,249.08,448
2025-03-06 09:28:00,249.1,249.36,248.82,249.2,502
2025-03-06 09:29:00,249.39,250.7,248.96,250.7,851
2025-03-06 09:30:00,249.75,250.055,249.15,249.625,82116
2025-03-06 09:31:00,249.25,249.25,248.72,248.804,10586
2025-03-06 09:32:00,248.75,248.7713,248.05,248.32,12380
2025-03-06 09:33:00,248.34,249.15,248.11,248.755,15019
2025-03-06 09:34:00,248.755,249.125,248.5201,248.72,7070
2025-03-06 09:35:00,248.67,248.67,248.0412,248.33,9729
2025-03-06 09:36:00,248.35,248.77,248.1001,248.77,9010
2025-03-06 09:37:00,248.81,248.99,248.07,248.43,8116
2025-03-06 09:38:00,248.45,248.625,248.17,248.38,10385
2025-03-06 09:39:00,248.315,248.315,247.8001,247.98,9409
2025-03-06 09:40:00,247.935,248.13,247.6959,247.99,6586
2025-03-06 09:41:00,247.855,247.855,247.0,247.4,14677
2025-03-06 09:42:00,247.37,247.4521,247.17,247.365,11010
2025-03-06 09:43:00,247.44,247.44,246.98,246.98,3507
2025-03-06 09:44:00,247.03,247.03,246.8019,246.9,10704
2025-03-06 09:45:00,246.86,247.71,246.86,247.71,12407
2025-03-06 09:46:00,247.635,247.635,247.11,247.2312,5770
2025-03-06 09:47:00,247.0801,247.49,247.02,247.24,6329
2025-03-06 09:48:00,247.2128,247.5,247.1514,247.31,11027
2025-03-06 09:49:00,247.34,247.86,247.34,247.79,4378
2025-03-06 09:50:00,247.745,248.24,247.745,248.24,5503
2025-03-06 09:51:00,248.49,248.61,248.02,248.02,3283
2025-03-06 09:52:00,248.22,248.22,247.84,247.915,4208
2025-03-06 09:53:00,247.99,248.055,247.72,247.72,8062
2025-03-06 09:54:00,247.5857,247.9,247.5857,247.78,4598
2025-03-06 09:55:00,247.78,247.87,247.43,247.5,3384
2025-03-06 09:56:00,247.5,247.62,247.4,247.465,3090
2025-03-06 09:57:00,247.5125,247.6655,247.34,247.6655,2932
2025-03-06 09:58:00,247.545,247.56,247.28,247.54,7589
2025-03-06 09:59:00,247.46,247.73,247.45,247.6666,9575
2025-03-06 10:00:00,247.685,247.72,247.25,247.52,37443
2025-03-06 10:01:00,247.59,247.87,247.55,247.84,15328
2025-03-06 10:02:00,247.84,247.96,247.8,247.9,4363
2025-03-06 10:03:00,247.99,248.43,247.84,248.42,11658
2025-03-06 10:04:00,248.445,248.89,248.43,248.89,8041
2025-03-06 10:05:00,248.89,249.3082,248.89,249.15,8719
2025-03-06 10:06:00,249.235,249.68,249.1201,249.67,7906
2025-03-06 10:07:00,249.6716,249.87,249.45,249.87,16083
2025-03-06 10:08:00,249.78,249.82,249.56,249.6865,5032
2025-03-06 10:09:00,249.68,249.93,249.68,249.725,4220
2025-03-06 10:10:00,249.6,249.93,249.55,249.93,4278
2025-03-06 10:11:00,249.815,249.815,249.59,249.59,5591
2025-03-06 10:12:00,249.7,249.85,249.68,249.72,9913
2025-03-06 10:13:00,249.69,250.18,249.68,249.96,16858
2025-03-06 10:14:00,250.055,250.055,249.75,249.905,4988
2025-03-06 10:15:00,249.75,250.42,249.74,250.34,16277
2025-03-06 10:16:00,250.19,250.355,249.9,249.9,7884
2025-03-06 10:17:00,250.03,250.18,249.94,250.05,7163
2025-03-06 10:18:00,250.22,250.61,250.17,250.53,10974
2025-03-06 10:19:00,250.42,250.915,250.42,250.8605,6544
2025-03-06 10:20:00,250.8918,250.9299,250.68,250.6846,5907
2025-03-06 10:21:00,250.73,250.73,250.5,250.58,3934
2025-03-06 10:22:00,250.58,250.89,250.46,250.75,8242
2025-03-06 10:23:00,250.84,250.93,250.75,250.93,3457
2025-03-06 10:24:00,250.86,250.91,250.38,250.51,19052
2025-03-06 10:25:00,250.45,250.54,250.31,250.365,4755
2025-03-06 10:26:00,250.37,250.37,250.24,250.37,4295
2025-03-06 10:27:00,250.18,250.66,250.18,250.61,5655
2025-03-06 10:28:00,250.45,250.805,250.43,250.61,7392
2025-03-06 10:29:00,250.725,250.8164,250.72,250.72,2584
2025-03-06 10:30:00,250.83,250.86,250.79,250.79,3751
2025-03-06 10:31:00,250.79,250.79,250.58,250.765,4957
2025-03-06 10:32:00,250.64,250.7523,250.5,250.66,5294
2025-03-06 10:33:00,250.68,250.705,250.54,250.62,2216
2025-03-06 10:34:00,250.695,250.8661,250.48,250.7017,3441
2025-03-06 10:35:00,250.78,250.78,250.41,250.63,8241
2025-03-06 10:36:00,250.72,251.09,250.5,250.96,11212
2025-03-06 10:37:00,250.945,250.945,250.7841,250.88,2513
2025-03-06 10:38:00,250.8,250.858,250.68,250.858,4473
2025-03-06 10:39:00,250.98,251.355,250.98,251.355,6631
2025-03-06 10:40:00,251.32,251.4627,251.32,251.41,3152
2025-03-06 10:41:00,251.5,251.59,251.39,251.54,8967
2025-03-06 10:42:00,251.65,251.65,251.4701,251.55,5300
2025-03-06 10:43:00,251.46,251.64,251.38,251.638,3420
2025-03-06 10:44:00,251.55,251.68,251.48,251.54,5749
2025-03-06 10:45:00,251.565,251.68,251.24,251.275,10629
2025-03-06 10:46:00,251.23,251.6601,251.23,251.51,6107
2025-03-06 10:47:00,251.57,251.68,251.39,251.476,3428
2025-03-06 10:48:00,251.525,251.525,251.2971,251.385,6500
2025-03-06 10:49:00,251.283,251.67,251.283,251.49,5185
2025-03-06 10:50:00,251.5,251.56,251.43,251.46,3117
2025-03-06 10:51:00,251.36,251.57,251.36,251.55,3275
2025-03-06 10:52:00,251.5,251.555,251.42,251.545,1609
2025-03-06 10:53:00,251.68,251.68,251.54,251.54,3692
2025-03-06 10:54:00,251.55,251.5825,251.22,251.24,6741
2025-03-06 10:55:00,251.31,251.39,251.2125,251.35,6595
2025-03-06 10:56:00,251.35,251.45,251.16,251.16,3260
2025-03-06 10:57:00,251.24,251.5999,251.24,251.58,6368
2025-03-06 10:58:00,251.57,251.6,251.49,251.495,2825
2025-03-06 10:59:00,251.53,251.6996,251.53,251.62,3184
2025-03-06 11:00:00,251.73,251.805,251.53,251.58,7177
2025-03-06 11:01:00,251.605,251.84,251.605,251.75,3353
2025-03-06 11:02:00,251.735,251.86,251.6418,251.86,3108
2025-03-06 11:03:00,251.88,251.93,251.72,251.87,5421
2025-03-06 11:04:00,251.83,251.83,251.67,251.67,4891
2025-03-06 11:05:00,251.67,251.86,251.56,251.8,6954
2025-03-06 11:06:00,251.87,251.87,251.53,251.5688,8697
2025-03-06 11:07:00,251.585,251.69,251.5,251.65,3739
2025-03-06 11:08:00,251.73,251.87,251.65,251.765,4366
2025-03-06 11:09:00,251.785,251.96,251.75,251.86,5759
2025-03-06 11:10:00,251.88,251.88,251.72,251.775,4641
2025-03-06 11:11:00,251.74,251.785,251.72,251.785,1307
2025-03-06 11:12:00,251.848,251.848,251.71,251.7238,2581
2025-03-06 11:13:00,251.73,251.82,251.63,251.805,4542
2025-03-06 11:14:00,251.68,251.82,251.6,251.7317,3808
2025-03-06 11:15:00,251.8,251.8,251.62,251.62,2394
2025-03-06 11:16:00,251.77,252.1,251.7,251.795,11088
2025-03-06 11:17:00,251.85,251.9707,251.81,251.89,3324
2025-03-06 11:18:00,251.9,252.0,251.87,251.91,2047
2025-03-06 11:19:00,251.91,251.9118,251.71,251.72,2653
2025-03-06 11:20:00,251.69,251.73,251.45,251.53,10882
2025-03-06 11:21:00,251.53,251.54,251.23,251.235,12225
2025-03-06 11:22:00,251.14,251.25,251.03,251.135,9621
2025-03-06 11:23:00,251.25,251.46,251.205,251.33,5091
2025-03-06 11:24:00,251.33,251.49,251.3125,251.49,2644
2025-03-06 11:25:00,251.575,251.75,251.48,251.645,5608
2025-03-06 11:26:00,251.63,251.63,251.3,251.47,10883
2025-03-06 11:27:00,251.299,251.375,251.13,251.31,5133
2025-03-06 11:28:00,251.31,251.315,250.98,251.035,8352
2025-03-06 11:29:00,251.1,251.7864,250.95,251.7864,25446
2025-03-06 11:30:00,251.7,252.06,251.64,251.7,11890
2025-03-06 11:31:00,251.61,251.89,251.57,251.69,6052
2025-03-06 11:32:00,251.635,251.635,251.39,251.63,10993
2025-03-06 11:33:00,251.48,251.64,251.37,251.64,8636
2025-03-06 11:34:00,251.65,251.87,251.65,251.87,3559
2025-03-06 11:35:00,251.89,251.89,251.43,251.43,4398
2025-03-06 11:36:00,251.32,251.79,251.28,251.53,6112
2025-03-06 11:37:00,251.515,251.515,251.2,251.21,7683
2025-03-06 11:38:00,251.26,251.27,251.1762,251.27,2179
2025-03-06 11:39:00,251.19,251.27,250.96,251.2,7828
2025-03-06 11:40:00,251.105,251.11,250.9,251.11,7780
2025-03-06 11:41:00,251.039,251.2,250.85,251.005,8889
2025-03-06 11:42:00,250.95,251.01,250.82,250.82,3785
2025-03-06 11:43:00,250.85,250.9,250.6862,250.74,3576
2025-03-06 11:44:00,250.85,250.86,250.81,250.825,2293
2025-03-06 11:45:00,250.87,250.87,250.73,250.7584,1869
2025-03-06 11:46:00,250.835,250.835,250.71,250.8,2110
2025-03-06 11:47:00,250.8,250.8,250.692,250.78,2172
2025-03-06 11:48:00,250.78,250.78,250.73,250.73,3051
2025-03-06 11:49:00,250.69,250.735,250.58,250.625,4640
2025-03-06 11:50:00,250.52,250.52,250.28,250.3,5876
2025-03-06 11:51:00,250.3,250.305,250.12,250.12,3419
2025-03-06 11:52:00,250.22,250.27,250.0001,250.07,4282
2025-03-06 11:53:00,250.11,250.13,249.9801,250.13,3552
2025-03-06 11:54:00,250.15,250.23,249.88,249.9341,16028
2025-03-06 11:55:00,250.005,250.005,249.82,249.9,2786
2025-03-06 11:56:00,249.9,249.99,249.81,249.945,2130
2025-03-06 11:57:00,249.8,249.8,249.8,249.8,1691
2025-03-06 11:58:00,249.8085,249.8085,249.51,249.615,2898
2025-03-06 11:59:00,249.61,249.61,249.451,249.451,2472
2025-03-06 12:00:00,249.54,249.72,249.5,249.72,8761
2025-03-06 12:01:00,249.63,249.72,249.61,249.72,1810
2025-03-06 12:02:00,249.72,249.8,249.61,249.63,2754
2025-03-06 12:03:00,249.59,249.6175,249.34,249.41,4610
2025-03-06 12:04:00,249.435,249.435,249.1,249.1,2202
2025-03-06 12:05:00,249.05,249.24,249.05,249.24,1891
2025-03-06 12:06:00,249.185,249.185,248.88,248.88,2967
2025-03-06 12:07:00,248.98,249.115,248.88,249.1,4152
2025-03-06 12:08:00,249.12,249.24,249.0222,249.1828,2260
2025-03-06 12:09:00,249.18,249.24,249.09,249.09,3751
2025-03-06 12:10:00,249.17,249.31,249.17,249.31,4022
2025-03-06 12:11:00,249.225,249.32,249.1401,249.215,2737
2025-03-06 12:12:00,249.17,249.2099,249.1,249.145,4876
2025-03-06 12:13:00,249.155,249.3291,249.155,249.3291,1967
2025-03-06 12:14:00,249.33,249.48,249.33,249.48,2516
2025-03-06 12:15:00,249.37,249.42,249.37,249.42,1429
2025-03-06 12:16:00,249.415,249.475,249.3397,249.475,1875
2025-03-06 12:17:00,249.45,249.55,249.375,249.4177,2103
2025-03-06 12:18:00,249.38,249.62,249.31,249.62,2715
2025-03-06 12:19:00,249.605,249.7,249.51,249.52,2157
2025-03-06 12:20:00,249.62,249.83,249.62,249.77,5067
2025-03-06 12:21:00,249.76,249.76,249.64,249.69,2473
2025-03-06 12:22:00,249.69,249.79,249.62,249.62,2184
2025-03-06 12:23:00,249.62,249.625,249.55,249.5663,4161
2025-03-06 12:24:00,249.49,249.515,249.3719,249.46,3208
2025-03-06 12:25:00,249.46,249.51,249.31,249.51,5525
2025-03-06 12:26:00,249.465,249.48,249.39,249.39,1117
2025-03-06 12:27:00,249.34,249.43,249.14,249.15,5210
2025-03-06 12:28:00,249.19,249.22,249.1344,249.22,1230
2025-03-06 12:29:00,249.29,249.45,249.1381,249.1381,2848
2025-03-06 12:30:00,249.215,249.62,249.1401,249.62,4168
2025-03-06 12:31:00,249.69,249.69,249.4,249.4,2921
2025-03-06 12:32:00,249.37,249.37,249.28,249.29,2518
2025-03-06 12:33:00,249.3,249.41,249.2,249.2,4716
2025-03-06 12:34:00,249.25,249.38,249.16,249.38,4908
2025-03-06 12:35:00,249.38,249.42,249.26,249.335,3339
2025-03-06 12:36:00,249.335,249.335,249.17,249.17,4071
2025-03-06 12:37:00,249.23,249.23,248.935,248.935,3924
2025-03-06 12:38:00,248.91,249.0117,248.86,248.91,3750
2025-03-06 12:39:00,248.9625,249.0,248.9005,249.0,1741
2025-03-06 12:40:00,248.9285,249.28,248.9044,249.2,5713
2025-03-06 12:41:00,249.32,249.48,249.255,249.255,6729
2025-03-06 12:42:00,249.34,249.39,249.29,249.29,2509
2025-03-06 12:43:00,249.22,249.22,248.96,248.99,6886
2025-03-06 12:44:00,248.985,248.985,248.81,248.91,2512
2025-03-06 12:45:00,248.84,248.84,248.82,248.83,1685
2025-03-06 12:46:00,248.71,248.71,248.54,248.58,4865
2025-03-06 12:47:00,248.53,248.63,248.45,248.63,3999
2025-03-06 12:48:00,248.46,248.61,248.34,248.56,13382
2025-03-06 12:49:00,248.43,248.43,248.315,248.41,3615
2025-03-06 12:50:00,248.43,248.45,248.34,248.41,3166
2025-03-06 12:51:00,248.388,248.59,248.35,248.42,6538
2025-03-06 12:52:00,248.435,248.46,248.35,248.4,5054
2025-03-06 12:53:00,248.49,248.68,248.4808,248.58,4825
2025-03-06 12:54:00,248.61,248.72,248.5532,248.685,3020
2025-03-06 12:55:00,248.7,248.99,248.6962,248.99,2091
2025-03-06 12:56:00,248.92,248.92,248.865,248.92,2686
2025-03-06 12:57:00,248.8115,248.92,248.81,248.865,3232
2025-03-06 12:58:00,248.8,249.25,248.8,249.25,4405
2025-03-06 12:59:00,249.21,249.335,249.18,249.18,8242
2025-03-06 13:00:00,249.09,249.09,248.9,248.9,2109
2025-03-06 13:01:00,248.935,249.0599,248.9175,248.9175,2711
2025-03-06 13:02:00,249.13,249.16,249.0,249.115,6742
2025-03-06 13:03:00,249.01,249.01,248.84,248.91,3636
2025-03-06 13:04:00,248.965,249.02,248.7801,248.94,3165
2025-03-06 13:05:00,248.93,249.08,248.8824,249.08,2528
2025-03-06 13:06:00,249.04,249.05,248.715,248.72,4692
2025-03-06 13:07:00,248.81,248.89,248.73,248.795,3892
2025-03-06 13:08:00,248.81,248.81,248.67,248.67,1989
2025-03-06 13:09:00,248.715,248.715,248.5925,248.5925,2638
2025-03-06 13:10:00,248.68,248.69,248.42,248.4844,6729
2025-03-06 13:11:00,248.4,248.57,248.39,248.47,4868
2025-03-06 13:12:00,248.53,248.74,248.3901,248.74,9152
2025-03-06 13:13:00,248.7,248.7,248.5432,248.5432,5247
2025-03-06 13:14:00,248.615,248.68,248.48,248.48,3353
2025-03-06 13:15:00,248.57,248.77,248.53,248.68,5574
2025-03-06 13:16:00,248.63,248.63,248.55,248.55,1325
2025-03-06 13:17:00,248.57,248.7,248.53,248.7,5418
2025-03-06 13:18:00,248.68,248.96,248.68,248.96,3162
2025-03-06 13:19:00,248.94,249.03,248.92,249.01,8106
2025-03-06 13:20:00,248.93,248.93,248.83,248.83,1824
2025-03-06 13:21:00,248.95,249.07,248.935,249.02,2564
2025-03-06 13:22:00,249.01,249.0144,248.76,248.76,3175
2025-03-06 13:23:00,248.85,248.93,248.7313,248.93,2799
2025-03-06 13:24:00,248.8288,248.98,248.8288,248.94,1617
2025-03-06 13:25:00,248.955,249.05,248.8824,248.92,2921
2025-03-06 13:26:00,248.955,248.965,248.83,248.865,6011
2025-03-06 13:27:00,248.75,248.75,248.68,248.7356,1189
2025-03-06 13:28:00,248.67,248.73,248.535,248.6,10204
2025-03-06 13:29:00,248.62,248.62,248.41,248.43,6958
2025-03-06 13:30:00,248.35,248.63,248.35,248.62,7819
2025-03-06 13:31:00,248.69,248.88,248.645,248.83,2956
2025-03-06 13:32:00,248.84,248.84,248.57,248.57,2649
2025-03-06 13:33:00,248.69,248.695,248.44,248.53,4614
2025-03-06 13:34:00,248.56,248.65,248.42,248.42,2693
2025-03-06 13:35:00,248.43,248.54,248.37,248.37,3949
2025-03-06 13:36:00,248.3,248.335,248.23,248.285,3226
2025-03-06 13:37:00,248.23,248.23,248.12,248.17,2993
2025-03-06 13:38:00,248.22,248.28,248.06,248.09,9187
2025-03-06 13:39:00,247.93,247.93,247.93,247.93,2272
2025-03-06 13:40:00,247.99,247.99,247.68,247.68,3048
2025-03-06 13:41:00,247.64,247.64,247.5,247.585,5540
2025-03-06 13:42:00,247.49,247.59,247.38,247.54,4010
2025-03-06 13:43:00,247.52,247.58,247.45,247.57,3132
2025-03-06 13:44:00,247.54,247.76,247.535,247.76,5113
2025-03-06 13:45:00,247.6,247.99,247.57,247.99,3523
2025-03-06 13:46:00,247.935,248.0,247.78,248.0,2916
2025-03-06 13:47:00,247.96,247.99,247.86,247.86,3051
2025-03-06 13:49:00,247.92,248.0,247.74,247.74,3062
2025-03-06 13:50:00,247.84,248.02,247.78,248.02,1771
2025-03-06 13:51:00,248.08,248.12,248.06,248.06,2857
2025-03-06 13:52:00,248.16,248.34,248.16,248.34,1745
2025-03-06 13:53:00,248.31,248.37,248.22,248.31,1556
2025-03-06 13:54:00,248.31,248.31,248.0,248.0,2237
2025-03-06 13:55:00,248.19,248.25,248.15,248.15,3044
2025-03-06 13:56:00,248.09,248.09,248.03,248.03,1218
2025-03-06 13:57:00,248.0712,248.0712,248.02,248.02,1745
2025-03-06 13:58:00,248.005,248.08,248.005,248.07,1583
2025-03-06 13:59:00,247.965,248.2295,247.965,248.155,6223
2025-03-06 14:00:00,248.15,248.15,248.06,248.06,1729
2025-03-06 14:01:00,248.01,248.025,247.88,247.895,3908
2025-03-06 14:02:00,247.93,247.94,247.67,247.84,7279
2025-03-06 14:03:00,247.835,247.91,247.735,247.735,4494
2025-03-06 14:04:00,247.67,247.82,247.64,247.82,2553
2025-03-06 14:05:00,247.86,247.87,247.7861,247.84,1548
2025-03-06 14:06:00,247.77,247.88,247.66,247.88,3023
2025-03-06 14:07:00,247.93,248.07,247.83,248.07,2347
2025-03-06 14:08:00,247.96,247.96,247.8403,247.8403,2402
2025-03-06 14:09:00,247.84,247.87,247.84,247.87,1393
2025-03-06 14:10:00,247.95,248.21,247.95,248.0995,4278
2025-03-06 14:11:00,248.16,248.1612,247.97,247.97,1878
2025-03-06 14:12:00,248.055,248.055,247.9,247.9,2964
2025-03-06 14:13:00,248.05,248.09,248.005,248.05,2129
2025-03-06 14:14:00,248.12,248.12,248.04,248.04,3434
2025-03-06 14:15:00,248.02,248.17,247.91,248.0,7935
2025-03-06 14:16:00,247.85,247.86,247.73,247.845,3219
2025-03-06 14:17:00,247.855,247.98,247.855,247.98,7768
2025-03-06 14:18:00,247.89,247.89,247.69,247.69,2676
2025-03-06 14:19:00,247.71,247.71,247.41,247.4968,8040
2025-03-06 14:20:00,247.55,247.55,247.39,247.4,2262
2025-03-06 14:21:00,247.4038,247.465,247.3,247.3,4746
2025-03-06 14:22:00,247.34,247.6,247.33,247.59,6441
2025-03-06 14:23:00,247.6,247.6,247.548,247.5679,2946
2025-03-06 14:24:00,247.58,247.8,247.58,247.8,10048
2025-03-06 14:25:00,247.75,247.76,247.5,247.76,6269
2025-03-06 14:26:00,247.68,247.69,247.465,247.57,3868
2025-03-06 14:27:00,247.51,247.51,247.3306,247.395,3247
2025-03-06 14:28:00,247.385,247.47,247.3506,247.47,3887
2025-03-06 14:29:00,247.385,247.48,247.385,247.44,2704
2025-03-06 14:30:00,247.49,247.51,247.37,247.425,3097
2025-03-06 14:31:00,247.36,247.54,247.36,247.5288,6195
2025-03-06 14:32:00,247.4501,247.775,247.4501,247.57,9684
2025-03-06 14:33:00,247.535,247.66,247.5254,247.65,3130
2025-03-06 14:34:00,247.75,247.75,247.55,247.55,2930
2025-03-06 14:35:00,247.6,247.62,247.51,247.62,3212
2025-03-06 14:36:00,247.63,247.82,247.63,247.63,12845
2025-03-06 14:37:00,247.64,247.6828,247.4172,247.4172,5717
2025-03-06 14:38:00,247.54,247.71,247.45,247.69,13833
2025-03-06 14:39:00,247.64,247.71,247.5295,247.53,3188
2025-03-06 14:40:00,247.52,247.89,247.52,247.88,4435
2025-03-06 14:41:00,247.78,247.82,247.67,247.82,3213
2025-03-06 14:42:00,247.94,248.09,247.82,248.09,4665
2025-03-06 14:43:00,248.03,248.1087,247.94,248.0,3646
2025-03-06 14:44:00,248.05,248.2,247.88,247.985,5251
2025-03-06 14:45:00,248.07,248.29,248.07,248.29,2529
2025-03-06 14:46:00,248.24,248.47,248.19,248.47,8603
2025-03-06 14:47:00,248.32,248.53,248.32,248.35,4391
2025-03-06 14:48:00,248.46,249.11,248.3501,249.1,9844
2025-03-06 14:49:00,249.12,249.49,248.93,249.05,20158
2025-03-06 14:50:00,249.11,249.24,248.91,249.148,3667
2025-03-06 14:51:00,249.1,249.37,249.04,249.24,8084
2025-03-06 14:52:00,249.28,249.42,249.28,249.35,3027
2025-03-06 14:53:00,249.35,249.44,248.96,249.035,3038
2025-03-06 14:54:00,248.96,249.1099,248.76,248.76,9653
2025-03-06 14:55:00,248.89,248.89,248.48,248.585,11160
2025-03-06 14:56:00,248.67,248.79,246.8844,248.71,9126
2025-03-06 14:57:00,248.6369,248.81,248.49,248.49,9806
2025-03-06 14:58:00,248.5699,248.5699,248.15,248.15,15524
2025-03-06 14:59:00,248.235,248.235,247.73,247.8968,15587
2025-03-06 15:00:00,247.81,248.29,247.69,248.29,17651
2025-03-06 15:01:00,248.28,248.665,248.25,248.49,17325
2025-03-06 15:02:00,248.455,248.455,248.17,248.175,2607
2025-03-06 15:03:00,248.175,248.56,248.175,248.31,3092
2025-03-06 15:04:00,248.45,248.56,248.3929,248.425,2838
2025-03-06 15:05:00,248.53,248.64,248.384,248.5357,5179
2025-03-06 15:06:00,248.547,248.87,248.5263,248.71,22556
2025-03-06 15:07:00,248.8,248.825,248.67,248.82,6508
2025-03-06 15:08:00,248.83,249.0,248.78,248.935,3833
2025-03-06 15:09:00,248.935,249.08,248.935,249.015,5361
2025-03-06 15:10:00,249.015,249.16,248.87,248.97,10564
2025-03-06 15:11:00,249.02,249.1,248.75,248.75,5372
2025-03-06 15:12:00,248.78,248.93,248.63,248.66,4439
2025-03-06 15:13:00,248.6057,248.77,248.57,248.65,5523
2025-03-06 15:14:00,248.57,248.865,248.57,248.865,7243
2025-03-06 15:15:00,248.835,249.015,248.7334,248.7334,5761
2025-03-06 15:16:00,248.767,248.767,248.605,248.68,2552
2025-03-06 15:17:00,248.74,248.83,248.71,248.7268,3523
2025-03-06 15:18:00,248.89,248.89,248.69,248.805,2784
2025-03-06 15:19:00,248.81,249.08,248.75,249.08,9483
2025-03-06 15:20:00,249.11,249.3099,248.86,248.86,7463
2025-03-06 15:21:00,248.94,249.03,248.78,249.0282,4302
2025-03-06 15:22:00,248.93,248.98,248.52,248.72,6324
2025-03-06 15:23:00,248.63,248.73,248.49,248.545,4182
2025-03-06 15:24:00,248.6,248.61,248.37,248.61,7106
2025-03-06 15:25:00,248.51,248.7,248.47,248.58,6010
2025-03-06 15:26:00,248.78,248.78,248.53,248.68,6926
2025-03-06 15:27:00,248.59,248.69,248.5147,248.68,4160
2025-03-06 15:28:00,248.781,248.89,248.6576,248.89,3628
2025-03-06 15:29:00,248.89,248.98,248.81,248.905,4794
2025-03-06 15:30:00,248.99,249.115,248.84,249.015,7931
2025-03-06 15:31:00,248.935,249.105,248.935,248.99,6182
2025-03-06 15:32:00,249.01,249.26,249.01,249.24,6351
2025-03-06 15:33:00,249.17,249.35,248.89,248.98,7323
2025-03-06 15:34:00,248.98,248.98,248.91,248.98,3218
2025-03-06 15:35:00,248.83,249.04,248.8,248.99,6351
2025-03-06 15:36:00,248.99,249.15,248.92,249.025,8416
2025-03-06 15:37:00,248.96,249.11,248.84,248.895,5953
2025-03-06 15:38:00,248.895,248.99,248.76,248.975,4554
2025-03-06 15:39:00,248.9064,248.9064,248.72,248.72,6229
2025-03-06 15:40:00,248.69,248.76,248.21,248.74,15047
2025-03-06 15:41:00,248.735,248.9,248.49,248.74,6046
2025-03-06 15:42:00,248.63,248.63,248.37,248.37,4895
2025-03-06 15:43:00,248.41,248.63,248.36,248.543,5734
2025-03-06 15:44:00,248.62,248.65,248.39,248.52,6524
2025-03-06 15:45:00,248.495,248.59,248.41,248.54,4601
2025-03-06 15:46:00,248.45,248.47,248.32,248.4,6196
2025-03-06 15:47:00,248.4,248.6,248.33,248.535,7586
2025-03-06 15:48:00,248.6,248.76,248.6,248.69,9246
2025-03-06 15:49:00,248.65,248.97,248.61,248.85,10062
2025-03-06 15:50:00,248.98,249.12,248.73,249.02,22912
2025-03-06 15:51:00,248.99,249.16,248.92,248.95,13481
2025-03-06 15:52:00,248.92,249.0,248.34,248.835,34413
2025-03-06 15:53:00,248.75,248.82,248.63,248.68,13482
2025-03-06 15:54:00,248.77,249.065,248.71,249.04,17784
2025-03-06 15:55:00,249.05,249.105,248.7,248.85,27766
2025-03-06 15:56:00,248.86,248.975,248.59,248.59,23390
2025-03-06 15:57:00,248.59,248.67,248.49,248.57,32013
2025-03-06 15:58:00,248.63,248.63,248.45,248.55,45257
2025-03-06 15:59:00,248.55,248.68,248.52,248.53,102360
2025-03-06 16:00:00,248.53,248.69,247.52,248.69,1093440
2025-03-06 16:01:00,248.69,248.69,248.69,248.69,2060
2025-03-06 16:02:00,248.55,248.69,248.55,248.69,79596
2025-03-06 16:03:00,248.69,248.69,248.69,248.69,9935
2025-03-06 16:05:00,248.69,248.69,247.5,247.52,298
2025-03-06 16:09:00,248.71,248.71,248.71,248.71,66
2025-03-06 16:10:00,248.69,248.69,248.69,248.69,519386
2025-03-06 16:11:00,248.69,248.69,248.69,248.69,14071
2025-03-06 16:13:00,248.69,248.69,248.69,248.69,2
2025-03-06 16:15:00,248.69,248.69,248.69,248.69,2
2025-03-06 16:16:00,248.6894,248.6894,248.6894,248.6894,14071
2025-03-06 16:17:00,252.7958,252.7958,248.6843,248.6843,14074
2025-03-06 16:20:00,252.9,252.9,252.9,252.9,1
2025-03-06 16:22:00,248.69,248.69,248.69,248.69,1032
2025-03-06 16:25:00,248.8,248.8,248.8,248.8,2
2025-03-06 16:26:00,252.9,252.9,251.5,251.97,6
2025-03-06 16:29:00,249.5,249.5,249.5,249.5,10
2025-03-06 16:35:00,248.69,248.73,248.69,248.73,1853
2025-03-06 16:37:00,249.08,249.08,249.08,249.08,2
2025-03-06 16:40:00,249.13,249.13,249.08,249.08,9
2025-03-06 16:41:00,248.69,249.07,248.69,248.77,17656
2025-03-06 16:44:00,248.75,248.75,248.75,248.75,207
2025-03-06 16:52:00,249.5,249.5,249.5,249.5,2
2025-03-06 16:53:00,249.5,250.5,249.5,250.5,2
2025-03-06 16:56:00,250.5,250.5,250.5,250.5,15
2025-03-06 17:01:00,249.01,249.01,248.84,248.84,16
2025-03-06 17:05:00,248.84,248.84,248.82,248.84,90
2025-03-06 17:06:00,248.84,248.84,248.84,248.84,14
2025-03-06 17:10:00,248.75,248.75,248.75,248.75,10
2025-03-06 17:11:00,248.77,248.8,248.75,248.75,191
2025-03-06 17:12:00,248.75,248.75,248.75,248.75,5
2025-03-06 17:14:00,249.0,249.0,248.98,248.98,36
2025-03-06 17:15:00,252.9,252.9,252.9,252.9,3
2025-03-06 17:17:00,249.17,249.17,249.17,249.17,10
2025-03-06 17:19:00,248.97,248.97,248.97,248.97,10
2025-03-06 17:20:00,248.75,248.75,248.75,248.75,23
2025-03-06 17:25:00,248.77,248.77,248.77,248.77,10
2025-03-06 17:26:00,248.79,248.79,248.79,248.79,10
2025-03-06 17:28:00,248.79,248.79,248.79,248.79,2
2025-03-06 17:38:00,248.73,248.73,248.73,248.73,2
2025-03-06 17:39:00,248.97,248.97,248.97,248.97,3
2025-03-06 17:44:00,248.77,248.77,248.77,248.77,2
2025-03-06 17:46:00,248.77,248.77,248.77,248.77,1
2025-03-06 17:48:00,248.79,248.79,248.79,248.79,9
2025-03-06 17:53:00,248.79,248.79,248.79,248.79,5
2025-03-06 17:54:00,248.79,248.79,248.79,248.79,10
2025-03-06 18:01:00,248.79,248.79,248.79,248.79,5
2025-03-06 18:03:00,248.79,248.79,248.79,248.79,60
2025-03-06 18:04:00,248.73,248.73,248.73,248.73,1
2025-03-06 18:06:00,248.78,248.78,248.78,248.78,5
2025-03-06 18:09:00,248.77,252.9,248.77,252.9,2
2025-03-06 18:10:00,248.77,248.77,248.77,248.77,6
2025-03-06 18:15:00,249.0,249.0,249.0,249.0,12
2025-03-06 18:30:00,248.69,248.69,248.69,248.69,519386
2025-03-06 18:33:00,252.0,252.0,252.0,252.0,3
2025-03-06 18:41:00,249.47,249.47,249.47,249.47,6
2025-03-06 18:44:00,251.54,251.54,251.54,251.54,10
2025-03-06 18:53:00,249.02,249.02,249.02,249.02,10
2025-03-06 18:54:00,249.47,249.47,249.47,249.47,8
2025-03-06 19:00:00,248.69,248.69,248.69,248.69,519386
2025-03-06 19:07:00,249.46,249.46,249.46,249.46,2
2025-03-06 19:08:00,248.69,248.69,248.69,248.69,1728
2025-03-06 19:13:00,249.01,249.01,249.0,249.0,2
2025-03-06 19:16:00,249.0,249.0,249.0,249.0,5
2025-03-06 19:41:00,249.0635,249.0635,249.0635,249.0635,1
2025-03-06 19:53:00,249.0,249.0,249.0,249.0,30
2025-03-06 19:58:00,249.1,249.1,249.0,249.0,5
2025-03-06 19:59:00,249.02,249.02,249.0,249.0,127
2025-03-07 04:00:00,248.69,248.69,248.69,248.69,23
2025-03-07 04:03:00,248.3,248.73,248.3,248.73,30
2025-03-07 04:04:00,248.43,248.43,248.43,248.43,3
2025-03-07 04:06:00,248.43,248.43,248.43,248.43,5
2025-03-07 04:07:00,248.43,248.45,248.43,248.45,6
2025-03-07 04:09:00,248.47,248.47,248.47,248.47,1
2025-03-07 04:12:00,248.5,248.5,248.5,248.5,2
2025-03-07 04:14:00,248.69,249.04,248.69,249.04,30
2025-03-07 04:15:00,249.31,249.31,248.58,248.58,14
2025-03-07 04:24:00,249.2,249.2,249.2,249.2,29
2025-03-07 04:27:00,248.61,249.04,248.61,249.04,4
2025-03-07 04:28:00,249.04,249.04,249.04,249.04,1
2025-03-07 04:31:00,249.26,249.26,249.26,249.26,1
2025-03-07 04:45:00,249.19,249.19,249.19,249.19,1
2025-03-07 05:06:00,248.98,248.98,248.98,248.98,1
2025-03-07 05:07:00,248.87,248.87,248.87,248.87,1
2025-03-07 05:08:00,248.7,248.7,248.7,248.7,3
2025-03-07 05:09:00,248.69,248.79,248.69,248.79,30
2025-03-07 05:11:00,248.52,248.52,248.49,248.49,3
2025-03-07 05:12:00,248.48,248.48,248.48,248.48,1
2025-03-07 05:13:00,248.57,248.61,248.48,248.61,61
2025-03-07 05:15:00,248.51,248.51,248.51,248.51,10
2025-03-07 05:18:00,248.56,248.56,248.41,248.41,28
2025-03-07 05:20:00,248.43,248.43,248.43,248.43,2
2025-03-07 05:24:00,248.56,248.56,248.56,248.56,10
2025-03-07 05:25:00,248.55,248.55,248.52,248.52,10
2025-03-07 05:28:00,248.43,248.52,248.43,248.52,20
2025-03-07 05:36:00,248.69,248.69,248.69,248.69,10
2025-03-07 05:39:00,248.35,248.35,248.35,248.35,28
2025-03-07 05:46:00,248.36,248.36,248.36,248.36,13
2025-03-07 05:47:00,248.36,248.36,248.29,248.31,200
2025-03-07 05:48:00,248.8,248.8,248.8,248.8,2
2025-03-07 05:49:00,248.49,248.49,248.35,248.49,39
2025-03-07 05:52:00,248.49,248.49,248.49,248.49,2
2025-03-07 05:54:00,248.3,248.3,248.3,248.3,1
2025-03-07 05:55:00,248.53,248.53,248.53,248.53,26
2025-03-07 05:57:00,248.47,248.47,248.47,248.47,13
2025-03-07 06:01:00,248.27,248.27,248.27,248.27,2
2025-03-07 06:05:00,248.5,248.5,248.45,248.5,9
2025-03-07 06:10:00,248.1,248.1,248.1,248.1,1
2025-03-07 06:17:00,248.44,248.44,248.44,248.44,3
2025-03-07 06:34:00,248.18,248.18,248.15,248.15,100
2025-03-07 06:38:00,248.45,248.6,248.45,248.6,111
2025-03-07 06:39:00,248.43,248.43,248.43,248.43,27
2025-03-07 06:42:00,248.43,248.43,248.43,248.43,3
2025-03-07 06:46:00,248.5,248.5,248.5,248.5,9
2025-03-07 06:53:00,248.49,248.49,248.44,248.44,3
2025-03-07 06:56:00,248.48,248.48,248.47,248.47,41
2025-03-07 07:00:00,248.88,248.99,248.88,248.99,48
2025-03-07 07:02:00,248.73,248.73,248.69,248.69,95
2025-03-07 07:03:00,248.47,248.56,248.34,248.56,22
2025-03-07 07:06:00,248.73,248.73,248.73,248.73,16
2025-03-07 07:10:00,248.46,248.46,248.46,248.46,23
2025-03-07 07:11:00,248.45,248.45,248.44,248.44,15
2025-03-07 07:13:00,248.44,248.7,248.44,248.7,26
2025-03-07 07:15:00,248.65,248.65,248.65,248.65,21
2025-03-07 07:17:00,248.73,248.73,248.73,248.73,1
2025-03-07 07:28:00,248.5,248.5,248.43,248.43,2
2025-03-07 07:35:00,248.4,248.4,248.4,248.4,15
2025-03-07 07:37:00,248.31,248.31,248.31,248.31,10
2025-03-07 07:40:00,248.31,248.31,248.31,248.31,1
2025-03-07 07:44:00,248.32,248.32,248.32,248.32,10
2025-03-07 07:46:00,248.35,248.35,248.26,248.27,125
2025-03-07 07:51:00,248.21,248.21,248.21,248.21,5
2025-03-07 07:57:00,248.24,248.24,248.11,248.11,8
2025-03-07 08:00:00,248.78,250.7,247.47,248.25,1601
2025-03-07 08:02:00,248.69,248.69,248.69,248.69,18
2025-03-07 08:03:00,248.69,248.69,247.7,248.35,7
2025-03-07 08:05:00,248.69,248.69,248.09,248.09,4
2025-03-07 08:06:00,248.23,248.23,248.0,248.0,131
2025-03-07 08:07:00,247.95,247.95,247.95,247.95,10
2025-03-07 08:13:00,248.01,248.04,248.01,248.04,30
2025-03-07 08:15:00,248.22,248.22,248.22,248.22,26
2025-03-07 08:18:00,248.22,248.22,247.44,247.44,32
2025-03-07 08:19:00,248.24,248.27,248.24,248.27,20
2025-03-07 08:20:00,248.02,248.02,248.02,248.02,1
2025-03-07 08:26:00,248.17,248.17,248.17,248.17,10
2025-03-07 08:27:00,248.37,248.37,248.37,248.37,1
2025-03-07 08:28:00,248.27,248.27,248.27,248.27,20
2025-03-07 08:30:00,248.27,249.19,248.27,249.19,848
2025-03-07 08:31:00,248.3333,248.3333,248.3333,248.3333,3
2025-03-07 08:32:00,249.2,249.2,248.67,248.67,66
2025-03-07 08:33:00,248.64,248.65,248.53,248.53,39
2025-03-07 08:34:00,249.0,249.0,248.47,248.52,204
2025-03-07 08:35:00,248.56,248.69,248.53,248.69,19
2025-03-07 08:36:00,248.52,248.52,248.51,248.51,7
2025-03-07 08:37:00,248.6,248.6,248.51,248.6,25
2025-03-07 08:38:00,248.51,248.51,248.51,248.51,26
2025-03-07 08:39:00,248.51,248.51,248.5,248.5,42
2025-03-07 08:40:00,248.8,248.8,248.0,248.05,98
2025-03-07 08:41:00,248.07,248.44,247.76,247.76,154
2025-03-07 08:42:00,247.91,247.91,247.91,247.91,16
2025-03-07 08:46:00,248.12,248.12,248.12,248.12,5
2025-03-07 08:50:00,248.4,248.4,248.4,248.4,20
2025-03-07 08:54:00,248.4,248.4,248.4,248.4,20
2025-03-07 08:56:00,247.7,247.7,247.7,247.7,15
2025-03-07 08:57:00,248.02,248.3,248.0,248.0,72
2025-03-07 08:58:00,248.01,248.28,247.6,247.9,210
2025-03-07 08:59:00,248.19,248.19,247.76,247.76,164
2025-03-07 09:02:00,247.75,248.44,247.75,247.75,24
2025-03-07 09:03:00,247.92,247.92,247.2,247.2,27
2025-03-07 09:04:00,248.5,248.5,248.0,248.5,147
2025-03-07 09:05:00,248.47,248.48,248.47,248.48,20
2025-03-07 09:06:00,248.3115,248.3115,247.73,247.73,30
2025-03-07 09:08:00,247.8,248.71,247.8,248.71,31
2025-03-07 09:09:00,247.75,247.8,247.74,247.75,103
2025-03-07 09:10:00,247.75,247.75,247.44,247.45,49
2025-03-07 09:12:00,247.44,248.4,247.44,247.44,117
2025-03-07 09:13:00,247.45,247.48,247.4,247.47,9
2025-03-07 09:14:00,247.47,247.47,247.47,247.47,7
2025-03-07 09:15:00,247.53,247.53,247.47,247.47,3
2025-03-07 09:16:00,248.0,248.0,248.0,248.0,2
2025-03-07 09:18:00,247.61,247.61,247.45,247.45,200
2025-03-07 09:20:00,247.75,247.75,247.44,247.47,8
2025-03-07 09:24:00,247.6,247.6,247.6,247.6,35
2025-03-07 09:25:00,247.59,247.75,247.1,247.75,53
2025-03-07 09:26:00,247.46,247.51,247.44,247.51,165
2025-03-07 09:27:00,247.44,247.44,247.39,247.4,67
2025-03-07 09:28:00,247.0,247.25,247.0,247.25,8
2025-03-07 09:29:00,247.25,247.25,245.372,245.372,3886
2025-03-07 09:30:00,245.95,246.47,245.1823,246.27,89903
2025-03-07 09:31:00,246.4,246.915,246.0901,246.915,20337
2025-03-07 09:32:00,246.915,247.5247,246.915,247.26,6897
2025-03-07 09:33:00,247.0648,247.0648,246.58,246.815,13675
2025-03-07 09:34:00,246.815,247.1,246.6103,246.835,8447
2025-03-07 09:35:00,246.83,247.5,246.83,247.47,5128
2025-03-07 09:36:00,247.455,247.455,246.95,246.99,6259
2025-03-07 09:37:00,246.96,246.985,246.7,246.7,6565
2025-03-07 09:38:00,246.86,247.0175,246.613,246.82,8313
2025-03-07 09:39:00,246.945,246.945,246.89,246.89,1505
2025-03-07 09:40:00,246.94,247.235,246.82,247.235,24163
2025-03-07 09:41:00,247.3966,247.3966,246.99,247.21,7830
2025-03-07 09:42:00,247.01,247.239,246.79,247.2,8503
2025-03-07 09:43:00,247.1,247.1,246.9912,246.9912,3056
2025-03-07 09:44:00,247.14,247.35,246.97,247.032,29782
2025-03-07 09:45:00,246.9728,247.21,246.9728,247.15,5094
2025-03-07 09:46:00,247.22,248.36,247.165,248.12,19294
2025-03-07 09:47:00,248.05,248.33,248.0,248.015,12830
2025-03-07 09:48:00,248.015,248.205,248.015,248.205,1673
2025-03-07 09:49:00,248.36,248.4354,247.91,248.11,6762
2025-03-07 09:50:00,248.05,248.18,248.05,248.1,5462
2025-03-07 09:51:00,248.1,248.68,248.1,248.585,3490
2025-03-07 09:52:00,248.49,248.65,248.36,248.4625,13000
2025-03-07 09:53:00,248.56,249.075,248.485,249.07,17949
2025-03-07 09:54:00,249.07,249.285,248.97,249.115,8969
2025-03-07 09:55:00,249.01,249.5823,248.99,249.535,9095
2025-03-07 09:56:00,249.635,249.635,249.275,249.275,8521
2025-03-07 09:57:00,249.245,249.245,248.8,248.8,8752
2025-03-07 09:58:00,248.9,248.93,248.3782,248.5,11215
2025-03-07 09:59:00,248.48,248.815,248.16,248.41,12335
2025-03-07 10:00:00,248.44,248.4948,247.8507,248.445,4238
2025-03-07 10:01:00,248.485,249.035,248.485,248.71,3667
2025-03-07 10:02:00,248.72,248.825,248.671,248.815,5201
2025-03-07 10:03:00,248.815,248.84,248.8,248.83,4138
2025-03-07 10:04:00,249.04,249.51,248.825,249.3625,20274
2025-03-07 10:05:00,249.455,249.61,249.19,249.4,5258
2025-03-07 10:06:00,249.77,249.77,249.51,249.715,1993
2025-03-07 10:07:00,249.8885,249.8885,249.44,249.44,3614
2025-03-07 10:08:00,249.44,249.6,248.93,249.21,6715
2025-03-07 10:09:00,249.18,249.34,248.95,249.13,2912
2025-03-07 10:10:00,249.46,249.67,249.46,249.62,4611
2025-03-07 10:11:00,249.64,249.64,249.47,249.545,3120
2025-03-07 10:12:00,249.505,249.6755,249.43,249.56,1406
2025-03-07 10:13:00,249.56,249.565,249.13,249.315,3925
2025-03-07 10:14:00,249.32,249.64,249.19,249.595,7889
2025-03-07 10:15:00,249.47,249.59,249.36,249.395,5045
2025-03-07 10:16:00,249.6,249.68,249.39,249.59,5429
2025-03-07 10:17:00,249.39,249.64,249.0,249.44,12174
2025-03-07 10:18:00,249.35,249.49,249.16,249.49,2602
2025-03-07 10:19:00,249.405,249.475,249.405,249.475,2460
2025-03-07 10:20:00,249.52,249.95,249.46,249.82,9549
2025-03-07 10:21:00,249.785,250.38,249.77,250.3688,16779
2025-03-07 10:22:00,250.3,250.88,250.25,250.81,9664
2025-03-07 10:23:00,250.86,251.46,250.81,251.0601,24439
2025-03-07 10:24:00,251.36,251.705,251.27,251.36,69608
2025-03-07 10:25:00,251.36,251.67,250.96,251.495,32540
2025-03-07 10:26:00,251.315,251.5425,251.2612,251.395,5136
2025-03-07 10:27:00,251.39,251.4,251.09,251.335,15473
2025-03-07 10:28:00,251.37,251.41,251.0711,251.19,9353
2025-03-07 10:29:00,251.16,251.22,250.94,251.05,11242
2025-03-07 10:30:00,251.115,251.3,251.05,251.05,12124
2025-03-07 10:31:00,251.05,251.05,250.57,250.735,18856
2025-03-07 10:32:00,250.725,251.02,250.41,250.975,18144
2025-03-07 10:33:00,250.975,251.23,250.79,251.15,11486
2025-03-07 10:34:00,251.03,251.12,250.71,251.0,18226
2025-03-07 10:35:00,250.995,251.152,250.7,250.85,27393
2025-03-07 10:36:00,250.81,251.09,250.74,251.08,6001
2025-03-07 10:37:00,251.09,251.21,250.96,251.04,6646
2025-03-07 10:38:00,251.085,251.1,250.81,251.02,30931
2025-03-07 10:39:00,251.1025,251.39,251.01,251.1045,14297
2025-03-07 10:40:00,251.04,251.16,250.96,251.16,18330
2025-03-07 10:41:00,251.09,251.2,250.83,250.89,16199
2025-03-07 10:42:00,250.815,251.48,250.815,251.46,15503
2025-03-07 10:43:00,251.48,251.63,251.35,251.58,14081
2025-03-07 10:44:00,251.46,251.87,251.45,251.75,16393
2025-03-07 10:45:00,251.75,251.9,251.68,251.89,12095
2025-03-07 10:46:00,251.97,252.2,251.905,251.92,11978
2025-03-07 10:47:00,251.83,251.9025,251.445,251.7,11308
2025-03-07 10:48:00,251.6619,252.46,251.53,252.46,7738
2025-03-07 10:49:00,252.3033,253.31,252.3033,252.64,29328
2025-03-07 10:50:00,252.76,252.8973,252.44,252.545,9221
2025-03-07 10:51:00,252.57,252.64,252.18,252.51,6099
2025-03-07 10:52:00,252.34,252.64,252.33,252.33,7524
2025-03-07 10:53:00,252.305,252.51,252.11,252.42,8320
2025-03-07 10:54:00,252.5,252.96,252.5,252.79,10236
2025-03-07 10:55:00,252.76,252.95,252.6,252.61,7941
2025-03-07 10:56:00,252.645,252.88,252.645,252.83,4254
2025-03-07 10:57:00,252.91,252.91,252.56,252.56,9596
2025-03-07 10:58:00,252.72,252.94,252.68,252.85,7810
2025-03-07 10:59:00,252.86,252.88,252.5513,252.79,8647
2025-03-07 11:00:00,252.66,252.78,252.47,252.47,12288
2025-03-07 11:01:00,252.39,253.0,252.2501,252.805,23140
2025-03-07 11:02:00,252.7,252.73,252.4938,252.6025,6661
2025-03-07 11:03:00,252.57,252.69,252.35,252.67,6377
2025-03-07 11:04:00,252.73,252.79,252.43,252.43,12216
2025-03-07 11:05:00,252.33,252.72,252.33,252.445,9836
2025-03-07 11:06:00,252.57,252.68,252.3,252.37,3667
2025-03-07 11:07:00,252.55,253.18,252.55,252.78,29212
2025-03-07 11:08:00,252.745,252.755,252.415,252.505,6480
2025-03-07 11:09:00,252.505,252.54,252.44,252.45,7903
2025-03-07 11:10:00,252.51,252.54,252.32,252.35,9768
2025-03-07 11:11:00,252.37,252.37,252.17,252.205,4073
2025-03-07 11:12:00,252.22,252.235,251.83,251.935,6181
2025-03-07 11:13:00,251.915,251.96,251.7984,251.9,6077
2025-03-07 11:14:00,251.98,252.08,251.8391,251.865,14333
2025-03-07 11:15:00,251.97,252.34,251.815,251.815,26328
2025-03-07 11:16:00,251.82,252.16,251.63,252.13,16259
2025-03-07 11:17:00,252.15,252.37,252.07,252.07,3611
2025-03-07 11:18:00,252.24,252.39,251.79,251.87,10879
2025-03-07 11:19:00,251.8,251.94,251.8,251.855,8105
2025-03-07 11:20:00,251.865,251.98,251.855,251.94,2082
2025-03-07 11:21:00,251.825,252.12,251.75,251.825,22219
2025-03-07 11:22:00,251.835,252.03,251.835,251.97,4358
2025-03-07 11:23:00,251.97,252.07,251.86,252.07,7640
2025-03-07 11:24:00,252.06,252.32,251.9933,252.29,14363
2025-03-07 11:25:00,252.17,252.29,252.01,252.14,16210
2025-03-07 11:26:00,252.1,252.26,252.0,252.08,44469
2025-03-07 11:27:00,252.14,252.43,252.07,252.29,11269
2025-03-07 11:28:00,252.32,252.47,252.1,252.205,12287
2025-03-07 11:29:00,252.1,252.23,252.065,252.15,9787
2025-03-07 11:30:00,252.25,252.37,252.12,252.145,18035
2025-03-07 11:31:00,252.06,252.42,252.05,252.4188,9104
2025-03-07 11:32:00,252.215,252.4,252.18,252.3008,6687
2025-03-07 11:33:00,252.26,252.5,252.18,252.44,8761
2025-03-07 11:34:00,252.44,252.54,252.31,252.44,7501
2025-03-07 11:35:00,252.39,252.39,252.26,252.36,4538
2025-03-07 11:36:00,252.42,252.54,252.33,252.54,13176
2025-03-07 11:37:00,252.485,252.6,252.3,252.44,16365
2025-03-07 11:38:00,252.365,252.48,252.35,252.415,6137
2025-03-07 11:39:00,252.41,252.46,252.0,252.12,26867
2025-03-07 11:40:00,252.12,252.12,251.78,252.005,27640
2025-03-07 11:41:00,252.0,252.14,251.765,252.13,21154
2025-03-07 11:42:00,252.065,252.08,251.73,251.805,10412
2025-03-07 11:43:00,251.84,252.02,251.8,251.905,22520
2025-03-07 11:44:00,251.96,252.19,251.9311,252.06,11019
2025-03-07 11:45:00,252.055,252.09,251.9301,252.045,3507
2025-03-07 11:46:00,252.045,252.27,251.9479,252.27,10538
2025-03-07 11:47:00,252.17,252.17,252.05,252.1,5183
2025-03-07 11:48:00,252.095,252.215,251.92,251.92,8022
2025-03-07 11:49:00,251.99,252.19,251.82,252.14,7997
2025-03-07 11:50:00,252.12,252.21,251.62,251.81,5886
2025-03-07 11:51:00,251.825,252.01,251.81,252.01,9718
2025-03-07 11:52:00,252.06,252.07,251.74,251.785,7973
2025-03-07 11:53:00,251.81,252.04,251.81,251.99,11998
2025-03-07 11:54:00,252.0,252.22,251.94,252.22,46459
2025-03-07 11:55:00,252.21,252.29,252.05,252.225,10119
2025-03-07 11:56:00,252.19,252.34,252.05,252.14,10493
2025-03-07 11:57:00,252.145,252.34,252.08,252.34,3965
2025-03-07 11:58:00,252.29,252.51,252.27,252.27,11137
2025-03-07 11:59:00,252.365,252.636,252.365,252.51,4590
2025-03-07 12:00:00,252.615,252.87,252.51,252.835,6007
2025-03-07 12:01:00,252.835,253.02,252.66,252.945,9897
2025-03-07 12:02:00,252.945,253.18,252.9353,253.14,7406
2025-03-07 12:03:00,253.15,253.72,253.15,253.69,14449
2025-03-07 12:04:00,253.76,253.99,253.64,253.6975,26854
2025-03-07 12:05:00,253.77,254.16,253.77,253.905,18991
2025-03-07 12:06:00,253.97,254.17,253.65,253.74,27691
2025-03-07 12:07:00,253.78,253.8375,253.57,253.7344,10159
2025-03-07 12:08:00,253.78,253.86,253.605,253.67,10612
2025-03-07 12:09:00,253.605,253.79,253.52,253.79,11386
2025-03-07 12:10:00,253.76,253.86,253.556,253.79,20293
2025-03-07 12:11:00,253.75,253.785,253.5,253.565,14559
2025-03-07 12:12:00,253.61,253.73,253.565,253.635,17446
2025-03-07 12:13:00,253.61,253.81,253.6037,253.785,5595
2025-03-07 12:14:00,253.87,254.29,253.84,254.18,10247
2025-03-07 12:15:00,254.18,254.28,254.1,254.23,17690
2025-03-07 12:16:00,254.29,254.29,253.92,253.955,21386
2025-03-07 12:17:00,253.955,253.955,253.65,253.76,12395
2025-03-07 12:18:00,253.7,253.85,253.65,253.725,15134
2025-03-07 12:19:00,253.675,253.7,253.5,253.6,6181
2025-03-07 12:20:00,253.5183,254.02,253.5183,253.895,8980
2025-03-07 12:21:00,253.89,254.08,253.8527,254.08,5127
2025-03-07 12:22:00,254.16,254.49,254.14,254.34,14469
2025-03-07 12:23:00,254.37,254.71,254.37,254.56,20051
2025-03-07 12:24:00,254.56,254.74,254.53,254.74,11173
2025-03-07 12:25:00,254.695,254.7,254.5,254.605,12432
2025-03-07 12:26:00,254.55,254.69,254.37,254.435,14291
2025-03-07 12:27:00,254.45,254.83,254.4463,254.645,14509
2025-03-07 12:28:00,254.67,254.67,254.5,254.515,12662
2025-03-07 12:29:00,254.59,254.8,254.57,254.765,10372
2025-03-07 12:30:00,254.83,254.83,254.52,254.7425,9714
2025-03-07 12:31:00,254.75,254.75,254.42,254.42,10450
2025-03-07 12:32:00,254.435,254.7643,254.39,254.68,8278
2025-03-07 12:33:00,254.67,255.145,254.67,255.145,16230
2025-03-07 12:34:00,255.15,255.3699,255.02,255.12,10275
2025-03-07 12:35:00,255.135,255.135,254.78,254.922,16518
2025-03-07 12:36:00,254.85,255.08,254.76,255.07,10413
2025-03-07 12:37:00,255.08,255.44,255.08,255.44,9043
2025-03-07 12:38:00,255.48,255.78,255.37,255.77,10397
2025-03-07 12:39:00,255.7,255.765,255.47,255.52,11504
2025-03-07 12:40:00,255.4475,255.63,255.42,255.56,8834
2025-03-07 12:41:00,255.5134,255.97,255.5134,255.95,19172
2025-03-07 12:42:00,255.97,256.32,255.76,256.32,11354
2025-03-07 12:43:00,256.1752,256.5799,256.07,256.4299,18512
2025-03-07 12:44:00,256.345,256.54,256.29,256.5,9031
2025-03-07 12:45:00,256.46,256.95,256.45,256.875,28632
2025-03-07 12:46:00,257.0,257.05,256.84,257.04,15033
2025-03-07 12:47:00,257.055,257.055,256.77,256.77,54525
2025-03-07 12:48:00,256.765,256.85,256.38,256.4603,14802
2025-03-07 12:49:00,256.67,256.715,256.55,256.66,8996
2025-03-07 12:50:00,256.66,256.7,256.38,256.675,19440
2025-03-07 12:51:00,256.67,256.67,256.38,256.585,20030
2025-03-07 12:52:00,256.585,256.63,256.335,256.545,14934
2025-03-07 12:53:00,256.545,256.86,256.45,256.77,21917
2025-03-07 12:54:00,256.67,256.67,256.2767,256.605,20679
2025-03-07 12:55:00,256.575,256.74,256.34,256.4,9374
2025-03-07 12:56:00,256.32,256.42,255.68,255.68,40324
2025-03-07 12:57:00,255.73,255.73,255.43,255.515,7412
2025-03-07 12:58:00,255.515,255.53,255.13,255.14,7239
2025-03-07 12:59:00,255.155,255.49,255.0901,255.465,4586
2025-03-07 13:00:00,255.38,255.66,255.355,255.39,6797
2025-03-07 13:01:00,255.375,255.705,255.23,255.24,8514
2025-03-07 13:02:00,255.28,255.42,255.1236,255.315,4719
2025-03-07 13:03:00,255.385,255.685,255.33,255.51,19657
2025-03-07 13:04:00,255.475,255.86,255.475,255.8,8726
2025-03-07 13:05:00,255.88,256.31,255.88,256.31,14966
2025-03-07 13:06:00,256.2301,256.29,255.905,256.19,15268
2025-03-07 13:07:00,256.17,256.17,256.105,256.14,1736
2025-03-07 13:08:00,256.125,256.61,256.0516,256.49,10890
2025-03-07 13:09:00,256.495,256.495,256.16,256.225,9520
2025-03-07 13:10:00,256.225,256.54,256.15,256.47,6310
2025-03-07 13:11:00,256.475,256.48,256.2,256.48,29948
2025-03-07 13:12:00,256.47,256.64,256.4425,256.57,13190
2025-03-07 13:13:00,256.595,256.75,256.49,256.57,9868
2025-03-07 13:14:00,256.66,256.84,256.61,256.78,9252
2025-03-07 13:15:00,256.67,256.84,256.5918,256.653,6802
2025-03-07 13:16:00,256.61,257.2,256.59,257.165,14325
2025-03-07 13:17:00,257.03,257.29,257.03,257.145,6561
2025-03-07 13:18:00,257.24,257.38,257.04,257.38,10729
2025-03-07 13:19:00,257.28,257.49,257.1001,257.49,10029
2025-03-07 13:20:00,257.425,257.47,257.26,257.455,8822
2025-03-07 13:21:00,257.46,257.47,257.27,257.3,20543
2025-03-07 13:22:00,257.3,257.49,257.28,257.44,7737
2025-03-07 13:23:00,257.39,257.55,257.26,257.31,24755
2025-03-07 13:24:00,257.31,257.31,256.955,257.115,18381
2025-03-07 13:25:00,257.12,257.45,257.0737,257.39,7137
2025-03-07 13:26:00,257.3259,257.51,257.265,257.51,9460
2025-03-07 13:27:00,257.56,257.76,257.465,257.76,5216
2025-03-07 13:28:00,257.665,257.84,257.66,257.77,11083
2025-03-07 13:29:00,257.725,257.79,257.61,257.61,21942
2025-03-07 13:30:00,257.675,258.0,257.57,257.95,27356
2025-03-07 13:31:00,257.91,257.91,257.69,257.81,16917
2025-03-07 13:32:00,257.84,258.12,257.83,257.99,25564
2025-03-07 13:33:00,257.98,258.08,257.75,257.99,23725
2025-03-07 13:34:00,257.94,258.1186,257.875,258.11,15549
2025-03-07 13:35:00,258.11,258.27,258.05,258.23,11754
2025-03-07 13:36:00,258.37,258.47,258.2104,258.44,21223
2025-03-07 13:37:00,258.47,259.0,258.44,258.945,20968
2025-03-07 13:38:00,259.0,259.44,259.0,259.44,26720
2025-03-07 13:39:00,259.42,259.535,258.8901,259.14,37690
2025-03-07 13:40:00,259.14,259.3399,259.13,259.25,6400
2025-03-07 13:41:00,259.235,259.36,259.13,259.13,8137
2025-03-07 13:42:00,259.08,259.325,258.98,259.16,22825
2025-03-07 13:43:00,259.125,259.23,258.51,258.51,32678
2025-03-07 13:44:00,258.46,258.83,258.41,258.785,18155
2025-03-07 13:45:00,258.79,258.8499,258.54,258.69,13861
2025-03-07 13:46:00,258.615,259.13,258.615,259.06,10172
2025-03-07 13:47:00,259.15,259.25,258.93,259.074,14624
2025-03-07 13:48:00,259.18,259.3172,259.0606,259.22,12806
2025-03-07 13:49:00,259.225,259.34,259.04,259.19,17437
2025-03-07 13:50:00,259.1066,259.18,258.98,259.125,7244
2025-03-07 13:51:00,259.125,259.16,258.825,258.92,11776
2025-03-07 13:52:00,259.0,259.19,258.95,259.1,7538
2025-03-07 13:53:00,259.19,259.27,259.0,259.25,14686
2025-03-07 13:54:00,259.21,259.3,259.12,259.24,13690
2025-03-07 13:55:00,259.275,259.39,259.225,259.39,9509
2025-03-07 13:56:00,259.325,259.44,259.27,259.355,15719
2025-03-07 13:57:00,259.28,259.355,259.12,259.21,5093
2025-03-07 13:58:00,259.25,259.42,259.1701,259.315,9021
2025-03-07 13:59:00,259.24,259.58,259.23,259.46,9938
2025-03-07 14:00:00,259.46,259.615,259.2,259.615,43748
2025-03-07 14:01:00,259.615,259.78,259.49,259.57,34580
2025-03-07 14:02:00,259.56,259.71,259.4127,259.61,19096
2025-03-07 14:03:00,259.63,259.825,259.54,259.73,16205
2025-03-07 14:04:00,259.74,259.77,259.56,259.67,8283
2025-03-07 14:05:00,259.67,259.67,259.5,259.63,17291
2025-03-07 14:06:00,259.58,259.78,259.5,259.63,64156
2025-03-07 14:07:00,259.675,259.675,259.18,259.2325,52112
2025-03-07 14:08:00,259.32,259.44,259.1,259.43,9810
2025-03-07 14:09:00,259.425,259.425,258.9022,258.94,14326
2025-03-07 14:10:00,259.0,259.3,258.85,259.3,8300
2025-03-07 14:11:00,259.19,259.46,259.19,259.46,11096
2025-03-07 14:12:00,259.36,259.61,259.32,259.32,8240
2025-03-07 14:13:00,259.3324,259.6,259.28,259.405,12400
2025-03-07 14:14:00,259.405,259.54,259.375,259.46,4496
2025-03-07 14:15:00,259.4,259.54,259.36,259.485,5681
2025-03-07 14:16:00,259.57,259.71,259.5619,259.6336,8629
2025-03-07 14:17:00,259.63,259.79,259.55,259.7,7897
2025-03-07 14:18:00,259.71,260.12,259.6492,260.12,37344
2025-03-07 14:19:00,260.13,260.15,260.03,260.1,7034
2025-03-07 14:20:00,260.08,260.22,260.02,260.13,10894
2025-03-07 14:21:00,260.12,260.22,260.02,260.22,9215
2025-03-07 14:22:00,260.22,260.67,260.2108,260.67,13815
2025-03-07 14:23:00,260.69,260.8643,260.59,260.7,12672
2025-03-07 14:24:00,260.75,260.77,260.6101,260.68,9610
2025-03-07 14:25:00,260.7999,260.8,260.53,260.53,4909
2025-03-07 14:26:00,260.55,260.55,260.24,260.42,13436
2025-03-07 14:27:00,260.37,260.42,260.2475,260.33,6453
2025-03-07 14:28:00,260.43,260.43,260.0687,260.14,16836
2025-03-07 14:29:00,260.23,260.52,260.17,260.4833,10673
2025-03-07 14:30:00,260.47,260.59,260.36,260.51,5624
2025-03-07 14:31:00,260.57,260.67,260.48,260.67,7532
2025-03-07 14:32:00,260.65,260.7,260.59,260.6,6895
2025-03-07 14:33:00,260.6,260.76,260.53,260.595,23876
2025-03-07 14:34:00,260.595,260.64,260.41,260.42,24209
2025-03-07 14:35:00,260.3336,260.63,260.3183,260.49,12084
2025-03-07 14:36:00,260.51,260.516,260.0,260.08,25191
2025-03-07 14:37:00,260.18,260.625,260.12,260.55,10447
2025-03-07 14:38:00,260.55,260.79,260.55,260.71,6195
2025-03-07 14:39:00,260.74,260.815,260.66,260.74,9484
2025-03-07 14:40:00,260.74,260.97,260.66,260.9104,19562
2025-03-07 14:41:00,260.92,261.015,260.85,260.9652,14001
2025-03-07 14:42:00,260.93,261.0399,260.73,260.83,12299
2025-03-07 14:43:00,260.835,260.835,260.524,260.6699,12577
2025-03-07 14:44:00,260.6,260.73,260.5,260.73,9656
2025-03-07 14:45:00,260.68,260.68,260.18,260.3425,11677
2025-03-07 14:46:00,260.37,260.48,260.2482,260.405,5990
2025-03-07 14:47:00,260.46,260.5,260.1023,260.34,12210
2025-03-07 14:48:00,260.2,260.3599,260.07,260.125,9548
2025-03-07 14:49:00,260.01,260.3,260.0,260.13,15717
2025-03-07 14:50:00,260.085,260.28,259.92,260.225,6641
2025-03-07 14:51:00,260.225,260.27,259.93,259.945,17024
2025-03-07 14:52:00,259.91,260.15,259.91,260.12,10758
2025-03-07 14:53:00,260.13,260.33,260.13,260.33,11215
2025-03-07 14:54:00,260.275,260.35,260.165,260.205,7339
2025-03-07 14:55:00,260.205,260.37,260.14,260.19,15011
2025-03-07 14:56:00,260.21,260.38,260.0,260.15,12817
2025-03-07 14:57:00,260.19,260.38,260.1729,260.37,5094
2025-03-07 14:58:00,260.375,260.45,260.205,260.42,12831
2025-03-07 14:59:00,260.27,260.35,260.06,260.1599,8305
2025-03-07 15:00:00,260.21,260.215,259.81,259.915,14434
2025-03-07 15:01:00,260.1,260.25,259.9403,260.135,11394
2025-03-07 15:02:00,260.0709,260.4274,260.0198,260.06,14670
2025-03-07 15:03:00,260.0493,260.11,259.964,260.05,8601
2025-03-07 15:04:00,260.028,260.27,260.0124,260.06,5526
2025-03-07 15:05:00,260.0,260.27,260.0,260.145,10149
2025-03-07 15:06:00,260.1,260.28,260.06,260.28,9158
2025-03-07 15:07:00,260.25,260.32,260.25,260.2738,4108
2025-03-07 15:08:00,260.32,260.61,260.23,260.57,13805
2025-03-07 15:09:00,260.59,260.69,260.5293,260.59,6984
2025-03-07 15:10:00,260.54,260.615,260.41,260.54,14775
2025-03-07 15:11:00,260.4015,260.65,260.36,260.36,20294
2025-03-07 15:12:00,260.365,260.42,260.25,260.405,10932
2025-03-07 15:13:00,260.4,260.4,260.115,260.3,7217
2025-03-07 15:14:00,260.33,260.34,260.19,260.265,9407
2025-03-07 15:15:00,260.29,260.35,259.83,259.83,29102
2025-03-07 15:16:00,259.845,260.18,259.8148,260.16,10691
2025-03-07 15:17:00,260.105,260.15,259.895,260.05,9658
2025-03-07 15:18:00,260.03,260.25,260.03,260.17,6271
2025-03-07 15:19:00,260.22,260.37,260.22,260.29,17303
2025-03-07 15:20:00,260.29,260.41,260.2,260.2,12762
2025-03-07 15:21:00,260.23,260.43,260.2011,260.3272,6804
2025-03-07 15:22:00,260.33,260.45,260.15,260.43,16126
2025-03-07 15:23:00,260.425,260.46,260.2936,260.405,9281
2025-03-07 15:24:00,260.35,260.46,260.31,260.385,8976
2025-03-07 15:25:00,260.37,260.37,260.08,260.09,11241
2025-03-07 15:26:00,260.085,260.2,260.0,260.2,11061
2025-03-07 15:27:00,260.25,260.34,260.2,260.33,10497
2025-03-07 15:28:00,260.285,260.4,260.16,260.375,6793
2025-03-07 15:29:00,260.375,260.59,260.31,260.58,18310
2025-03-07 15:30:00,260.51,260.78,260.48,260.74,8841
2025-03-07 15:31:00,260.73,260.78,260.4301,260.57,17995
2025-03-07 15:32:00,260.575,260.575,260.25,260.325,15165
2025-03-07 15:33:00,260.33,260.435,260.28,260.28,10985
2025-03-07 15:34:00,260.315,260.35,260.22,260.32,14906
2025-03-07 15:35:00,260.38,260.41,260.09,260.115,12827
2025-03-07 15:36:00,260.115,260.15,259.88,259.88,12984
2025-03-07 15:37:00,259.85,259.98,259.61,259.61,19624
2025-03-07 15:38:00,259.59,259.79,259.52,259.641,8940
2025-03-07 15:39:00,259.51,259.61,259.31,259.47,18436
2025-03-07 15:40:00,259.425,259.5,259.21,259.495,19441
2025-03-07 15:41:00,259.49,259.58,259.3,259.525,14087
2025-03-07 15:42:00,259.52,259.7,259.39,259.67,12482
2025-03-07 15:43:00,259.665,259.96,259.665,259.81,15174
2025-03-07 15:44:00,259.83,259.99,259.77,259.905,18465
2025-03-07 15:45:00,259.905,260.09,259.85,260.06,18475
2025-03-07 15:46:00,260.0,260.24,259.995,260.1599,25096
2025-03-07 15:47:00,260.16,260.44,260.12,260.44,17252
2025-03-07 15:48:00,260.45,260.67,260.36,260.6375,15958
2025-03-07 15:49:00,260.69,260.93,260.69,260.9,25750
2025-03-07 15:50:00,260.87,261.03,260.72,260.87,38041
2025-03-07 15:51:00,260.87,260.97,260.79,260.935,53737
2025-03-07 15:52:00,260.91,261.3799,260.91,261.1609,46446
2025-03-07 15:53:00,261.08,261.12,260.765,260.875,39100
2025-03-07 15:54:00,260.93,261.65,260.93,261.64,46084
2025-03-07 15:55:00,261.68,261.96,261.61,261.62,83719
2025-03-07 15:56:00,261.63,261.64,261.24,261.6,60995
2025-03-07 15:57:00,261.59,261.69,261.5,261.585,70378
2025-03-07 15:58:00,261.6,261.71,261.56,261.69,91158
2025-03-07 15:59:00,261.65,261.88,261.42,261.42,206789
2025-03-07 16:00:00,261.54,261.54,260.6,261.54,1492183
2025-03-07 16:01:00,261.54,262.3872,261.54,261.54,3716
2025-03-07 16:02:00,260.6,261.54,260.6,261.25,32262
2025-03-07 16:03:00,261.54,261.54,261.25,261.54,37567
2025-03-07 16:04:00,261.25,261.54,260.6,261.54,3487
2025-03-07 16:05:00,261.25,261.54,261.25,261.54,108
2025-03-07 16:06:00,261.25,261.54,261.25,261.54,4340
2025-03-07 16:07:00,261.3,261.3,261.3,261.3,6
2025-03-07 16:08:00,262.9605,262.9605,261.43,261.43,110
2025-03-07 16:09:00,261.42,261.42,261.42,261.42,2
2025-03-07 16:10:00,261.54,261.54,261.42,261.42,716445
2025-03-07 16:11:00,261.54,261.54,261.54,261.54,91
2025-03-07 16:13:00,261.43,261.43,261.42,261.42,37
2025-03-07 16:15:00,261.42,261.55,261.42,261.42,103
2025-03-07 16:16:00,261.94,261.94,261.54,261.54,8
2025-03-07 16:17:00,261.94,261.94,261.54,261.54,22
2025-03-07 16:18:00,261.42,261.9936,261.42,261.45,49
2025-03-07 16:19:00,261.99,261.99,261.99,261.99,3
2025-03-07 16:20:00,261.54,261.99,261.54,261.99,4624
2025-03-07 16:21:00,261.75,261.75,261.45,261.54,52
2025-03-07 16:22:00,261.46,261.54,261.46,261.54,2
2025-03-07 16:24:00,261.7,261.98,261.7,261.98,4
2025-03-07 16:26:00,261.54,261.54,261.54,261.54,2016
2025-03-07 16:27:00,261.4632,261.54,261.4632,261.54,10
2025-03-07 16:28:00,261.75,261.75,261.75,261.75,2
2025-03-07 16:30:00,261.59,261.72,261.59,261.72,19
2025-03-07 16:33:00,261.54,261.6,261.54,261.6,5734
2025-03-07 16:36:00,261.512,261.512,261.512,261.512,3
2025-03-07 16:37:00,261.7,261.7,261.7,261.7,5
2025-03-07 16:41:00,261.55,261.65,261.54,261.65,5
2025-03-07 16:42:00,261.54,261.57,261.42,261.42,361
2025-03-07 16:43:00,261.58,261.98,261.58,261.98,3
2025-03-07 16:44:00,261.62,261.62,261.62,261.62,1
2025-03-07 16:45:00,261.56,261.56,261.42,261.42,11
2025-03-07 16:48:00,261.48,261.48,261.48,261.48,1
2025-03-07 16:52:00,261.42,261.4201,261.42,261.42,304
2025-03-07 16:53:00,261.5,261.5,261.5,261.5,4
2025-03-07 16:54:00,261.4345,261.49,261.42,261.49,311
2025-03-07 16:57:00,262.0,262.0,262.0,262.0,1
2025-03-07 16:58:00,261.42,261.42,261.42,261.42,14
2025-03-07 16:59:00,261.5,261.5,261.5,261.5,25
2025-03-07 17:00:00,262.473,262.473,262.473,262.473,1
2025-03-07 17:02:00,261.5,261.6,261.5,261.54,2714
2025-03-07 17:08:00,261.54,261.54,261.42,261.42,20
2025-03-07 17:09:00,261.46,261.77,261.42,261.75,534
2025-03-07 17:10:00,261.85,261.85,261.84,261.85,1002
2025-03-07 17:11:00,262.0,262.0001,261.94,262.0,508
2025-03-07 17:12:00,262.0,262.0,261.99,262.0,835
2025-03-07 17:14:00,262.0,262.03,262.0,262.03,51
2025-03-07 17:15:00,263.0,263.0,263.0,263.0,3
2025-03-07 17:17:00,262.0,262.0,262.0,262.0,256
2025-03-07 17:19:00,261.75,261.75,261.63,261.75,126
2025-03-07 17:21:00,262.0,262.0,262.0,262.0,20
2025-03-07 17:23:00,261.9,261.9,261.9,261.9,1
2025-03-07 17:26:00,261.98,261.98,261.98,261.98,1
2025-03-07 17:27:00,261.6,261.6,261.6,261.6,5
2025-03-07 17:28:00,261.6,261.89,261.54,261.54,851
2025-03-07 17:30:00,261.65,261.885,261.6,261.885,311
2025-03-07 17:34:00,261.45,261.45,261.45,261.45,4
2025-03-07 17:43:00,261.89,261.89,261.89,261.89,4
2025-03-07 17:45:00,261.7,261.7,261.5,261.5,69
2025-03-07 17:46:00,261.6,261.6,261.6,261.6,1
2025-03-07 17:47:00,261.6,261.6,261.6,261.6,1
2025-03-07 17:48:00,261.6,261.6,261.6,261.6,1
2025-03-07 17:51:00,261.88,261.88,261.88,261.88,1
2025-03-07 17:54:00,261.6,261.6,261.6,261.6,2
2025-03-07 17:58:00,261.6,261.6,261.0,261.47,55
2025-03-07 17:59:00,260.8,260.8,260.8,260.8,1
2025-03-07 18:08:00,261.89,261.89,261.89,261.89,50
2025-03-07 18:09:00,261.87,261.87,261.87,261.87,1
2025-03-07 18:12:00,261.6,261.6,261.6,261.6,56
2025-03-07 18:13:00,260.81,260.81,260.81,260.81,20
2025-03-07 18:14:00,261.45,261.45,261.45,261.45,1
2025-03-07 18:16:00,261.45,261.47,261.45,261.47,49
2025-03-07 18:17:00,261.47,261.47,261.43,261.43,48
2025-03-07 18:18:00,261.47,261.47,261.44,261.44,25
2025-03-07 18:19:00,261.47,261.47,261.47,261.47,2
2025-03-07 18:20:00,261.5,261.5,261.5,261.5,8
2025-03-07 18:25:00,261.44,261.44,261.0,261.0,308
2025-03-07 18:28:00,261.25,261.25,260.81,260.81,12
2025-03-07 18:29:00,261.29,261.29,261.29,261.29,1
2025-03-07 18:30:00,261.54,261.54,260.81,260.81,716386
2025-03-07 18:31:00,261.29,261.29,261.29,261.29,1
2025-03-07 18:32:00,260.81,261.29,260.81,261.29,2
2025-03-07 18:33:00,260.81,260.8465,260.81,260.8465,2
2025-03-07 18:34:00,261.45,261.45,261.45,261.45,1
2025-03-07 18:37:00,261.45,261.45,261.45,261.45,2
2025-03-07 18:39:00,260.81,260.81,260.81,260.81,20
2025-03-07 18:40:00,261.0,261.0,261.0,261.0,1
2025-03-07 18:43:00,261.45,261.45,261.45,261.45,19
2025-03-07 18:44:00,260.9333,260.9333,260.9333,260.9333,15
2025-03-07 18:48:00,261.0,261.0,261.0,261.0,1
2025-03-07 18:49:00,261.0,261.0,261.0,261.0,9
2025-03-07 18:57:00,261.45,261.45,261.45,261.45,1
2025-03-07 19:00:00,261.54,261.54,261.54,261.54,716385
2025-03-07 19:01:00,261.0,261.25,261.0,261.25,6
2025-03-07 19:02:00,261.47,261.47,261.25,261.25,14
2025-03-07 19:15:00,261.25,261.25,261.25,261.25,30
2025-03-07 19:17:00,261.54,261.54,261.45,261.45,14
2025-03-07 19:21:00,261.4,261.4,261.4,261.4,3
2025-03-07 19:22:00,261.4,261.4,261.4,261.4,3
2025-03-07 19:25:00,261.25,261.25,261.13,261.25,75
2025-03-07 19:30:00,261.45,261.45,261.45,261.45,1
2025-03-07 19:34:00,261.3,261.3,261.2,261.2,174
2025-03-07 19:44:00,261.25,261.25,261.2,261.2,24
2025-03-07 19:46:00,261.21,261.21,261.21,261.21,6
2025-03-07 19:47:00,261.5277,261.5399,261.5277,261.5399,2
2025-03-07 19:49:00,261.25,261.25,261.25,261.25,1
2025-03-07 19:57:00,261.3,261.3,261.28,261.28,18
2025-03-07 19:58:00,261.28,261.28,261.28,261.28,6
2025-03-07 19:59:00,261.25,261.25,261.25,261.25,16
2025-03-10 04:00:00,260.87,261.08,260.87,261.06,24
2025-03-10 04:04:00,260.68,260.68,260.5,260.68,106
2025-03-10 04:05:00,260.78,260.79,260.78,260.79,7
2025-03-10 04:06:00,260.8,261.2,260.8,261.2,3
2025-03-10 04:07:00,259.26,259.26,259.26,259.26,20
2025-03-10 04:08:00,260.73,260.73,260.73,260.73,1
2025-03-10 04:09:00,260.68,260.68,260.68,260.68,2
2025-03-10 04:10:00,260.2,260.2,260.2,260.2,20
2025-03-10 04:14:00,260.01,260.01,260.01,260.01,2
2025-03-10 04:20:00,260.41,260.41,260.41,260.41,10
2025-03-10 04:22:00,260.01,260.01,260.0,260.0,12
2025-03-10 04:26:00,260.0,260.0,259.94,259.94,21
2025-03-10 04:29:00,260.01,260.01,260.0,260.0,29
2025-03-10 04:31:00,260.01,260.01,260.01,260.01,2
2025-03-10 04:34:00,260.3,260.32,260.3,260.32,15
2025-03-10 04:36:00,260.01,260.01,260.0,260.0,28
2025-03-10 04:37:00,259.69,259.69,258.66,258.66,118
2025-03-10 04:38:00,259.04,259.04,258.89,258.89,15
2025-03-10 04:39:00,259.06,259.06,258.75,258.75,3
2025-03-10 04:41:00,259.4,259.4,259.4,259.4,20
2025-03-10 04:45:00,258.98,258.98,258.9,258.9,2
2025-03-10 04:49:00,259.03,259.03,259.03,259.03,3
2025-03-10 04:56:00,259.12,259.12,258.71,258.79,285
2025-03-10 04:57:00,258.7,258.7,258.7,258.7,2
2025-03-10 05:03:00,258.78,258.78,258.78,258.78,6
2025-03-10 05:04:00,258.7,258.72,258.7,258.72,4
2025-03-10 05:05:00,258.8,258.8,258.32,258.36,39
2025-03-10 05:06:00,257.85,258.42,257.85,258.42,14
2025-03-10 05:07:00,258.94,258.94,258.94,258.94,1
2025-03-10 05:08:00,257.86,258.47,257.86,258.47,19
2025-03-10 05:15:00,257.9,258.26,257.74,258.26,192
2025-03-10 05:17:00,258.36,258.4,258.36,258.4,102
2025-03-10 05:18:00,258.42,259.5,258.42,259.5,757
2025-03-10 05:19:00,259.5,259.5,259.5,259.5,4
2025-03-10 05:23:00,259.56,259.56,259.56,259.56,1
2025-03-10 05:27:00,259.56,259.56,259.56,259.56,1
2025-03-10 05:30:00,259.8,259.8,259.8,259.8,10
2025-03-10 05:32:00,259.63,259.9,259.55,259.9,503
2025-03-10 05:33:00,259.75,259.75,259.75,259.75,3
2025-03-10 05:34:00,259.8,260.14,259.8,260.14,95
2025-03-10 05:36:00,260.0,260.01,260.0,260.01,26
2025-03-10 05:37:00,260.1,260.1,260.1,260.1,66
2025-03-10 05:38:00,260.11,260.11,260.11,260.11,10
2025-03-10 05:39:00,260.12,260.13,260.12,260.12,14
2025-03-10 05:40:00,260.15,260.16,260.13,260.16,9
2025-03-10 05:42:00,260.11,260.11,260.11,260.11,1
2025-03-10 05:43:00,260.28,260.32,260.28,260.32,48
2025-03-10 05:45:00,260.21,260.21,260.11,260.11,3
2025-03-10 05:57:00,260.13,260.13,260.13,260.13,4
2025-03-10 05:58:00,260.11,260.11,260.11,260.11,1
2025-03-10 05:59:00,260.25,260.28,260.24,260.24,46
2025-03-10 06:00:00,260.24,260.24,260.24,260.24,1
2025-03-10 06:02:00,260.25,260.45,260.25,260.45,36
2025-03-10 06:17:00,260.26,260.26,260.26,260.26,2
2025-03-10 06:19:00,260.26,260.26,260.26,260.26,37
2025-03-10 06:21:00,260.25,260.25,260.14,260.14,2
2025-03-10 06:22:00,260.25,260.25,260.25,260.25,3
2025-03-10 06:25:00,260.21,260.21,260.1,260.11,82
2025-03-10 06:27:00,259.81,259.81,259.81,259.81,13
2025-03-10 06:29:00,259.81,259.81,259.81,259.81,4
2025-03-10 06:41:00,259.81,259.81,259.81,259.81,4
2025-03-10 06:44:00,259.8,259.8,259.8,259.8,1
2025-03-10 06:47:00,259.87,259.87,259.87,259.87,4
2025-03-10 06:49:00,259.9,259.9,259.9,259.9,3
2025-03-10 06:52:00,259.51,259.51,259.51,259.51,10
2025-03-10 06:56:00,259.91,259.91,259.87,259.87,19
2025-03-10 07:00:00,259.95,259.98,259.57,259.98,171
2025-03-10 07:01:00,259.87,259.87,259.87,259.87,2
2025-03-10 07:02:00,259.87,259.91,259.87,259.91,6
2025-03-10 07:03:00,259.87,259.99,259.87,259.99,34
2025-03-10 07:04:00,259.68,259.87,259.55,259.87,68
2025-03-10 07:05:00,259.8,259.8,259.8,259.8,3
2025-03-10 07:07:00,259.94,259.94,259.94,259.94,10
2025-03-10 07:09:00,259.94,259.94,259.62,259.62,6
2025-03-10 07:13:00,259.67,259.67,259.67,259.67,1
2025-03-10 07:14:00,259.88,259.88,259.88,259.88,16
2025-03-10 07:17:00,259.67,259.67,259.67,259.67,2
2025-03-10 07:18:00,259.76,259.88,259.67,259.67,23
2025-03-10 07:19:00,259.68,259.68,259.68,259.68,4
2025-03-10 07:20:00,259.88,260.2,259.88,260.2,1333
2025-03-10 07:21:00,260.23,260.28,260.23,260.28,16
2025-03-10 07:27:00,260.28,260.28,260.28,260.28,10
2025-03-10 07:28:00,260.04,260.04,260.04,260.04,1
2025-03-10 07:29:00,260.04,260.23,260.04,260.23,13
2025-03-10 07:30:00,260.24,260.24,260.23,260.23,6
2025-03-10 07:33:00,260.2,260.49,260.2,260.48,73
2025-03-10 07:35:00,260.23,260.23,260.23,260.23,11
2025-03-10 07:36:00,260.23,260.23,260.23,260.23,1
2025-03-10 07:37:00,260.23,260.23,260.23,260.23,11
2025-03-10 07:39:00,260.23,260.23,260.23,260.23,1
2025-03-10 07:42:00,260.24,260.24,260.24,260.24,1
2025-03-10 07:46:00,260.3,260.3,260.3,260.3,8
2025-03-10 07:48:00,260.24,260.24,260.2,260.2,50
2025-03-10 07:51:00,260.1,260.18,260.01,260.01,854
2025-03-10 07:52:00,260.0,260.02,259.96,260.02,24
2025-03-10 07:54:00,260.11,260.11,260.11,260.11,1
2025-03-10 07:56:00,260.0,260.0,259.74,259.74,103
2025-03-10 07:57:00,260.03,260.03,260.03,260.03,1
2025-03-10 07:59:00,260.03,260.13,260.03,260.13,28
2025-03-10 08:00:00,261.535,262.9988,242.0012,261.54,902
2025-03-10 08:01:00,259.65,261.54,259.62,259.62,281
2025-03-10 08:02:00,261.54,261.54,259.6,261.54,239
2025-03-10 08:03:00,259.6,259.6,259.6,259.6,167
2025-03-10 08:04:00,259.6,259.6,259.6,259.6,100
2025-03-10 08:05:00,261.54,261.54,259.6,259.6,139
2025-03-10 08:06:00,259.615,259.615,259.615,259.615,5
2025-03-10 08:08:00,259.82,259.82,259.6,259.6,52
2025-03-10 08:09:00,259.6001,259.6001,259.6001,259.6001,15
2025-03-10 08:10:00,259.6,259.6,259.6,259.6,51
2025-03-10 08:12:00,259.6,259.77,259.6,259.61,202
2025-03-10 08:13:00,259.6,259.72,259.6,259.72,797
2025-03-10 08:14:00,259.72,259.79,259.7,259.7,208
2025-03-10 08:15:00,259.7,259.7,259.7,259.7,100
2025-03-10 08:17:00,259.8,259.8,259.8,259.8,1
2025-03-10 08:18:00,259.72,259.83,259.7,259.83,432
2025-03-10 08:19:00,259.72,259.72,259.72,259.72,2
2025-03-10 08:21:00,259.82,259.96,259.82,259.96,96
2025-03-10 08:22:00,259.84,259.84,259.84,259.84,5
2025-03-10 08:23:00,259.98,259.98,259.98,259.98,1
2025-03-10 08:24:00,259.81,259.85,259.81,259.85,16
2025-03-10 08:25:00,259.7,259.99,259.7,259.99,903
2025-03-10 08:26:00,259.81,259.98,259.75,259.75,505
2025-03-10 08:27:00,259.82,259.85,259.75,259.75,55
2025-03-10 08:28:00,259.999,259.999,259.999,259.999,10
2025-03-10 08:30:00,259.75,259.95,259.66,259.95,251
2025-03-10 08:33:00,259.75,259.75,259.75,259.75,1
2025-03-10 08:34:00,259.75,259.75,259.75,259.75,51
2025-03-10 08:35:00,259.66,259.66,259.61,259.61,199
2025-03-10 08:36:00,259.6,259.6001,259.6,259.6001,11
2025-03-10 08:37:00,259.6,259.6,259.6,259.6,60
2025-03-10 08:38:00,259.6,259.99,259.6,259.99,21
2025-03-10 08:39:00,259.64,259.64,259.64,259.64,8
2025-03-10 08:40:00,259.62,259.64,259.6,259.6201,228
2025-03-10 08:41:00,259.64,259.93,259.62,259.62,119
2025-03-10 08:42:00,259.63,259.63,259.63,259.63,1
2025-03-10 08:43:00,259.93,259.96,259.62,259.62,85
2025-03-10 08:44:00,259.65,259.65,259.65,259.65,7
2025-03-10 08:45:00,259.62,259.68,259.62,259.68,26
2025-03-10 08:47:00,259.67,259.67,259.67,259.67,10
2025-03-10 08:49:00,259.62,259.62,259.62,259.62,4
2025-03-10 08:50:00,259.62,259.6201,259.62,259.6201,104
2025-03-10 08:51:00,259.8,259.98,259.8,259.98,37
2025-03-10 08:52:00,259.99,260.09,259.6395,260.09,81
2025-03-10 08:55:00,260.1,260.5,259.83,260.5,1054
2025-03-10 08:56:00,260.42,260.47,258.99,259.2,2118
2025-03-10 08:58:00,259.6,259.71,259.2,259.6603,461
2025-03-10 08:59:00,259.7,259.71,259.6603,259.6603,280
2025-03-10 09:00:00,260.2725,260.2725,259.7,259.7,50
2025-03-10 09:01:00,259.7,259.7,259.6,259.6,2
2025-03-10 09:02:00,259.97,259.97,259.97,259.97,5
2025-03-10 09:03:00,260.2,260.2,260.2,260.2,1
2025-03-10 09:04:00,260.09,260.09,259.85,259.85,35
2025-03-10 09:05:00,259.7,259.72,259.59,259.6,277
2025-03-10 09:06:00,259.56,260.04,258.9,259.56,104
2025-03-10 09:07:00,259.5,261.05,258.9,261.0,6534
2025-03-10 09:08:00,261.0,261.05,260.0,260.0,276
2025-03-10 09:09:00,260.99,260.99,260.47,260.84,421
2025-03-10 09:10:00,260.99,261.29,260.0,260.9,314
2025-03-10 09:11:00,261.24,261.24,260.0001,260.0001,36
2025-03-10 09:12:00,260.0001,260.0001,260.0001,260.0001,1
2025-03-10 09:13:00,260.91,260.99,260.71,260.99,2622
2025-03-10 09:14:00,260.78,260.99,260.69,260.9,3187
2025-03-10 09:15:00,260.82,261.2,260.75,261.2,1225
2025-03-10 09:16:00,260.99,261.38,260.75,261.38,49
2025-03-10 09:17:00,261.0,261.0,261.0,261.0,1
2025-03-10 09:19:00,260.97,260.97,260.96,260.96,4
2025-03-10 09:20:00,261.19,261.19,261.19,261.19,1
2025-03-10 09:21:00,260.12,260.9,260.12,260.2,411
2025-03-10 09:22:00,260.99,260.99,260.99,260.99,2
2025-03-10 09:23:00,260.96,261.0,260.95,261.0,636
2025-03-10 09:24:00,261.02,261.3,261.0,261.0,37
2025-03-10 09:25:00,261.0,261.24,261.0,261.01,195
2025-03-10 09:26:00,261.28,261.28,261.0,261.01,24
2025-03-10 09:27:00,261.01,261.01,260.6,261.0,297
2025-03-10 09:28:00,260.65,261.0,260.55,260.95,2077
2025-03-10 09:29:00,260.95,261.78,260.71,261.78,4626
2025-03-10 09:30:00,261.56,266.45,260.5,266.0899,357645
2025-03-10 09:31:00,265.96,266.445,265.3,265.89,63666
2025-03-10 09:32:00,265.78,266.0,264.19,265.36,58646
2025-03-10 09:33:00,265.525,265.8699,264.0,264.125,60006
2025-03-10 09:34:00,264.125,264.125,262.68,262.975,65420
2025-03-10 09:35:00,263.16,263.46,262.47,262.5,32062
2025-03-10 09:36:00,262.705,262.82,262.0,262.63,29739
2025-03-10 09:37:00,262.5,263.41,262.36,263.06,19838
2025-03-10 09:38:00,263.13,263.52,263.13,263.295,12308
2025-03-10 09:39:00,263.29,263.71,263.1788,263.54,24865
2025-03-10 09:40:00,263.53,264.11,263.19,263.935,32401
2025-03-10 09:41:00,263.7452,263.925,262.65,262.65,23776
2025-03-10 09:42:00,262.475,263.26,262.47,262.85,46181
2025-03-10 09:43:00,262.98,263.32,262.82,263.055,19269
2025-03-10 09:44:00,263.0,263.14,262.78,262.975,20041
2025-03-10 09:45:00,262.975,263.15,262.87,263.06,16257
2025-03-10 09:46:00,262.95,263.05,262.5,262.585,26125
2025-03-10 09:47:00,262.46,262.9,261.8,261.8,22908
2025-03-10 09:48:00,261.78,261.94,261.46,261.6051,19074
2025-03-10 09:49:00,261.745,261.93,261.57,261.9,24663
2025-03-10 09:50:00,261.87,261.99,261.2,261.415,31429
2025-03-10 09:51:00,261.415,261.88,260.74,260.93,26974
2025-03-10 09:52:00,260.99,261.02,260.4807,261.0,11685
2025-03-10 09:53:00,260.95,261.35,260.66,261.1,21331
2025-03-10 09:54:00,261.145,261.43,260.8001,261.43,14827
2025-03-10 09:55:00,261.27,261.8361,261.26,261.505,15457
2025-03-10 09:56:00,261.51,262.0,261.22,261.675,19715
2025-03-10 09:57:00,261.675,262.72,261.675,262.59,26483
2025-03-10 09:58:00,262.43,263.5478,262.43,263.51,14645
2025-03-10 09:59:00,263.485,263.67,263.12,263.405,17470
2025-03-10 10:00:00,263.38,263.9699,262.89,263.8575,26482
2025-03-10 10:01:00,263.9,264.21,263.5,263.9067,24741
2025-03-10 10:02:00,264.13,264.4291,263.4801,263.67,48506
2025-03-10 10:03:00,263.71,263.73,262.62,262.755,23359
2025-03-10 10:04:00,262.67,263.13,262.41,263.04,20277
2025-03-10 10:05:00,263.18,263.77,263.18,263.19,30096
2025-03-10 10:06:00,263.34,263.43,262.76,263.38,21036
2025-03-10 10:07:00,263.52,263.99,263.425,263.815,17062
2025-03-10 10:08:00,263.75,264.025,263.48,263.855,25144
2025-03-10 10:09:00,263.85,264.03,263.49,263.625,22554
2025-03-10 10:10:00,263.625,264.091,263.47,263.935,13491
2025-03-10 10:11:00,263.96,264.71,263.88,264.71,18544
2025-03-10 10:12:00,264.58,264.85,264.3901,264.85,20050
2025-03-10 10:13:00,264.735,264.84,263.82,264.125,27345
2025-03-10 10:14:00,264.29,264.51,264.09,264.3,18077
2025-03-10 10:15:00,264.13,265.235,264.12,264.89,38674
2025-03-10 10:16:00,264.895,265.06,264.19,264.25,18639
2025-03-10 10:17:00,264.13,264.51,264.13,264.42,9489
2025-03-10 10:18:00,264.375,264.5,264.03,264.05,33544
2025-03-10 10:19:00,263.87,263.945,263.45,263.6985,23071
2025-03-10 10:20:00,263.87,264.0175,263.68,263.825,35854
2025-03-10 10:21:00,263.8,264.1599,263.63,263.805,26188
2025-03-10 10:22:00,263.64,264.1799,263.61,263.885,25752
2025-03-10 10:23:00,263.885,264.54,263.885,264.305,23033
2025-03-10 10:24:00,264.305,264.54,264.01,264.53,18360
2025-03-10 10:25:00,264.53,264.94,264.4401,264.725,10881
2025-03-10 10:26:00,264.9,265.05,264.69,265.05,25764
2025-03-10 10:27:00,264.95,265.02,264.57,264.64,15446
2025-03-10 10:28:00,264.6,264.95,264.5296,264.845,13149
2025-03-10 10:29:00,264.805,265.2,264.67,265.16,13468
2025-03-10 10:30:00,265.04,265.22,264.35,264.57,43963
2025-03-10 10:31:00,264.53,264.83,263.75,264.13,23157
2025-03-10 10:32:00,264.22,264.32,264.03,264.18,9151
2025-03-10 10:33:00,264.22,264.61,264.185,264.55,12665
2025-03-10 10:34:00,264.37,264.59,264.02,264.415,19759
2025-03-10 10:35:00,264.28,264.55,264.1,264.32,30460
2025-03-10 10:36:00,264.245,264.53,264.08,264.51,12574
2025-03-10 10:37:00,264.495,265.14,264.44,264.98,26929
2025-03-10 10:38:00,264.97,265.1099,264.66,264.66,18250
2025-03-10 10:39:00,264.765,264.775,264.42,264.66,15326
2025-03-10 10:40:00,264.75,264.75,263.875,264.3129,18393
2025-03-10 10:41:00,264.41,264.559,263.62,263.75,18496
2025-03-10 10:42:00,263.7,264.12,263.36,264.09,27019
2025-03-10 10:43:00,264.14,264.37,263.81,264.27,13913
2025-03-10 10:44:00,264.22,264.31,264.07,264.22,28928
2025-03-10 10:45:00,264.22,264.47,264.04,264.35,23249
2025-03-10 10:46:00,264.35,264.8,264.24,264.61,19032
2025-03-10 10:47:00,264.575,264.69,264.26,264.58,27374
2025-03-10 10:48:00,264.58,265.03,264.495,264.955,13177
2025-03-10 10:49:00,265.0,265.05,264.47,264.95,18325
2025-03-10 10:50:00,264.95,264.987,264.52,264.66,16391
2025-03-10 10:51:00,264.48,264.83,264.42,264.83,13310
2025-03-10 10:52:00,264.85,264.85,264.4653,264.578,10438
2025-03-10 10:53:00,264.44,264.65,264.32,264.49,19146
2025-03-10 10:54:00,264.545,264.545,264.05,264.115,16854
2025-03-10 10:55:00,264.06,264.11,263.81,263.81,32686
2025-03-10 10:56:00,263.845,264.06,263.503,263.64,19276
2025-03-10 10:57:00,263.7,263.8,263.47,263.6,13343
2025-03-10 10:58:00,263.55,263.55,262.865,262.98,27977
2025-03-10 10:59:00,263.09,263.33,262.97,263.26,18066
2025-03-10 11:00:00,263.28,263.52,263.0,263.17,20179
2025-03-10 11:01:00,263.3,263.9755,263.18,263.85,15995
2025-03-10 11:02:00,263.87,264.35,263.67,264.35,21220
2025-03-10 11:03:00,264.3405,264.3405,263.91,264.02,16096
2025-03-10 11:04:00,264.135,264.15,263.92,264.005,12095
2025-03-10 11:05:00,263.89,264.17,263.63,263.64,25155
2025-03-10 11:06:00,263.68,264.64,263.55,264.55,30025
2025-03-10 11:07:00,264.55,264.9,264.24,264.9,26767
2025-03-10 11:08:00,264.95,264.95,264.71,264.815,10208
2025-03-10 11:09:00,264.86,264.94,264.53,264.76,23895
2025-03-10 11:10:00,264.79,264.85,264.64,264.85,15994
2025-03-10 11:11:00,264.81,264.84,264.601,264.7284,8163
2025-03-10 11:12:00,264.86,265.23,264.65,265.21,25754
2025-03-10 11:13:00,265.32,265.4,265.11,265.285,18207
2025-03-10 11:14:00,265.39,265.7,265.3,265.58,26096
2025-03-10 11:15:00,265.61,265.87,265.49,265.805,12272
2025-03-10 11:16:00,265.805,265.95,265.32,265.472,32910
2025-03-10 11:17:00,265.58,265.63,265.11,265.19,25908
2025-03-10 11:18:00,265.185,265.28,264.55,264.615,24757
2025-03-10 11:19:00,264.54,264.54,264.22,264.3669,14312
2025-03-10 11:20:00,264.42,264.52,264.13,264.18,16669
2025-03-10 11:21:00,264.29,264.56,264.2,264.52,10758
2025-03-10 11:22:00,264.56,264.93,264.56,264.93,9383
2025-03-10 11:23:00,264.755,264.9494,264.6588,264.92,13088
2025-03-10 11:24:00,264.9,264.94,264.7001,264.7001,7954
2025-03-10 11:25:00,264.7,264.72,264.5358,264.655,10279
2025-03-10 11:26:00,264.655,264.6745,264.5,264.565,8706
2025-03-10 11:27:00,264.555,264.58,263.91,264.0767,13769
2025-03-10 11:28:00,263.995,264.2,263.9001,264.19,7702
2025-03-10 11:29:00,264.075,264.14,263.85,263.905,11292
2025-03-10 11:30:00,263.97,264.2491,263.965,264.15,11651
2025-03-10 11:31:00,264.145,264.29,264.01,264.01,14129
2025-03-10 11:32:00,264.02,264.17,263.8928,264.1412,12028
2025-03-10 11:33:00,264.0142,264.31,263.89,264.31,11822
2025-03-10 11:34:00,264.205,264.3,263.85,263.965,12521
2025-03-10 11:35:00,264.01,264.18,263.82,263.88,11158
2025-03-10 11:36:00,263.8686,264.07,263.856,263.975,10397
2025-03-10 11:37:00,264.0,264.15,263.81,263.89,10900
2025-03-10 11:38:00,263.8328,264.04,263.65,263.74,24173
2025-03-10 11:39:00,263.6133,263.7,263.06,263.06,21400
2025-03-10 11:40:00,263.08,263.27,262.96,263.095,23046
2025-03-10 11:41:00,263.04,263.0699,262.56,262.56,14100
2025-03-10 11:42:00,262.505,262.505,262.07,262.09,16141
2025-03-10 11:43:00,262.08,262.36,261.8715,262.0,27571
2025-03-10 11:44:00,261.9,261.97,261.69,261.88,19657
2025-03-10 11:45:00,261.87,261.93,261.6,261.75,18658
2025-03-10 11:46:00,261.68,261.9,261.47,261.6,24851
2025-03-10 11:47:00,261.64,261.9799,261.5175,261.89,16637
2025-03-10 11:48:00,261.89,262.47,261.89,262.41,14129
2025-03-10 11:49:00,262.41,262.84,262.32,262.6898,19609
2025-03-10 11:50:00,262.7825,262.9899,262.66,262.88,12447
2025-03-10 11:51:00,262.87,263.03,262.59,262.99,24380
2025-03-10 11:52:00,262.93,263.19,262.74,262.9,15118
2025-03-10 11:53:00,262.82,263.01,262.74,262.774,9017
2025-03-10 11:54:00,262.895,262.9508,262.82,262.9508,7220
2025-03-10 11:55:00,262.865,262.99,262.68,262.99,12078
2025-03-10 11:56:00,262.9703,262.9703,262.59,262.665,16175
2025-03-10 11:57:00,262.74,263.38,262.7,263.38,11010
2025-03-10 11:58:00,263.255,263.38,263.132,263.24,9630
2025-03-10 11:59:00,263.33,263.7,263.32,263.52,8647
2025-03-10 12:00:00,263.7,264.06,263.66,263.8031,10138
2025-03-10 12:01:00,263.84,264.22,263.79,263.9367,12117
2025-03-10 12:02:00,264.09,264.3,263.97,264.055,15398
2025-03-10 12:03:00,264.015,264.1,263.91,263.955,12554
2025-03-10 12:04:00,263.85,263.98,263.6,263.61,14656
2025-03-10 12:05:00,263.7,263.74,263.6,263.7,7454
2025-03-10 12:06:00,263.68,264.0277,263.68,263.92,6631
2025-03-10 12:07:00,264.03,264.07,263.55,263.64,10697
2025-03-10 12:08:00,263.625,263.74,263.56,263.685,2491
2025-03-10 12:09:00,263.68,263.97,263.68,263.97,4125
2025-03-10 12:10:00,263.89,264.11,263.8875,264.075,11248
2025-03-10 12:11:00,264.17,264.17,263.94,264.06,10821
2025-03-10 12:12:00,263.995,264.02,263.86,263.92,5515
2025-03-10 12:13:00,263.97,264.0886,263.8739,264.0,7718
2025-03-10 12:14:00,264.05,264.37,264.03,264.37,10641
2025-03-10 12:15:00,264.39,264.39,264.04,264.16,13718
2025-03-10 12:16:00,264.18,264.29,264.07,264.175,11865
2025-03-10 12:17:00,264.19,264.25,263.96,264.055,11274
2025-03-10 12:18:00,264.14,264.14,263.828,263.9,14306
2025-03-10 12:19:00,263.895,263.95,263.81,263.824,6642
2025-03-10 12:20:00,263.87,264.07,263.47,263.47,13160
2025-03-10 12:21:00,263.49,263.58,263.34,263.5048,15592
2025-03-10 12:22:00,263.525,263.62,263.43,263.58,6192
2025-03-10 12:23:00,263.545,263.62,263.29,263.34,11430
2025-03-10 12:24:00,263.315,263.76,263.22,263.76,5614
2025-03-10 12:25:00,263.705,263.81,263.4447,263.8,10454
2025-03-10 12:26:00,263.705,263.8099,263.61,263.715,4685
2025-03-10 12:27:00,263.7639,263.81,263.6,263.64,8412
2025-03-10 12:28:00,263.72,263.87,263.6,263.87,7311
2025-03-10 12:29:00,263.88,263.88,263.64,263.71,6133
2025-03-10 12:30:00,263.8,263.89,263.64,263.855,7718
2025-03-10 12:31:00,263.835,263.835,263.38,263.6,14313
2025-03-10 12:32:00,263.67,263.85,263.67,263.67,4928
2025-03-10 12:33:00,263.85,264.0,263.4114,263.96,11287
2025-03-10 12:34:00,263.96,264.105,263.8115,264.105,7578
2025-03-10 12:35:00,264.06,264.0999,263.81,263.845,6195
2025-03-10 12:36:00,263.8771,263.96,263.77,263.8011,8816
2025-03-10 12:37:00,263.865,264.15,263.79,264.1499,6756
2025-03-10 12:38:00,264.16,264.26,264.0,264.065,12419
2025-03-10 12:39:00,264.15,264.15,263.5,263.63,11476
2025-03-10 12:40:00,263.52,263.67,263.461,263.52,5548
2025-03-10 12:41:00,263.56,263.73,263.46,263.48,9659
2025-03-10 12:42:00,263.67,263.78,263.47,263.78,5150
2025-03-10 12:43:00,263.83,264.075,263.81,263.9,11477
2025-03-10 12:44:00,263.88,263.88,263.55,263.59,7241
2025-03-10 12:45:00,263.59,263.68,263.51,263.595,9455
2025-03-10 12:46:00,263.65,263.89,263.64,263.74,11638
2025-03-10 12:47:00,263.82,263.84,263.755,263.7675,5287
2025-03-10 12:48:00,263.84,263.89,263.59,263.6464,8091
2025-03-10 12:49:00,263.735,263.79,263.6492,263.74,3730
2025-03-10 12:50:00,263.82,263.82,263.63,263.77,6827
2025-03-10 12:51:00,263.71,263.84,263.61,263.805,7806
2025-03-10 12:52:00,263.89,263.89,263.56,263.76,7878
2025-03-10 12:53:00,263.89,263.97,263.6766,263.81,6842
2025-03-10 12:54:00,263.82,263.85,263.63,263.68,10008
2025-03-10 12:55:00,263.81,263.89,263.74,263.81,9021
2025-03-10 12:56:00,263.87,264.091,263.79,264.03,10239
2025-03-10 12:57:00,264.03,264.14,263.96,264.115,14601
2025-03-10 12:58:00,264.1,264.11,263.74,263.81,12725
2025-03-10 12:59:00,263.72,263.91,263.69,263.75,5902
2025-03-10 13:00:00,263.69,263.76,263.56,263.68,6819
2025-03-10 13:01:00,263.62,263.62,263.42,263.47,7340
2025-03-10 13:02:00,263.5308,263.57,263.04,263.39,11426
2025-03-10 13:03:00,263.29,263.31,263.0726,263.17,7261
2025-03-10 13:04:00,263.17,263.175,263.04,263.115,7877
2025-03-10 13:05:00,263.15,263.33,263.05,263.32,6409
2025-03-10 13:06:00,263.18,263.34,263.17,263.22,14630
2025-03-10 13:07:00,263.165,263.19,263.05,263.17,8448
2025-03-10 13:08:00,263.115,263.115,262.97,263.06,9019
2025-03-10 13:09:00,262.97,263.01,262.78,262.84,9852
2025-03-10 13:10:00,262.84,262.84,262.64,262.805,14126
2025-03-10 13:11:00,262.805,262.805,262.49,262.72,13756
2025-03-10 13:12:00,262.71,262.7645,262.55,262.5743,9029
2025-03-10 13:13:00,262.74,262.8577,262.63,262.76,6129
2025-03-10 13:14:00,262.81,262.89,262.65,262.845,5343
2025-03-10 13:15:00,262.77,262.855,262.66,262.7,6869
2025-03-10 13:16:00,262.7,262.705,262.24,262.335,23803
2025-03-10 13:17:00,262.32,262.58,262.2,262.295,17093
2025-03-10 13:18:00,262.23,262.3242,262.16,262.1601,5235
2025-03-10 13:19:00,262.18,262.36,262.15,262.25,7404
2025-03-10 13:20:00,262.25,262.55,262.16,262.54,17214
2025-03-10 13:21:00,262.53,262.59,262.44,262.54,31208
2025-03-10 13:22:00,262.55,262.65,262.34,262.65,11299
2025-03-10 13:23:00,262.618,262.75,262.5304,262.57,6702
2025-03-10 13:24:00,262.665,262.72,262.57,262.65,4950
2025-03-10 13:25:00,262.57,262.65,262.2,262.23,11720
2025-03-10 13:26:00,262.2,262.45,262.18,262.45,10473
2025-03-10 13:27:00,262.45,262.48,262.335,262.42,5693
2025-03-10 13:28:00,262.45,262.48,262.3787,262.395,4885
2025-03-10 13:29:00,262.3203,262.395,262.11,262.24,15696
2025-03-10 13:30:00,262.25,262.26,261.3801,261.47,15237
2025-03-10 13:31:00,261.43,261.56,261.21,261.42,10184
2025-03-10 13:32:00,261.53,261.75,261.47,261.64,8906
2025-03-10 13:33:00,261.64,261.87,261.64,261.775,4723
2025-03-10 13:34:00,261.775,261.775,261.38,261.53,13876
2025-03-10 13:35:00,261.48,261.74,261.3916,261.74,5991
2025-03-10 13:36:00,261.71,261.87,261.63,261.79,12233
2025-03-10 13:37:00,261.71,261.73,261.51,261.63,7749
2025-03-10 13:38:00,261.63,261.88,261.63,261.88,6703
2025-03-10 13:39:00,261.91,262.03,261.79,261.89,13056
2025-03-10 13:40:00,261.89,261.895,261.67,261.74,5138
2025-03-10 13:41:00,261.785,261.82,261.73,261.82,3106
2025-03-10 13:42:00,261.69,261.9699,261.69,261.875,6509
2025-03-10 13:43:00,261.7962,261.85,261.39,261.4575,11756
2025-03-10 13:44:00,261.475,261.52,261.27,261.27,8133
2025-03-10 13:45:00,261.385,261.7,261.29,261.7,20519
2025-03-10 13:46:00,261.696,261.696,261.34,261.34,9487
2025-03-10 13:47:00,261.48,261.68,261.27,261.58,9455
2025-03-10 13:48:00,261.68,261.7599,261.53,261.7599,3077
2025-03-10 13:49:00,261.655,261.6887,261.52,261.605,4695
2025-03-10 13:50:00,261.52,261.59,261.4,261.525,13309
2025-03-10 13:51:00,261.4,261.5,260.97,261.01,21782
2025-03-10 13:52:00,261.085,261.12,260.8723,260.92,12325
2025-03-10 13:53:00,261.02,261.466,260.9216,261.35,15092
2025-03-10 13:54:00,261.35,261.51,261.26,261.29,12544
2025-03-10 13:55:00,261.25,261.43,261.06,261.13,13505
2025-03-10 13:56:00,261.0582,261.13,260.71,260.725,8155
2025-03-10 13:57:00,260.71,260.95,260.7,260.88,8665
2025-03-10 13:58:00,260.88,261.03,260.77,260.9,16912
2025-03-10 13:59:00,260.88,260.97,260.7932,260.91,4489
2025-03-10 14:00:00,260.9186,261.09,260.83,261.07,11305
2025-03-10 14:01:00,261.13,261.29,261.09,261.1825,4672
2025-03-10 14:02:00,261.175,261.4,261.1275,261.4,8314
2025-03-10 14:03:00,261.27,261.31,260.84,260.84,37782
2025-03-10 14:04:00,260.85,260.92,260.64,260.8692,9911
2025-03-10 14:05:00,260.815,260.92,260.8,260.84,3049
2025-03-10 14:06:00,260.835,260.93,260.66,260.885,10634
2025-03-10 14:07:00,260.885,260.97,260.76,260.81,5364
2025-03-10 14:08:00,260.885,260.885,260.57,260.62,8890
2025-03-10 14:09:00,260.6,260.79,260.37,260.78,19701
2025-03-10 14:10:00,260.83,260.9736,260.66,260.8231,17067
2025-03-10 14:11:00,260.735,261.38,260.66,260.84,31989
2025-03-10 14:12:00,260.76,260.9348,260.7,260.9,4034
2025-03-10 14:13:00,260.8,260.805,260.5,260.625,10312
2025-03-10 14:14:00,260.61,260.71,260.6,260.64,4323
2025-03-10 14:15:00,260.64,260.8711,260.63,260.848,12700
2025-03-10 14:16:00,260.71,260.89,260.69,260.69,6161
2025-03-10 14:17:00,260.785,260.87,260.71,260.87,5368
2025-03-10 14:18:00,260.83,260.9581,260.7608,260.87,14223
2025-03-10 14:19:00,260.78,260.85,260.37,260.465,9942
2025-03-10 14:20:00,260.52,260.58,260.16,260.255,7602
2025-03-10 14:21:00,260.255,260.36,259.94,259.99,34164
2025-03-10 14:22:00,259.96,260.005,259.65,260.0,17736
2025-03-10 14:23:00,259.99,260.03,259.79,259.865,9720
2025-03-10 14:24:00,259.9,260.07,259.87,259.945,9908
2025-03-10 14:25:00,260.005,260.14,259.75,259.895,20831
2025-03-10 14:26:00,259.915,259.96,259.69,259.755,10430
2025-03-10 14:27:00,259.755,259.93,259.7,259.8,5509
2025-03-10 14:28:00,259.9,259.9,259.7196,259.82,3968
2025-03-10 14:29:00,259.89,259.9899,259.7,259.9899,9917
2025-03-10 14:30:00,259.905,260.08,259.72,259.805,27104
2025-03-10 14:31:00,259.795,259.93,259.69,259.81,6944
2025-03-10 14:32:00,259.88,259.9,259.5473,259.5473,13813
2025-03-10 14:33:00,259.62,259.62,259.3919,259.475,12219
2025-03-10 14:34:00,259.47,259.49,259.3,259.4,11488
2025-03-10 14:35:00,259.4,259.4492,259.31,259.365,11873
2025-03-10 14:36:00,259.365,259.3999,259.23,259.35,8761
2025-03-10 14:37:00,259.31,259.32,258.93,258.9975,33296
2025-03-10 14:38:00,258.96,259.03,258.77,258.78,15689
2025-03-10 14:39:00,258.8775,258.8775,258.64,258.76,32809
2025-03-10 14:40:00,258.67,258.72,258.44,258.53,9211
2025-03-10 14:41:00,258.53,258.62,258.32,258.505,28324
2025-03-10 14:42:00,258.505,258.67,258.42,258.61,13237
2025-03-10 14:43:00,258.595,258.69,258.52,258.615,9704
2025-03-10 14:44:00,258.52,258.615,258.41,258.51,14505
2025-03-10 14:45:00,258.515,258.65,258.34,258.535,12709
2025-03-10 14:46:00,258.535,258.54,258.25,258.3,15155
2025-03-10 14:47:00,258.28,258.3,257.89,257.92,14434
2025-03-10 14:48:00,257.985,257.985,257.69,257.76,13954
2025-03-10 14:49:00,257.75,257.75,257.43,257.6075,43678
2025-03-10 14:50:00,257.64,257.79,257.51,257.52,10375
2025-03-10 14:51:00,257.59,257.78,257.55,257.75,14226
2025-03-10 14:52:00,257.735,258.0,257.53,258.0,21601
2025-03-10 14:53:00,258.0,258.06,257.71,257.87,18907
2025-03-10 14:54:00,257.835,257.915,257.42,257.45,12381
2025-03-10 14:55:00,257.465,257.465,257.02,257.07,11523
2025-03-10 14:56:00,257.055,257.15,256.79,256.98,15096
2025-03-10 14:57:00,257.25,257.55,257.12,257.485,22696
2025-03-10 14:58:00,257.46,257.49,257.18,257.435,12382
2025-03-10 14:59:00,257.43,257.5,257.25,257.41,9380
2025-03-10 15:00:00,257.39,257.7,257.32,257.635,16675
2025-03-10 15:01:00,257.71,257.85,257.59,257.605,13074
2025-03-10 15:02:00,257.67,258.08,257.61,258.02,8908
2025-03-10 15:03:00,257.97,258.01,257.66,257.66,13816
2025-03-10 15:04:00,257.73,257.73,257.25,257.39,11455
2025-03-10 15:05:00,257.41,257.75,257.35,257.35,26628
2025-03-10 15:06:00,257.32,257.32,257.07,257.07,6917
2025-03-10 15:07:00,257.16,257.16,256.24,256.24,25965
2025-03-10 15:08:00,256.09,256.32,255.9201,256.09,34494
2025-03-10 15:09:00,256.16,256.17,255.93,256.015,28994
2025-03-10 15:10:00,255.93,256.315,255.89,255.97,24436
2025-03-10 15:11:00,256.0,256.22,255.79,256.22,14826
2025-03-10 15:12:00,256.22,256.49,256.15,256.415,10626
2025-03-10 15:13:00,256.415,256.51,256.3,256.45,11020
2025-03-10 15:14:00,256.47,256.79,256.28,256.765,10346
2025-03-10 15:15:00,256.77,257.17,256.68,257.03,15483
2025-03-10 15:16:00,256.99,257.19,256.73,256.87,30330
2025-03-10 15:17:00,256.875,256.9,256.47,256.52,15878
2025-03-10 15:18:00,256.55,256.55,256.26,256.26,7970
2025-03-10 15:19:00,256.36,256.48,256.04,256.21,42902
2025-03-10 15:20:00,256.14,256.31,255.87,255.93,15513
2025-03-10 15:21:00,256.02,256.33,255.91,255.915,16942
2025-03-10 15:22:00,255.97,256.23,255.87,255.87,19581
2025-03-10 15:23:00,255.82,256.14,255.6001,256.055,13938
2025-03-10 15:24:00,256.0475,256.14,255.86,256.05,18213
2025-03-10 15:25:00,255.96,256.16,255.96,256.12,16535
2025-03-10 15:26:00,256.14,256.27,255.95,256.165,31501
2025-03-10 15:27:00,256.17,256.43,256.0101,256.31,33419
2025-03-10 15:28:00,256.36,256.55,256.31,256.38,23348
2025-03-10 15:29:00,256.4,256.41,256.09,256.104,21555
2025-03-10 15:30:00,256.155,256.57,256.1,256.44,27241
2025-03-10 15:31:00,256.37,256.54,256.26,256.26,17264
2025-03-10 15:32:00,256.24,256.5699,256.16,256.515,15929
2025-03-10 15:33:00,256.515,256.54,256.29,256.34,23666
2025-03-10 15:34:00,256.3875,256.61,256.33,256.54,41252
2025-03-10 15:35:00,256.52,256.665,256.29,256.35,43106
2025-03-10 15:36:00,256.35,256.35,255.94,256.095,26214
2025-03-10 15:37:00,256.11,256.27,255.94,255.995,12853
2025-03-10 15:38:00,255.98,256.04,255.83,255.9,15085
2025-03-10 15:39:00,255.95,256.16,255.87,256.09,14873
2025-03-10 15:40:00,256.09,256.17,255.8,255.8,25582
2025-03-10 15:41:00,255.79,255.94,255.485,255.89,15508
2025-03-10 15:42:00,255.8,255.835,255.2,255.275,16964
2025-03-10 15:43:00,255.35,255.66,255.275,255.344,15311
2025-03-10 15:44:00,255.49,255.56,254.7474,254.7474,21587
2025-03-10 15:45:00,254.835,255.16,254.835,255.025,28106
2025-03-10 15:46:00,255.025,255.54,254.89,255.5,29743
2025-03-10 15:47:00,255.5,255.72,255.35,255.71,18635
2025-03-10 15:48:00,255.77,256.02,255.56,255.585,22244
2025-03-10 15:49:00,255.585,256.08,255.56,255.94,21328
2025-03-10 15:50:00,256.01,256.45,255.97,256.31,35058
2025-03-10 15:51:00,256.36,256.625,256.31,256.445,35557
2025-03-10 15:52:00,256.445,257.19,256.445,257.065,34749
2025-03-10 15:53:00,257.05,257.24,256.81,256.86,46415
2025-03-10 15:54:00,256.815,257.11,256.65,257.11,38353
2025-03-10 15:55:00,257.12,257.48,257.07,257.25,51028
2025-03-10 15:56:00,257.35,257.58,257.19,257.46,73002
2025-03-10 15:57:00,257.49,257.71,257.13,257.14,65633
2025-03-10 15:58:00,257.125,257.21,256.9,257.04,79795
2025-03-10 15:59:00,256.99,257.01,256.65,256.96,161406
2025-03-10 16:00:00,256.96,256.96,256.87,256.9,1486197
2025-03-10 16:01:00,256.9,256.9,256.44,256.9,40370
2025-03-10 16:02:00,256.9,257.79,256.9,256.9,29811
2025-03-10 16:03:00,256.9,257.71,256.9,256.9,62730
2025-03-10 16:04:00,257.71,257.82,256.91,257.82,112
2025-03-10 16:05:00,256.9,257.24,256.9,257.24,1659
2025-03-10 16:07:00,257.21,257.82,256.9,257.21,2056
2025-03-10 16:08:00,256.9,256.9,256.9,256.9,19899
2025-03-10 16:09:00,257.7125,257.7125,257.5,257.5,16
2025-03-10 16:10:00,256.9,256.9,256.9,256.9,695486
2025-03-10 16:11:00,257.69,257.69,257.69,257.69,109
2025-03-10 16:12:00,257.41,257.41,257.41,257.41,5
2025-03-10 16:13:00,256.9,256.9,256.9,256.9,167
2025-03-10 16:15:00,256.9,256.9,256.9,256.9,2
2025-03-10 16:16:00,257.82,257.82,257.82,257.82,8
2025-03-10 16:17:00,257.7895,257.7895,257.41,257.41,510
2025-03-10 16:19:00,257.4,257.4,257.4,257.4,2
2025-03-10 16:20:00,256.9,257.4,256.7,257.4,1981
2025-03-10 16:21:00,256.25,257.13,256.25,257.01,30
2025-03-10 16:22:00,256.44,256.991,256.44,256.991,302
2025-03-10 16:24:00,257.4,257.4,256.94,256.95,132
2025-03-10 16:25:00,256.95,264.97,256.95,263.215,2347
2025-03-10 16:26:00,256.9,256.9,256.73,256.73,935
2025-03-10 16:27:00,257.7928,257.7928,257.4,257.4,12
2025-03-10 16:29:00,256.74,257.5,256.74,257.5,30
2025-03-10 16:30:00,256.73,256.73,256.73,256.73,1
2025-03-10 16:31:00,257.82,257.82,256.74,256.74,2
2025-03-10 16:32:00,256.9,256.9,256.9,256.9,26055
2025-03-10 16:34:00,256.73,256.73,256.73,256.73,116
2025-03-10 16:35:00,256.99,256.99,256.75,256.75,73
2025-03-10 16:36:00,256.74,256.74,256.74,256.74,1
2025-03-10 16:37:00,257.41,257.41,257.41,257.41,10
2025-03-10 16:39:00,257.23,257.23,257.2,257.2,25
2025-03-10 16:40:00,257.41,257.41,257.2,257.2,15
2025-03-10 16:43:00,257.21,257.21,257.21,257.21,1
2025-03-10 16:44:00,257.0,257.0,257.0,257.0,4
2025-03-10 16:46:00,257.0,257.0,257.0,257.0,4
2025-03-10 16:47:00,257.22,257.22,257.22,257.22,1
2025-03-10 16:48:00,257.22,257.22,256.83,256.83,5
2025-03-10 16:49:00,257.21,257.21,257.01,257.01,20
2025-03-10 16:50:00,257.0,257.301,257.0,257.12,41
2025-03-10 16:51:00,257.35,257.35,257.35,257.35,25
2025-03-10 16:52:00,256.97,257.265,256.97,257.265,12
2025-03-10 16:53:00,256.518,256.518,256.518,256.518,10
2025-03-10 16:54:00,256.88,256.88,256.83,256.83,7
2025-03-10 16:55:00,257.0,257.0,256.48,256.58,72
2025-03-10 16:57:00,257.82,257.82,256.9,256.9,3
2025-03-10 17:00:00,257.0,257.0,257.0,257.0,75
2025-03-10 17:03:00,257.22,257.22,256.98,256.98,15
2025-03-10 17:04:00,256.59,256.59,256.59,256.59,1
2025-03-10 17:05:00,257.3,257.3,257.3,257.3,2
2025-03-10 17:06:00,256.59,256.59,256.59,256.59,2
2025-03-10 17:09:00,257.292,257.292,257.292,257.292,10
2025-03-10 17:10:00,257.0,257.0,256.5901,256.5901,40
2025-03-10 17:11:00,257.0,257.3,257.0,257.3,3
2025-03-10 17:12:00,257.0,257.0,257.0,257.0,4
2025-03-10 17:14:00,257.2999,257.2999,257.2999,257.2999,10
2025-03-10 17:19:00,257.11,257.24,257.11,257.24,64
2025-03-10 17:21:00,257.3,257.3,257.3,257.3,2
2025-03-10 17:22:00,257.2823,257.2823,257.2823,257.2823,5
2025-03-10 17:26:00,257.15,257.21,257.15,257.21,8
2025-03-10 17:27:00,257.21,257.21,257.05,257.05,12
2025-03-10 17:28:00,257.0,257.05,257.0,257.05,2
2025-03-10 17:29:00,257.24,257.24,257.24,257.24,7
2025-03-10 17:31:00,257.0,257.0,257.0,257.0,3
2025-03-10 17:32:00,257.29,257.29,257.29,257.29,1
2025-03-10 17:34:00,257.3,257.3,257.3,257.3,13
2025-03-10 17:37:00,257.0,257.0,257.0,257.0,2
2025-03-10 17:38:00,257.3,257.3,257.3,257.3,35
2025-03-10 17:40:00,257.3,257.3,257.3,257.3,10
2025-03-10 17:41:00,257.21,257.3,257.21,257.3,700
2025-03-10 17:42:00,256.59,257.29,256.59,257.29,4
2025-03-10 17:43:00,256.59,256.59,256.59,256.59,500
2025-03-10 17:46:00,257.02,257.02,257.02,257.02,1
2025-03-10 17:49:00,257.3,257.3,257.3,257.3,8
2025-03-10 17:50:00,257.3,257.3,257.3,257.3,16
2025-03-10 17:52:00,257.3,257.3,257.3,257.3,16
2025-03-10 17:53:00,257.3,257.3,257.3,257.3,1
2025-03-10 17:54:00,257.3,257.3,257.3,257.3,5
2025-03-10 17:56:00,257.02,257.02,257.0,257.0,147
2025-03-10 17:57:00,257.0,257.2988,257.0,257.2988,25
2025-03-10 17:58:00,257.0,257.0,257.0,257.0,8
2025-03-10 18:00:00,257.0,257.65,257.0,257.41,377
2025-03-10 18:02:00,257.04,257.04,257.04,257.04,5
2025-03-10 18:03:00,257.36,257.41,257.3,257.3,8
2025-03-10 18:06:00,257.3,257.3,257.3,257.3,1
2025-03-10 18:08:00,257.04,257.04,256.9,256.9,4
2025-03-10 18:10:00,256.94,256.94,256.9,256.9,100
2025-03-10 18:16:00,256.9,257.27,256.9,257.27,21
2025-03-10 18:17:00,256.75,256.75,256.75,256.75,1
2025-03-10 18:18:00,257.26,257.26,257.26,257.26,4
2025-03-10 18:19:00,257.26,257.26,257.26,257.26,1
2025-03-10 18:20:00,260.91,260.91,256.59,256.9,5
2025-03-10 18:21:00,256.9,256.9,256.9,256.9,36
2025-03-10 18:23:00,256.87,256.87,256.87,256.87,3
2025-03-10 18:24:00,256.96,256.96,256.77,256.77,13
2025-03-10 18:25:00,257.25,257.29,257.25,257.26,32
2025-03-10 18:26:00,257.26,257.26,257.26,257.26,114
2025-03-10 18:27:00,256.6,256.6,256.6,256.6,2
2025-03-10 18:28:00,257.26,258.0,256.59,256.59,139
2025-03-10 18:29:00,256.9,256.9,256.9,256.9,1
2025-03-10 18:30:00,256.9,258.5,256.9,257.99,695649
2025-03-10 18:31:00,258.0,258.0,258.0,258.0,4
2025-03-10 18:33:00,257.99,257.99,257.99,257.99,10
2025-03-10 18:34:00,258.0,258.0,258.0,258.0,5
2025-03-10 18:35:00,256.59,256.59,256.59,256.59,2
2025-03-10 18:36:00,257.99,258.45,256.7002,256.7002,42
2025-03-10 18:38:00,257.16,257.16,257.16,257.16,2
2025-03-10 18:40:00,258.4,258.4,258.4,258.4,8
2025-03-10 18:41:00,257.4,257.4,257.4,257.4,5
2025-03-10 18:43:00,257.4,257.4,256.59,256.59,80
2025-03-10 18:44:00,257.01,257.01,257.01,257.01,22
2025-03-10 18:45:00,256.96,257.0,256.9,256.9,8
2025-03-10 18:46:00,256.59,256.59,256.59,256.59,5
2025-03-10 18:48:00,260.56,260.56,260.56,260.56,1
2025-03-10 18:50:00,256.9,256.9,256.9,256.9,3
2025-03-10 18:51:00,257.4,257.4,257.4,257.4,1
2025-03-10 18:52:00,257.01,257.01,256.59,256.59,62
2025-03-10 18:53:00,257.39,257.39,257.39,257.39,5
2025-03-10 19:00:00,256.9,256.9,256.9,256.9,695486
2025-03-10 19:02:00,256.59,256.59,256.59,256.59,4
2025-03-10 19:03:00,259.9148,259.9148,257.01,257.01,17
2025-03-10 19:05:00,257.75,257.75,257.0,257.0,15
2025-03-10 19:06:00,257.03,257.03,257.0,257.0,35
2025-03-10 19:07:00,257.83,257.99,257.83,257.99,60
2025-03-10 19:09:00,256.91,256.91,256.9,256.9,301
2025-03-10 19:13:00,257.01,257.01,257.01,257.01,18
2025-03-10 19:14:00,257.0,257.0,256.89,256.9,230
2025-03-10 19:15:00,256.59,256.86,256.59,256.86,138
2025-03-10 19:17:00,256.9,256.9,256.9,256.9,1
2025-03-10 19:21:00,256.9,256.9,256.9,256.9,9
2025-03-10 19:22:00,256.89,256.9,256.89,256.9,73
2025-03-10 19:24:00,256.9,256.9,256.8775,256.9,325
2025-03-10 19:26:00,256.6,257.8,256.6,257.8,18
2025-03-10 19:27:00,257.8,257.8,257.8,257.8,8
2025-03-10 19:29:00,257.0,257.0,256.61,256.61,100
2025-03-10 19:30:00,256.6,256.6,256.59,256.59,31
2025-03-10 19:31:00,256.41,256.41,256.41,256.41,5
2025-03-10 19:32:00,256.59,256.6,256.59,256.6,173
2025-03-10 19:34:00,256.04,256.04,256.04,256.04,25
2025-03-10 19:35:00,257.84,258.0,257.84,258.0,105
2025-03-10 19:36:00,256.52,256.6,256.44,256.44,111
2025-03-10 19:37:00,256.0,257.49,256.0,256.44,128
2025-03-10 19:38:00,256.9,258.0,256.9,257.49,70
2025-03-10 19:39:00,257.5,258.42,256.0,258.42,50
2025-03-10 19:41:00,257.99,257.99,257.99,257.99,24
2025-03-10 19:43:00,257.99,258.43,257.99,258.43,72
2025-03-10 19:44:00,258.43,258.43,258.42,258.42,24
2025-03-10 19:45:00,258.4,258.75,258.4,258.44,133
2025-03-10 19:46:00,258.0,258.0,258.0,258.0,48
2025-03-10 19:47:00,258.0,258.75,256.04,256.04,38
2025-03-10 19:48:00,258.74,258.74,258.74,258.74,16
2025-03-10 19:49:00,258.74,258.99,258.69,258.69,120
2025-03-10 19:50:00,258.0,258.0,258.0,258.0,2
2025-03-10 19:51:00,257.13,258.49,256.91,257.0,129
2025-03-10 19:52:00,256.04,258.0,256.04,256.04,57
2025-03-10 19:53:00,257.99,258.97,257.99,258.97,32
2025-03-10 19:54:00,258.69,258.99,256.04,256.139,288
2025-03-10 19:55:00,258.99,258.99,258.99,258.99,24
2025-03-10 19:56:00,258.99,259.0,258.99,259.0,184
2025-03-10 19:57:00,258.99,259.0,258.99,259.0,96
2025-03-10 19:58:00,259.0,259.0,258.99,258.99,40
2025-03-10 19:59:00,258.99,259.91,258.9,259.91,47
2025-03-11 04:00:00,256.3,259.15,256.3,256.9,74
2025-03-11 04:01:00,256.89,256.89,256.89,256.89,10
2025-03-11 04:02:00,256.9,256.9,256.9,256.9,6
2025-03-11 04:03:00,256.89,257.1,256.89,256.9,9
2025-03-11 04:04:00,257.02,257.02,257.02,257.02,4
2025-03-11 04:05:00,257.1,257.1,257.1,257.1,12
2025-03-11 04:06:00,257.35,257.35,257.35,257.35,1
2025-03-11 04:08:00,258.3,258.4,257.51,257.51,49
2025-03-11 04:09:00,257.52,257.52,257.52,257.52,9
2025-03-11 04:12:00,258.15,258.15,258.15,258.15,1
2025-03-11 04:20:00,257.6,257.6,257.6,257.6,9
2025-03-11 04:23:00,258.1,258.87,257.94,258.87,477
2025-03-11 04:30:00,258.12,258.12,258.12,258.12,13
2025-03-11 04:33:00,258.85,258.85,258.85,258.85,1
2025-03-11 04:36:00,258.9,258.9,258.15,258.15,10
2025-03-11 04:45:00,258.13,258.13,258.13,258.13,5
2025-03-11 04:46:00,258.13,258.13,258.13,258.13,2
2025-03-11 04:54:00,258.23,258.23,258.23,258.23,76
2025-03-11 04:56:00,258.49,258.68,258.49,258.67,248
2025-03-11 04:57:00,258.55,258.55,258.55,258.55,2
2025-03-11 04:59:00,258.19,258.58,258.18,258.58,59
2025-03-11 05:00:00,258.26,258.26,258.19,258.19,89
2025-03-11 05:02:00,258.11,258.19,257.81,257.81,20
2025-03-11 05:04:00,258.14,258.14,258.14,258.14,2
2025-03-11 05:18:00,257.82,257.82,257.82,257.82,40
2025-03-11 05:19:00,257.8,257.8,257.8,257.8,3
2025-03-11 05:20:00,257.8,257.8,257.8,257.8,6
2025-03-11 05:22:00,257.83,257.83,257.83,257.83,5
2025-03-11 05:23:00,257.83,257.83,257.7,257.73,16
2025-03-11 05:26:00,258.0,258.0,258.0,258.0,1
2025-03-11 05:28:00,258.05,258.07,257.9,257.9,4
2025-03-11 05:29:00,257.73,257.73,257.57,257.57,15
2025-03-11 05:30:00,257.57,257.71,257.57,257.66,12
2025-03-11 05:31:00,257.66,257.66,257.66,257.66,5
2025-03-11 05:32:00,257.99,257.99,257.56,257.99,54
2025-03-11 05:39:00,257.99,257.99,257.99,257.99,75
2025-03-11 05:45:00,257.96,257.99,257.96,257.99,31
2025-03-11 05:47:00,257.9,257.95,257.9,257.95,54
2025-03-11 05:48:00,257.6,257.98,257.6,257.98,3
2025-03-11 05:50:00,257.53,257.53,257.53,257.53,3
2025-03-11 05:51:00,257.6,257.6,257.6,257.6,10
2025-03-11 06:01:00,257.6,257.6,257.5,257.58,68
2025-03-11 06:05:00,257.54,257.54,257.54,257.54,10
2025-03-11 06:07:00,257.7,257.7,257.7,257.7,8
2025-03-11 06:10:00,257.52,257.52,257.5,257.5,15
2025-03-11 06:12:00,257.51,257.52,257.5,257.5,30
2025-03-11 06:17:00,257.75,257.75,257.75,257.75,1
2025-03-11 06:21:00,257.51,257.51,257.5,257.5,26
2025-03-11 06:22:00,257.62,257.62,257.62,257.62,5
2025-03-11 06:23:00,257.57,257.57,257.57,257.57,4
2025-03-11 06:27:00,257.6,257.6,257.5,257.5,19
2025-03-11 06:51:00,257.63,257.63,257.56,257.56,46
2025-03-11 06:55:00,257.55,257.55,257.55,257.55,10
2025-03-11 06:56:00,257.56,257.56,257.56,257.56,2
2025-03-11 06:57:00,257.7,257.78,257.7,257.78,300
2025-03-11 06:58:00,257.78,257.81,257.78,257.78,55
2025-03-11 06:59:00,257.81,257.84,257.8,257.8,84
2025-03-11 07:00:00,257.94,257.94,257.76,257.76,26
2025-03-11 07:02:00,257.8,257.8,257.8,257.8,15
2025-03-11 07:04:00,257.8,257.8,257.8,257.8,9
2025-03-11 07:05:00,257.57,257.67,257.0,257.0,720
2025-03-11 07:08:00,257.42,257.42,257.16,257.16,48
2025-03-11 07:11:00,257.2,257.21,257.2,257.21,15
2025-03-11 07:12:00,257.41,257.48,257.41,257.48,16
2025-03-11 07:13:00,257.56,257.56,257.55,257.55,16
2025-03-11 07:14:00,257.42,257.52,257.42,257.52,24
2025-03-11 07:15:00,257.57,257.57,257.12,257.54,269
2025-03-11 07:16:00,257.41,257.45,257.41,257.44,165
2025-03-11 07:17:00,257.21,257.21,257.02,257.02,49
2025-03-11 07:19:00,257.29,257.29,257.29,257.29,25
2025-03-11 07:22:00,257.45,257.5,257.45,257.5,10
2025-03-11 07:23:00,257.49,257.5,257.49,257.49,700
2025-03-11 07:27:00,257.67,257.67,257.64,257.67,27
2025-03-11 07:30:00,257.74,257.85,257.74,257.85,79
2025-03-11 07:31:00,257.87,258.22,257.87,257.98,42
2025-03-11 07:32:00,257.9,257.9,257.9,257.9,1
2025-03-11 07:37:00,257.96,257.99,257.92,257.92,359
2025-03-11 07:39:00,257.94,257.94,257.94,257.94,8
2025-03-11 07:41:00,257.94,257.96,257.92,257.92,116
2025-03-11 07:45:00,258.01,258.01,258.01,258.01,10
2025-03-11 07:46:00,258.09,258.09,258.09,258.09,101
2025-03-11 07:47:00,257.99,257.99,257.9,257.94,123
2025-03-11 07:48:00,257.84,257.84,257.84,257.84,11
2025-03-11 07:52:00,257.84,257.84,257.56,257.65,501
2025-03-11 07:55:00,257.62,257.62,257.62,257.62,1
2025-03-11 07:59:00,257.86,257.88,257.57,257.57,102
2025-03-11 08:00:00,258.41,259.2,244.0012,257.1012,824
2025-03-11 08:01:00,257.6,257.6,257.6,257.6,1
2025-03-11 08:02:00,256.9,256.9,256.9,256.9,30
2025-03-11 08:03:00,256.9,256.9,256.9,256.9,3
2025-03-11 08:04:00,257.8,257.8,257.8,257.8,1
2025-03-11 08:05:00,256.9,257.61,256.9,257.61,11
2025-03-11 08:06:00,257.79,257.79,257.79,257.79,2
2025-03-11 08:09:00,257.78,257.78,257.6,257.6,11
2025-03-11 08:10:00,257.79,257.79,257.6,257.6,100
2025-03-11 08:11:00,257.55,257.55,257.55,257.55,25
2025-03-11 08:12:00,257.5,257.51,256.9,256.9,436
2025-03-11 08:13:00,256.9,256.9,256.9,256.9,1
2025-03-11 08:14:00,257.24,257.3,257.24,257.3,80
2025-03-11 08:15:00,257.8,257.8,257.22,257.22,15
2025-03-11 08:16:00,256.79,256.79,256.79,256.79,1
2025-03-11 08:17:00,257.0,257.38,257.0,257.38,3
2025-03-11 08:19:00,257.15,257.15,257.15,257.15,3
2025-03-11 08:20:00,257.16,257.16,257.16,257.16,7
2025-03-11 08:21:00,257.02,257.38,257.02,257.38,6
2025-03-11 08:23:00,257.4,257.6999,257.4,257.6999,106
2025-03-11 08:24:00,257.4,257.4,257.4,257.4,21
2025-03-11 08:28:00,257.2,257.2,256.94,256.94,196
2025-03-11 08:30:00,256.91,256.91,256.4,256.4,11
2025-03-11 08:32:00,256.4,256.92,256.4,256.92,42
2025-03-11 08:33:00,257.0,257.1,256.92,257.1,11
2025-03-11 08:34:00,257.1,257.3999,257.1,257.3999,2
2025-03-11 08:36:00,256.92,256.99,256.9,256.99,44
2025-03-11 08:37:00,256.8947,256.8947,256.67,256.67,40
2025-03-11 08:38:00,256.84,256.84,256.84,256.84,2
2025-03-11 08:39:00,256.52,256.52,256.3,256.3,295
2025-03-11 08:40:00,256.52,256.52,256.52,256.52,3
2025-03-11 08:41:00,256.5,256.51,256.4,256.4,153
2025-03-11 08:42:00,256.3,256.3,256.3,256.3,5
2025-03-11 08:43:00,256.4,256.74,256.32,256.74,219
2025-03-11 08:46:00,256.5,256.5,256.48,256.48,144
2025-03-11 08:48:00,256.49,256.49,256.46,256.46,59
2025-03-11 08:49:00,256.46,256.46,256.46,256.46,27
2025-03-11 08:51:00,256.3001,256.36,256.3001,256.36,20
2025-03-11 08:53:00,256.31,256.45,256.31,256.45,12
2025-03-11 08:56:00,256.4,256.44,256.4,256.44,20
2025-03-11 08:57:00,256.69,256.69,256.69,256.69,5
2025-03-11 08:58:00,256.32,256.44,256.32,256.44,24
2025-03-11 09:00:00,256.38,256.4,255.6,256.33,618
2025-03-11 09:01:00,256.22,256.4,256.21,256.4,308
2025-03-11 09:02:00,256.59,256.59,255.7,256.3,247
2025-03-11 09:03:00,256.59,256.59,255.6,255.7,3
2025-03-11 09:04:00,256.49,256.59,256.49,256.59,51
2025-03-11 09:05:00,256.2,256.29,256.2,256.29,24
2025-03-11 09:06:00,256.2,256.59,255.5,255.5,33
2025-03-11 09:07:00,256.25,256.25,256.25,256.25,2
2025-03-11 09:09:00,256.5725,256.5725,256.5725,256.5725,25
2025-03-11 09:10:00,256.2,256.2,256.2,256.2,7
2025-03-11 09:11:00,256.56,256.56,256.05,256.4,31
2025-03-11 09:12:00,256.4999,256.5,256.4993,256.4993,58
2025-03-11 09:15:00,256.47,256.47,256.47,256.47,1
2025-03-11 09:16:00,255.0,256.36,255.0,255.6199,4524
2025-03-11 09:17:00,256.05,256.05,252.04,254.99,2132
2025-03-11 09:18:00,254.61,254.9,254.19,254.21,196
2025-03-11 09:19:00,254.48,254.9,254.21,254.8,54
2025-03-11 09:20:00,254.48,254.59,253.63,254.59,257
2025-03-11 09:21:00,254.21,254.8,254.21,254.53,47
2025-03-11 09:22:00,254.8,254.8,254.5,254.56,80
2025-03-11 09:23:00,254.8,254.8,254.8,254.8,100
2025-03-11 09:24:00,254.48,254.59,254.46,254.59,48
2025-03-11 09:25:00,254.39,254.69,253.14,254.32,249
2025-03-11 09:27:00,254.19,254.6,254.14,254.57,1306
2025-03-11 09:28:00,254.09,254.54,254.09,254.54,7
2025-03-11 09:29:00,254.18,254.6,254.18,254.6,305
2025-03-11 09:30:00,255.99,256.7,254.0,255.7,144198
2025-03-11 09:31:00,256.0,256.2618,254.71,255.98,33159
2025-03-11 09:32:00,255.0,256.28,254.935,255.895,42085
2025-03-11 09:33:00,255.897,256.26,254.0001,254.0098,37561
2025-03-11 09:34:00,254.49,254.49,254.01,254.09,12125
2025-03-11 09:35:00,254.22,254.35,252.37,252.6,28002
2025-03-11 09:36:00,252.63,253.9325,252.6,253.228,23513
2025-03-11 09:37:00,253.24,253.99,253.11,253.6767,18847
2025-03-11 09:38:00,253.78,254.24,253.24,253.9475,20400
2025-03-11 09:39:00,253.985,254.2,253.53,253.86,14175
2025-03-11 09:40:00,253.855,254.145,253.38,253.9,23433
2025-03-11 09:41:00,254.0,254.07,253.32,253.79,9196
2025-03-11 09:42:00,254.15,254.34,253.77,254.21,7484
2025-03-11 09:43:00,254.19,254.5458,254.156,254.26,10001
2025-03-11 09:44:00,254.04,254.42,253.98,254.42,5353
2025-03-11 09:45:00,254.13,254.51,253.27,253.54,12316
2025-03-11 09:46:00,253.385,253.94,253.22,253.785,11328
2025-03-11 09:47:00,253.92,254.37,253.78,254.18,15057
2025-03-11 09:48:00,254.37,254.85,254.235,254.6407,6173
2025-03-11 09:49:00,254.74,255.38,254.5,254.88,14368
2025-03-11 09:50:00,254.99,255.04,254.5293,254.93,6386
2025-03-11 09:51:00,255.02,255.25,254.5518,254.79,17747
2025-03-11 09:52:00,254.79,254.9,254.0001,254.0001,15366
2025-03-11 09:53:00,254.17,254.26,253.8467,254.18,7907
2025-03-11 09:54:00,254.15,254.15,253.83,253.905,14675
2025-03-11 09:55:00,253.995,253.995,253.1925,253.635,12427
2025-03-11 09:56:00,253.76,253.76,253.23,253.26,7408
2025-03-11 09:57:00,253.3,253.3,252.5394,252.73,7834
2025-03-11 09:58:00,252.8053,252.9,252.64,252.78,21436
2025-03-11 09:59:00,252.775,253.0,252.2636,252.73,8113
2025-03-11 10:00:00,252.56,254.24,251.975,254.17,31400
2025-03-11 10:01:00,254.41,254.53,253.24,253.24,19689
2025-03-11 10:02:00,253.29,253.4,252.39,252.39,10883
2025-03-11 10:03:00,252.47,252.74,252.2671,252.495,9664
2025-03-11 10:04:00,252.2901,252.78,252.09,252.74,9257
2025-03-11 10:05:00,252.69,252.77,252.36,252.43,7942
2025-03-11 10:06:00,252.43,252.66,252.19,252.35,6286
2025-03-11 10:07:00,252.35,252.42,252.0,252.35,24079
2025-03-11 10:08:00,252.39,252.82,252.29,252.57,11874
2025-03-11 10:09:00,252.57,253.53,252.57,253.32,15213
2025-03-11 10:10:00,253.39,253.39,252.34,252.34,6143
2025-03-11 10:11:00,252.35,252.36,251.645,251.645,20154
2025-03-11 10:12:00,251.86,252.13,251.71,251.865,13207
2025-03-11 10:13:00,252.01,252.28,251.82,252.025,18974
2025-03-11 10:14:00,252.01,252.39,251.88,252.39,19736
2025-03-11 10:15:00,252.4155,252.4155,251.95,252.34,3631
2025-03-11 10:16:00,252.39,252.41,251.435,251.435,9347
2025-03-11 10:17:00,251.585,251.7599,251.2369,251.55,12700
2025-03-11 10:18:00,251.75,251.87,251.6019,251.725,12152
2025-03-11 10:19:00,251.79,252.2,251.765,252.0076,10952
2025-03-11 10:20:00,252.075,252.18,251.645,251.925,24415
2025-03-11 10:21:00,251.925,252.33,251.71,251.71,32014
2025-03-11 10:22:00,251.75,251.7788,251.5632,251.7,10521
2025-03-11 10:23:00,251.63,251.98,251.37,251.855,35175
2025-03-11 10:24:00,251.855,252.11,251.62,251.84,15754
2025-03-11 10:25:00,251.82,251.8577,251.28,251.46,11475
2025-03-11 10:26:00,251.33,251.6,251.0,251.0,17074
2025-03-11 10:27:00,251.115,251.24,251.0,251.155,8878
2025-03-11 10:28:00,251.13,251.285,251.03,251.285,9112
2025-03-11 10:29:00,251.24,251.41,250.97,250.97,6947
2025-03-11 10:30:00,251.03,251.65,250.995,251.42,42050
2025-03-11 10:31:00,251.53,251.89,251.505,251.89,7193
2025-03-11 10:32:00,251.73,252.21,251.67,251.77,15077
2025-03-11 10:33:00,251.77,251.8721,251.54,251.755,44480
2025-03-11 10:34:00,251.755,251.755,251.02,251.27,23318
2025-03-11 10:35:00,251.45,251.5802,251.25,251.44,7067
2025-03-11 10:36:00,251.4335,251.66,251.09,251.35,16374
2025-03-11 10:37:00,251.3,251.44,250.82,250.95,7777
2025-03-11 10:38:00,250.82,250.82,250.04,250.24,21548
2025-03-11 10:39:00,250.33,250.54,250.14,250.28,37215
2025-03-11 10:40:00,250.295,250.67,250.17,250.26,16558
2025-03-11 10:41:00,250.17,250.32,249.93,250.1326,19070
2025-03-11 10:42:00,250.13,250.45,250.11,250.12,33604
2025-03-11 10:43:00,250.08,250.79,250.0601,250.562,12550
2025-03-11 10:44:00,251.0,251.08,250.64,250.76,7755
2025-03-11 10:45:00,250.5901,250.89,250.59,250.806,18038
2025-03-11 10:46:00,250.8,251.3708,250.8,251.085,17383
2025-03-11 10:47:00,250.98,250.98,250.7215,250.85,4562
2025-03-11 10:48:00,250.845,250.8968,250.42,250.545,7146
2025-03-11 10:49:00,250.545,250.545,250.0,250.09,35137
2025-03-11 10:50:00,250.17,250.58,250.12,250.545,12290
2025-03-11 10:51:00,250.54,250.67,250.12,250.57,11675
2025-03-11 10:52:00,250.48,250.86,250.29,250.86,16036
2025-03-11 10:53:00,250.96,251.12,250.78,250.905,11721
2025-03-11 10:54:00,250.9,251.125,250.8636,251.125,9856
2025-03-11 10:55:00,251.01,251.01,250.53,250.9077,27472
2025-03-11 10:56:00,250.83,250.94,250.64,250.76,17350
2025-03-11 10:57:00,250.66,250.74,250.2601,250.5,8152
2025-03-11 10:58:00,250.415,250.71,250.3998,250.525,9846
2025-03-11 10:59:00,250.51,250.68,250.02,250.225,18647
2025-03-11 11:00:00,250.22,250.46,250.01,250.46,23856
2025-03-11 11:01:00,250.51,250.9953,250.42,250.56,9164
2025-03-11 11:02:00,250.46,250.46,250.0611,250.245,8004
2025-03-11 11:03:00,250.245,250.45,250.23,250.3575,6834
2025-03-11 11:04:00,250.33,250.47,250.168,250.35,11155
2025-03-11 11:05:00,250.35,250.8916,250.35,250.805,6589
2025-03-11 11:06:00,250.84,251.2,250.71,251.16,9463
2025-03-11 11:07:00,251.07,251.66,251.01,251.42,11063
2025-03-11 11:08:00,251.4234,251.45,251.0101,251.18,12625
2025-03-11 11:09:00,251.27,251.76,251.27,251.72,6228
2025-03-11 11:10:00,251.72,251.745,251.5001,251.71,8913
2025-03-11 11:11:00,251.785,251.94,251.7465,251.81,8004
2025-03-11 11:12:00,251.93,252.22,251.93,252.09,7670
2025-03-11 11:13:00,251.99,252.01,251.72,251.895,10076
2025-03-11 11:14:00,251.895,251.93,251.7,251.86,13002
2025-03-11 11:15:00,251.97,252.3,251.97,252.2064,11091
2025-03-11 11:16:00,252.02,252.1,251.85,252.09,7459
2025-03-11 11:17:00,252.12,252.28,252.09,252.23,11499
2025-03-11 11:18:00,252.18,252.18,251.743,251.95,6973
2025-03-11 11:19:00,251.97,252.08,251.82,251.91,7031
2025-03-11 11:20:00,251.91,251.96,251.79,251.9,3395
2025-03-11 11:21:00,251.79,251.945,251.78,251.935,6415
2025-03-11 11:22:00,251.86,251.98,251.51,251.66,10340
2025-03-11 11:23:00,251.67,251.67,251.29,251.2947,5323
2025-03-11 11:24:00,251.325,251.45,251.07,251.07,6351
2025-03-11 11:25:00,251.195,251.33,251.07,251.1,4299
2025-03-11 11:26:00,251.1984,251.35,251.09,251.33,7070
2025-03-11 11:27:00,251.33,251.33,250.73,250.81,13746
2025-03-11 11:28:00,250.805,250.96,250.6925,250.925,8095
2025-03-11 11:29:00,250.925,250.979,250.56,250.81,10964
2025-03-11 11:30:00,250.82,250.93,250.695,250.865,4665
2025-03-11 11:31:00,250.88,251.06,250.88,250.96,6164
2025-03-11 11:32:00,251.1,251.28,250.9525,251.24,5394
2025-03-11 11:33:00,251.18,251.19,250.89,251.04,6421
2025-03-11 11:34:00,251.11,251.16,251.0,251.05,2978
2025-03-11 11:35:00,251.15,251.18,251.08,251.08,2435
2025-03-11 11:36:00,251.075,251.18,251.07,251.18,3694
2025-03-11 11:37:00,251.13,251.17,250.66,250.66,6947
2025-03-11 11:38:00,250.66,250.7,250.53,250.655,3803
2025-03-11 11:39:00,250.7,250.79,250.6116,250.7,5249
2025-03-11 11:40:00,250.76,251.22,250.76,251.07,13399
2025-03-11 11:41:00,251.12,251.265,250.96,251.11,9364
2025-03-11 11:42:00,251.18,251.44,251.09,251.1982,6901
2025-03-11 11:43:00,251.3143,251.82,251.215,251.61,17959
2025-03-11 11:44:00,251.615,251.615,251.27,251.27,5290
2025-03-11 11:45:00,251.425,251.57,251.22,251.22,5175
2025-03-11 11:46:00,251.01,251.27,251.01,251.2374,4832
2025-03-11 11:47:00,251.1,251.26,250.94,251.26,2812
2025-03-11 11:48:00,251.1824,251.66,251.1824,251.57,7768
2025-03-11 11:49:00,251.69,251.69,251.51,251.65,3695
2025-03-11 11:50:00,251.61,251.8799,251.57,251.635,4425
2025-03-11 11:51:00,251.635,251.635,251.3501,251.3501,7452
2025-03-11 11:52:00,251.54,251.66,251.35,251.505,6420
2025-03-11 11:53:00,251.338,251.47,251.15,251.47,4963
2025-03-11 11:54:00,251.41,251.49,251.22,251.41,5579
2025-03-11 11:55:00,251.31,251.5,251.25,251.25,10964
2025-03-11 11:56:00,251.18,251.27,251.03,251.085,8687
2025-03-11 11:57:00,251.09,251.2199,250.97,251.21,3251
2025-03-11 11:58:00,251.12,251.125,250.74,250.75,11451
2025-03-11 11:59:00,250.6996,250.8474,250.5,250.66,6872
2025-03-11 12:00:00,250.7999,250.7999,250.2975,250.355,13467
2025-03-11 12:01:00,250.3,250.5,250.29,250.425,14221
2025-03-11 12:02:00,250.5,250.765,250.44,250.61,40416
2025-03-11 12:03:00,250.74,250.8381,250.28,250.345,5554
2025-03-11 12:04:00,250.295,250.295,250.2,250.215,2466
2025-03-11 12:05:00,250.2,250.25,250.13,250.19,2511
2025-03-11 12:06:00,250.28,250.32,249.7,249.862,7847
2025-03-11 12:07:00,249.7,249.805,249.5105,249.53,5838
2025-03-11 12:08:00,249.6,249.73,249.57,249.57,2400
2025-03-11 12:09:00,249.42,249.47,249.2,249.295,10919
2025-03-11 12:10:00,249.2,249.29,248.97,249.04,11728
2025-03-11 12:11:00,249.17,249.26,249.03,249.145,4608
2025-03-11 12:12:00,249.145,249.4699,249.04,249.04,15391
2025-03-11 12:13:00,249.04,249.05,248.8808,248.8808,3695
2025-03-11 12:14:00,248.88,248.97,248.4644,248.575,4259
2025-03-11 12:15:00,248.72,249.1,248.59,249.1,13566
2025-03-11 12:16:00,249.11,249.13,248.97,249.0,3855
2025-03-11 12:17:00,249.015,249.0498,248.806,248.845,4389
2025-03-11 12:18:00,248.865,249.05,248.845,249.05,5696
2025-03-11 12:19:00,249.02,249.175,249.0,249.04,7916
2025-03-11 12:20:00,249.0,249.11,248.83,249.08,9725
2025-03-11 12:21:00,249.11,249.21,248.995,249.145,6468
2025-03-11 12:22:00,249.0878,249.5,249.0878,249.5,5774
2025-03-11 12:23:00,249.375,249.48,249.26,249.33,4062
2025-03-11 12:24:00,249.3,249.3,249.2212,249.26,3443
2025-03-11 12:25:00,249.335,249.4799,249.21,249.365,12138
2025-03-11 12:26:00,249.38,249.64,249.29,249.56,8195
2025-03-11 12:27:00,249.56,249.56,249.08,249.32,10408
2025-03-11 12:28:00,249.431,249.48,249.17,249.21,4480
2025-03-11 12:29:00,249.225,249.225,249.08,249.155,4997
2025-03-11 12:30:00,249.28,249.515,249.19,249.3165,6878
2025-03-11 12:31:00,249.37,249.37,249.13,249.13,4929
2025-03-11 12:32:00,249.08,249.29,249.08,249.26,6729
2025-03-11 12:33:00,249.13,249.2,249.01,249.2,7942
2025-03-11 12:34:00,249.23,249.34,249.085,249.155,5940
2025-03-11 12:35:00,249.16,249.34,249.0701,249.24,6384
2025-03-11 12:36:00,249.3052,249.56,249.3052,249.425,7297
2025-03-11 12:37:00,249.4074,249.4074,249.07,249.27,3906
2025-03-11 12:38:00,249.145,249.145,248.76,248.96,9053
2025-03-11 12:39:00,248.895,249.22,248.895,249.095,16413
2025-03-11 12:40:00,249.21,249.255,248.89,248.89,4612
2025-03-11 12:41:00,248.81,249.11,248.81,248.985,8745
2025-03-11 12:42:00,249.0,249.4,248.99,249.4,8034
2025-03-11 12:43:00,249.35,249.72,249.32,249.5,19695
2025-03-11 12:44:00,249.5,249.5,249.125,249.28,6741
2025-03-11 12:45:00,249.13,249.38,249.11,249.16,5284
2025-03-11 12:46:00,249.17,249.17,248.97,248.97,2603
2025-03-11 12:47:00,249.1399,249.27,249.0,249.0,8374
2025-03-11 12:48:00,249.075,249.15,248.925,249.035,6033
2025-03-11 12:49:00,249.065,249.2,249.01,249.01,5137
2025-03-11 12:50:00,248.95,248.95,248.75,248.75,2681
2025-03-11 12:51:00,248.815,248.9649,248.79,248.875,4061
2025-03-11 12:52:00,248.88,248.88,248.64,248.74,7401
2025-03-11 12:53:00,248.66,248.68,248.3,248.32,5838
2025-03-11 12:54:00,248.35,248.44,248.26,248.29,4230
2025-03-11 12:55:00,248.37,248.59,248.37,248.41,7486
2025-03-11 12:56:00,248.415,248.5672,248.32,248.395,10380
2025-03-11 12:57:00,248.33,248.36,248.0,248.14,34327
2025-03-11 12:58:00,248.155,248.55,248.09,248.3521,6697
2025-03-11 12:59:00,248.49,248.565,248.4055,248.565,5039
2025-03-11 13:00:00,248.565,248.67,248.56,248.595,6685
2025-03-11 13:01:00,248.6,248.7,248.55,248.63,7713
2025-03-11 13:02:00,248.63,248.63,248.09,248.265,6961
2025-03-11 13:03:00,248.28,248.3879,248.12,248.19,3611
2025-03-11 13:04:00,248.4,248.4,248.06,248.22,13416
2025-03-11 13:05:00,248.22,248.45,248.22,248.41,23389
2025-03-11 13:06:00,248.34,248.34,247.89,247.99,5806
2025-03-11 13:07:00,248.01,248.07,247.85,248.01,5898
2025-03-11 13:08:00,248.08,248.11,247.89,247.91,6319
2025-03-11 13:09:00,247.88,248.0,247.72,248.0,5390
2025-03-11 13:10:00,248.0,248.13,247.78,247.92,9775
2025-03-11 13:11:00,247.95,248.05,247.78,247.84,3877
2025-03-11 13:12:00,247.77,247.84,247.6766,247.795,6773
2025-03-11 13:13:00,247.795,247.83,247.54,247.675,16143
2025-03-11 13:14:00,247.675,247.7,247.58,247.64,5185
2025-03-11 13:15:00,247.665,247.8,247.51,247.8,9987
2025-03-11 13:16:00,247.695,247.7999,247.62,247.62,3747
2025-03-11 13:17:00,247.68,247.92,247.68,247.9009,10179
2025-03-11 13:18:00,247.9,248.05,247.67,248.05,6708
2025-03-11 13:19:00,247.91,247.935,247.7,247.815,4708
2025-03-11 13:20:00,247.82,247.87,247.73,247.77,3373
2025-03-11 13:21:00,247.77,247.77,247.16,247.16,6843
2025-03-11 13:22:00,247.21,247.4,246.885,246.932,8520
2025-03-11 13:23:00,246.995,247.0999,246.81,247.0,6567
2025-03-11 13:24:00,246.75,247.11,246.75,247.065,10493
2025-03-11 13:25:00,247.05,247.2037,246.99,247.01,7720
2025-03-11 13:26:00,247.12,247.12,246.64,246.77,8706
2025-03-11 13:27:00,246.79,246.92,246.6501,246.92,7168
2025-03-11 13:28:00,246.92,246.94,246.65,246.73,13985
2025-03-11 13:29:00,246.81,246.88,246.71,246.75,19550
2025-03-11 13:30:00,246.75,247.185,246.62,246.83,36615
2025-03-11 13:31:00,246.87,246.87,246.6,246.79,8059
2025-03-11 13:32:00,246.785,246.8648,246.5662,246.5662,8355
2025-03-11 13:33:00,246.527,246.68,246.51,246.655,6485
2025-03-11 13:34:00,246.6,246.77,246.33,246.52,16560
2025-03-11 13:35:00,246.4825,246.54,246.17,246.28,6437
2025-03-11 13:36:00,246.3,246.4,246.11,246.265,12953
2025-03-11 13:37:00,246.24,246.28,246.03,246.11,6057
2025-03-11 13:38:00,246.082,246.11,245.86,246.055,17482
2025-03-11 13:39:00,246.0,246.45,245.98,246.425,42064
2025-03-11 13:40:00,246.57,246.64,246.49,246.51,4701
2025-03-11 13:41:00,246.56,246.73,246.56,246.705,7671
2025-03-11 13:42:00,246.67,246.9,246.6,246.6,16166
2025-03-11 13:43:00,246.61,246.63,246.39,246.5025,12195
2025-03-11 13:44:00,246.55,246.755,246.37,246.755,9562
2025-03-11 13:45:00,246.64,246.735,246.495,246.73,11545
2025-03-11 13:46:00,246.74,246.91,246.28,246.78,29132
2025-03-11 13:47:00,246.95,247.1524,246.86,247.1524,9443
2025-03-11 13:48:00,247.07,247.22,246.95,247.0478,8212
2025-03-11 13:49:00,247.08,247.21,246.83,246.83,12294
2025-03-11 13:50:00,246.785,247.09,246.74,247.02,8708
2025-03-11 13:51:00,247.135,247.3,246.84,247.26,11611
2025-03-11 13:52:00,247.28,247.4299,247.1072,247.21,8051
2025-03-11 13:53:00,247.225,247.225,246.85,247.05,6642
2025-03-11 13:54:00,247.1145,247.3,246.93,247.3,24780
2025-03-11 13:55:00,247.255,247.39,246.9,246.905,13367
2025-03-11 13:56:00,246.9001,247.03,246.76,246.91,5339
2025-03-11 13:57:00,246.96,246.96,246.65,246.65,9374
2025-03-11 13:58:00,246.62,247.37,246.51,246.9,18465
2025-03-11 13:59:00,247.05,247.21,246.9801,247.21,5941
2025-03-11 14:00:00,247.195,247.715,247.195,247.67,3903
2025-03-11 14:01:00,247.67,248.36,247.475,248.36,11055
2025-03-11 14:02:00,248.38,248.62,248.19,248.51,9457
2025-03-11 14:03:00,248.49,248.75,248.4,248.7182,4648
2025-03-11 14:04:00,248.68,248.7485,248.36,248.415,5769
2025-03-11 14:05:00,248.485,248.505,248.16,248.2,5746
2025-03-11 14:06:00,248.325,248.4073,248.29,248.348,2547
2025-03-11 14:07:00,248.45,248.9,248.45,248.86,5886
2025-03-11 14:08:00,248.85,249.12,248.85,249.12,4641
2025-03-11 14:09:00,249.01,249.1778,248.85,248.935,5792
2025-03-11 14:10:00,249.12,249.78,249.01,249.48,4013
2025-03-11 14:11:00,249.45,249.71,249.39,249.41,20637
2025-03-11 14:12:00,249.43,249.61,249.21,249.28,6283
2025-03-11 14:13:00,249.27,249.6,249.13,249.6,11736
2025-03-11 14:14:00,249.6,249.69,249.38,249.59,20478
2025-03-11 14:15:00,249.49,249.59,249.295,249.47,9952
2025-03-11 14:16:00,249.48,249.69,249.4,249.64,26162
2025-03-11 14:17:00,249.63,249.74,249.44,249.57,12208
2025-03-11 14:18:00,249.57,249.89,249.57,249.73,7922
2025-03-11 14:19:00,249.73,250.01,249.73,249.99,10008
2025-03-11 14:20:00,250.12,250.17,249.82,249.99,8072
2025-03-11 14:21:00,250.07,250.2825,249.82,250.1212,5344
2025-03-11 14:22:00,250.25,250.5,250.25,250.31,7689
2025-03-11 14:23:00,250.31,250.68,250.27,250.27,8428
2025-03-11 14:24:00,250.41,250.5,250.08,250.225,5390
2025-03-11 14:25:00,250.22,250.37,250.08,250.295,11559
2025-03-11 14:26:00,250.12,250.47,250.12,250.47,2942
2025-03-11 14:27:00,250.16,250.2905,250.0,250.01,11385
2025-03-11 14:28:00,250.24,250.35,250.1649,250.245,4185
2025-03-11 14:29:00,250.3,250.3,250.07,250.14,7843
2025-03-11 14:30:00,250.19,250.19,249.5,249.5,7784
2025-03-11 14:31:00,249.68,250.14,249.675,249.84,9124
2025-03-11 14:32:00,249.77,250.06,249.77,249.99,4641
2025-03-11 14:33:00,250.01,250.12,249.8,249.92,5625
2025-03-11 14:34:00,249.7,249.7,249.325,249.33,6851
2025-03-11 14:35:00,249.26,249.51,249.1301,249.51,7593
2025-03-11 14:36:00,249.41,249.7,249.41,249.7,9139
2025-03-11 14:37:00,249.69,249.71,249.4701,249.58,7318
2025-03-11 14:38:00,249.65,249.75,249.5,249.66,5257
2025-03-11 14:39:00,249.74,249.91,249.64,249.79,8547
2025-03-11 14:40:00,249.79,250.03,249.68,250.03,15751
2025-03-11 14:41:00,250.03,250.41,249.975,250.4,9854
2025-03-11 14:42:00,250.265,250.46,250.0,250.06,12968
2025-03-11 14:43:00,250.145,250.75,250.0547,250.75,16354
2025-03-11 14:44:00,250.72,251.02,250.72,250.825,12682
2025-03-11 14:45:00,250.88,251.04,250.72,250.85,11670
2025-03-11 14:46:00,250.94,251.19,250.88,250.98,10461
2025-03-11 14:47:00,250.97,250.97,250.69,250.765,7213
2025-03-11 14:48:00,250.715,250.9899,250.655,250.9899,6707
2025-03-11 14:49:00,250.89,250.99,250.81,250.99,8116
2025-03-11 14:50:00,250.905,251.185,250.905,250.93,8479
2025-03-11 14:51:00,250.9,251.196,250.9,251.09,7013
2025-03-11 14:52:00,251.13,251.2808,251.11,251.17,3571
2025-03-11 14:53:00,251.1483,251.3,251.145,251.19,5728
2025-03-11 14:54:00,251.195,251.7,251.195,251.24,22685
2025-03-11 14:55:00,251.23,251.39,250.91,250.99,12582
2025-03-11 14:56:00,251.21,251.42,251.06,251.19,19998
2025-03-11 14:57:00,251.19,251.59,251.02,251.555,6946
2025-03-11 14:58:00,251.63,251.88,251.555,251.655,13150
2025-03-11 14:59:00,251.55,251.79,251.55,251.595,8293
2025-03-11 15:00:00,251.645,251.89,251.51,251.71,19992
2025-03-11 15:01:00,251.765,251.765,251.44,251.715,7807
2025-03-11 15:02:00,251.64,251.685,251.17,251.225,11809
2025-03-11 15:03:00,251.195,251.35,251.14,251.15,7000
2025-03-11 15:04:00,251.155,251.38,251.155,251.295,4701
2025-03-11 15:05:00,251.295,251.54,251.12,251.12,8374
2025-03-11 15:06:00,251.1082,251.56,251.1082,251.28,10037
2025-03-11 15:07:00,251.3,251.78,251.18,251.6,9772
2025-03-11 15:08:00,251.595,251.78,251.35,251.5,6480
2025-03-11 15:09:00,251.465,251.6216,251.3,251.335,4667
2025-03-11 15:10:00,251.325,251.58,251.1932,251.5336,12060
2025-03-11 15:11:00,251.39,251.43,251.0,251.07,7115
2025-03-11 15:12:00,251.08,251.292,251.01,251.04,6915
2025-03-11 15:13:00,250.97,250.98,250.75,250.895,5846
2025-03-11 15:14:00,250.965,250.965,250.65,250.65,5768
2025-03-11 15:15:00,250.625,250.7817,250.3622,250.62,5767
2025-03-11 15:16:00,250.47,250.55,250.31,250.5,7793
2025-03-11 15:17:00,250.5,250.73,250.455,250.66,9276
2025-03-11 15:18:00,250.69,250.71,250.45,250.45,2707
2025-03-11 15:19:00,250.565,250.69,250.52,250.69,3533
2025-03-11 15:20:00,250.615,251.0838,250.615,250.975,9428
2025-03-11 15:21:00,251.03,251.21,250.84,251.16,9387
2025-03-11 15:22:00,251.2,251.3,250.965,250.97,5576
2025-03-11 15:23:00,250.95,251.155,250.91,250.97,7748
2025-03-11 15:24:00,250.84,250.87,250.375,250.425,6934
2025-03-11 15:25:00,250.34,250.59,250.34,250.51,8530
2025-03-11 15:26:00,250.6216,250.725,250.55,250.68,3573
2025-03-11 15:27:00,250.72,250.87,250.5701,250.78,4037
2025-03-11 15:28:00,250.73,250.8124,250.58,250.58,6762
2025-03-11 15:29:00,250.67,250.73,250.33,250.3693,6700
2025-03-11 15:30:00,250.4,250.61,250.24,250.275,8001
2025-03-11 15:31:00,250.275,250.49,250.26,250.35,7295
2025-03-11 15:32:00,250.395,250.675,250.28,250.56,7707
2025-03-11 15:33:00,250.55,250.8472,250.35,250.72,9400
2025-03-11 15:34:00,250.78,250.9699,250.49,250.49,8724
2025-03-11 15:35:00,250.54,250.825,250.54,250.72,4172
2025-03-11 15:36:00,250.805,250.9866,250.68,250.83,9982
2025-03-11 15:37:00,250.87,250.98,250.6,250.86,9304
2025-03-11 15:38:00,250.72,250.74,250.51,250.61,7224
2025-03-11 15:39:00,250.605,250.74,250.15,250.41,14121
2025-03-11 15:40:00,250.335,250.465,250.1801,250.325,7703
2025-03-11 15:41:00,250.27,250.32,250.1,250.29,7617
2025-03-11 15:42:00,250.29,250.57,250.29,250.52,7277
2025-03-11 15:43:00,250.475,250.475,250.31,250.3511,5388
2025-03-11 15:44:00,250.41,250.76,250.36,250.73,11888
2025-03-11 15:45:00,250.73,250.84,250.39,250.39,10509
2025-03-11 15:46:00,250.39,250.62,250.39,250.485,7918
2025-03-11 15:47:00,250.46,250.68,250.43,250.56,9226
2025-03-11 15:48:00,250.67,250.82,250.55,250.7,13133
2025-03-11 15:49:00,250.79,250.97,250.76,250.875,18446
2025-03-11 15:50:00,250.8,250.8,250.33,250.395,18302
2025-03-11 15:51:00,250.385,250.385,249.54,249.61,18214
2025-03-11 15:52:00,249.61,249.61,249.11,249.42,34574
2025-03-11 15:53:00,249.3401,249.47,249.09,249.1825,10883
2025-03-11 15:54:00,249.185,249.565,249.11,249.45,29595
2025-03-11 15:55:00,249.355,249.47,249.09,249.16,34868
2025-03-11 15:56:00,249.11,249.25,248.93,248.95,44626
2025-03-11 15:57:00,248.96,249.25,248.94,249.13,53278
2025-03-11 15:58:00,249.13,249.27,248.96,249.04,101228
2025-03-11 15:59:00,249.055,249.0786,248.725,248.84,145764
2025-03-11 16:00:00,248.84,248.95,248.84,248.95,1366400
2025-03-11 16:01:00,248.95,251.89,248.95,248.95,4132
2025-03-11 16:02:00,248.95,248.95,248.95,248.95,3504
2025-03-11 16:03:00,249.04,249.04,248.95,248.95,39797
2025-03-11 16:04:00,248.95,248.95,248.95,248.95,39218
2025-03-11 16:05:00,248.95,249.99,248.95,248.95,115793
2025-03-11 16:06:00,252.272,252.272,249.0,249.0,252
2025-03-11 16:07:00,248.95,249.01,248.95,249.01,186
2025-03-11 16:08:00,249.1,249.1,249.0,249.0,233
2025-03-11 16:09:00,249.5,249.5,249.5,249.5,10
2025-03-11 16:10:00,248.95,248.95,248.95,248.95,633942
2025-03-11 16:11:00,249.5,250.76,249.5,250.76,2
2025-03-11 16:12:00,249.5,249.86,249.5,249.83,70
2025-03-11 16:14:00,249.0,249.0,249.0,249.0,2
2025-03-11 16:15:00,248.95,248.95,248.95,248.95,2
2025-03-11 16:16:00,249.58,249.8,249.58,249.8,52
2025-03-11 16:17:00,250.0,250.0,250.0,250.0,6
2025-03-11 16:20:00,248.95,248.95,248.95,248.95,4529
2025-03-11 16:21:00,249.1575,249.1575,249.1575,249.1575,10
2025-03-11 16:23:00,250.26,250.26,249.1,249.1,379
2025-03-11 16:24:00,249.09,250.26,249.09,250.26,57
2025-03-11 16:25:00,250.26,250.26,249.0,249.5,11
2025-03-11 16:26:00,250.0,250.0,249.0,249.15,17
2025-03-11 16:27:00,249.1,249.17,249.0,249.0,75
2025-03-11 16:28:00,249.16,251.4,249.1,250.26,56
2025-03-11 16:29:00,250.1,251.4,249.8,250.1,36
2025-03-11 16:30:00,250.1,250.1,250.1,250.1,5
2025-03-11 16:31:00,250.1,250.1,249.25,249.25,4
2025-03-11 16:33:00,249.24,249.24,248.8675,248.8675,26
2025-03-11 16:36:00,249.0,249.0,248.95,248.95,14729
2025-03-11 16:37:00,249.0,249.0,249.0,249.0,1
2025-03-11 16:38:00,248.98,248.98,248.5,248.5,5
2025-03-11 16:39:00,249.2417,249.2417,249.2417,249.2417,420
2025-03-11 16:41:00,246.8515,248.88,246.8515,248.88,11
2025-03-11 16:43:00,248.87,248.87,248.84,248.84,6
2025-03-11 16:44:00,248.9,248.9,248.9,248.9,1
2025-03-11 16:45:00,248.84,248.9,248.84,248.9,100
2025-03-11 16:49:00,248.95,248.95,248.55,248.55,724
2025-03-11 16:50:00,248.53,248.53,248.53,248.53,4
2025-03-11 16:51:00,248.86,248.86,248.86,248.86,33
2025-03-11 16:53:00,248.86,248.86,248.86,248.86,2
2025-03-11 16:57:00,248.9988,248.9988,248.86,248.86,2
2025-03-11 16:59:00,248.5,248.5,248.5,248.5,5
2025-03-11 17:00:00,248.5,248.9,248.5,248.88,6
2025-03-11 17:04:00,248.5,248.86,248.5,248.75,18
2025-03-11 17:05:00,248.86,248.86,248.86,248.86,1
2025-03-11 17:06:00,247.0,247.0,247.0,247.0,5
2025-03-11 17:14:00,248.5,248.5,248.5,248.5,2
2025-03-11 17:16:00,249.35,249.35,249.35,249.35,60
2025-03-11 17:17:00,248.5,248.88,248.5,248.88,2
2025-03-11 17:18:00,249.35,249.35,249.35,249.35,1
2025-03-11 17:20:00,248.9013,248.9013,248.9013,248.9013,5
2025-03-11 17:21:00,248.66,248.75,248.66,248.75,11
2025-03-11 17:23:00,248.84,248.95,248.84,248.95,200
2025-03-11 17:26:00,248.95,248.95,248.95,248.95,39
2025-03-11 17:27:00,248.95,248.95,248.95,248.95,24
2025-03-11 17:28:00,248.82,248.82,248.6,248.82,5
2025-03-11 17:29:00,248.95,248.95,248.95,248.95,4
2025-03-11 17:30:00,248.55,248.55,248.55,248.55,44
2025-03-11 17:31:00,248.75,248.75,248.75,248.75,3
2025-03-11 17:35:00,248.7501,248.7501,248.7501,248.7501,10
2025-03-11 17:40:00,248.95,248.95,248.95,248.95,1
2025-03-11 17:41:00,248.95,248.95,248.95,248.95,32
2025-03-11 17:42:00,248.95,248.95,248.95,248.95,173
2025-03-11 17:44:00,248.95,248.95,248.95,248.95,26
2025-03-11 17:46:00,248.75,248.75,248.75,248.75,3
2025-03-11 17:47:00,248.76,248.76,248.76,248.76,1
2025-03-11 17:48:00,248.75,248.75,248.75,248.75,10
2025-03-11 17:49:00,248.77,248.77,248.77,248.77,1
2025-03-11 17:50:00,249.35,249.35,249.35,249.35,3
2025-03-11 17:52:00,249.35,249.35,249.35,249.35,1
2025-03-11 17:53:00,248.75,248.75,248.75,248.75,7
2025-03-11 17:56:00,249.17,249.17,249.17,249.17,2
2025-03-11 18:00:00,248.765,248.765,248.765,248.765,8
2025-03-11 18:02:00,248.81,248.81,248.81,248.81,1
2025-03-11 18:10:00,248.81,248.81,248.81,248.81,2
2025-03-11 18:12:00,248.7501,249.35,248.7501,249.35,6
2025-03-11 18:13:00,249.3,249.3014,249.3,249.3014,250
2025-03-11 18:14:00,248.78,248.78,248.78,248.78,3
2025-03-11 18:16:00,248.75,248.75,248.75,248.75,1
2025-03-11 18:22:00,248.95,248.95,248.95,248.95,10
2025-03-11 18:24:00,248.95,248.95,248.95,248.95,1
2025-03-11 18:25:00,248.79,248.79,248.79,248.79,5
2025-03-11 18:30:00,248.95,248.95,248.95,248.95,633942
2025-03-11 18:32:00,248.79,248.79,248.79,248.79,50
2025-03-11 18:38:00,248.97,249.01,248.95,249.01,139
2025-03-11 18:40:00,249.35,249.35,249.35,249.35,2
2025-03-11 18:41:00,249.35,249.35,249.17,249.17,24
2025-03-11 18:45:00,249.17,249.17,249.17,249.17,1
2025-03-11 18:49:00,249.17,249.35,249.17,249.35,100
2025-03-11 18:50:00,249.06,249.06,249.01,249.01,500
2025-03-11 18:54:00,249.01,249.01,249.01,249.01,79
2025-03-11 19:00:00,248.95,249.3,248.95,249.3,633943
2025-03-11 19:01:00,249.0,249.0,249.0,249.0,51
2025-03-11 19:07:00,249.0,249.0,249.0,249.0,20
2025-03-11 19:08:00,249.43,249.78,249.3,249.78,27
2025-03-11 19:10:00,250.99,250.99,249.79,249.79,13
2025-03-11 19:11:00,249.55,249.55,249.01,249.01,16
2025-03-11 19:14:00,249.76,249.76,249.76,249.76,3
2025-03-11 19:17:00,249.05,249.05,249.05,249.05,2
2025-03-11 19:19:00,250.99,250.99,250.99,250.99,1
2025-03-11 19:23:00,249.01,249.01,249.01,249.01,2
2025-03-11 19:24:00,249.01,249.01,249.01,249.01,1
2025-03-11 19:28:00,250.99,250.99,250.99,250.99,1
2025-03-11 19:43:00,249.85,249.85,249.73,249.73,2
2025-03-11 19:44:00,249.73,249.73,249.73,249.73,1
2025-03-11 19:46:00,249.79,249.79,249.79,249.79,1
2025-03-11 19:47:00,250.99,250.99,250.99,250.99,1
2025-03-11 19:55:00,250.95,250.95,250.95,250.95,5
2025-03-11 19:56:00,249.001,249.001,249.001,249.001,1
2025-03-11 19:58:00,249.78,249.78,249.78,249.78,1
2025-03-12 04:00:00,249.78,249.78,249.75,249.75,8
2025-03-12 04:01:00,247.53,247.53,247.53,247.53,9
2025-03-12 04:02:00,250.42,250.42,248.96,248.96,6
2025-03-12 04:03:00,249.56,249.99,249.56,249.97,16
2025-03-12 04:04:00,249.46,250.0,249.46,250.0,3
2025-03-12 04:20:00,248.95,248.95,248.95,248.95,2
2025-03-12 04:21:00,248.95,248.95,248.95,248.95,7
2025-03-12 04:25:00,248.99,248.99,248.92,248.92,10
2025-03-12 04:31:00,248.99,248.99,248.95,248.95,10
2025-03-12 04:32:00,248.67,248.67,248.67,248.67,4
2025-03-12 04:36:00,248.95,249.01,248.95,249.01,7
2025-03-12 04:38:00,248.95,248.95,248.95,248.95,43
2025-03-12 04:47:00,249.14,249.14,249.14,249.14,1
2025-03-12 04:49:00,249.5,249.5,249.5,249.5,2
2025-03-12 04:55:00,249.51,249.51,249.51,249.51,2
2025-03-12 04:56:00,249.53,249.53,249.53,249.53,7
2025-03-12 04:57:00,249.53,249.53,249.53,249.53,3
2025-03-12 05:04:00,249.53,249.53,249.53,249.53,5
2025-03-12 05:08:00,249.85,249.85,249.65,249.65,8
2025-03-12 05:15:00,249.53,249.53,249.53,249.53,2
2025-03-12 05:17:00,249.76,249.76,249.76,249.76,1
2025-03-12 05:27:00,249.6,249.6,249.6,249.6,1
2025-03-12 05:31:00,249.43,249.45,249.43,249.45,16
2025-03-12 05:33:00,249.48,249.65,249.46,249.65,45
2025-03-12 05:34:00,249.7,249.7,249.44,249.46,115
2025-03-12 05:35:00,249.5,249.5,249.5,249.5,5
2025-03-12 05:39:00,249.49,249.49,249.06,249.06,199
2025-03-12 05:40:00,249.21,249.21,249.21,249.21,4
2025-03-12 05:41:00,249.3,249.3,249.3,249.3,1
2025-03-12 05:50:00,249.0,249.3,249.0,249.3,5
2025-03-12 05:57:00,249.3,249.3,249.3,249.3,2
2025-03-12 06:03:00,249.31,249.31,249.3,249.3,4
2025-03-12 06:07:00,249.29,249.29,249.29,249.29,2
2025-03-12 06:08:00,249.29,249.29,249.28,249.28,4
2025-03-12 06:09:00,249.27,249.27,249.27,249.27,1
2025-03-12 06:10:00,249.27,249.27,249.27,249.27,4
2025-03-12 06:17:00,249.27,249.27,249.27,249.27,8
2025-03-12 06:26:00,249.1,249.1,249.1,249.1,4
2025-03-12 06:27:00,249.26,249.3,249.26,249.3,7
2025-03-12 06:35:00,249.27,250.31,249.27,250.31,923
2025-03-12 06:40:00,250.06,250.06,250.06,250.06,1
2025-03-12 06:41:00,250.31,250.6,250.3,250.6,104
2025-03-12 06:43:00,250.28,250.28,250.28,250.28,1
2025-03-12 06:44:00,250.59,250.59,250.59,250.59,2
2025-03-12 06:45:00,250.59,251.2,250.59,251.2,600
2025-03-12 06:47:00,251.17,251.44,251.14,251.4,1607
2025-03-12 06:50:00,251.35,251.4,251.35,251.4,300
2025-03-12 06:51:00,251.44,251.45,251.44,251.45,138
2025-03-12 07:00:00,250.63,251.0,250.51,250.51,33
2025-03-12 07:02:00,250.97,251.25,250.97,251.25,200
2025-03-12 07:03:00,251.25,251.89,250.96,251.89,419
2025-03-12 07:04:00,251.2,251.2,251.06,251.2,72
2025-03-12 07:05:00,251.01,251.48,251.01,251.43,281
2025-03-12 07:06:00,251.5,251.5,251.5,251.5,6
2025-03-12 07:07:00,251.9,252.0,251.9,252.0,113
2025-03-12 07:08:00,251.7,251.7,251.69,251.69,32
2025-03-12 07:10:00,251.99,252.05,251.6,251.6,522
2025-03-12 07:13:00,251.5,251.51,251.26,251.5,229
2025-03-12 07:14:00,251.9,252.1,251.9,252.1,100
2025-03-12 07:15:00,251.98,252.0,251.98,252.0,35
2025-03-12 07:18:00,251.96,252.01,251.96,252.01,100
2025-03-12 07:22:00,252.0,252.33,252.0,252.3,209
2025-03-12 07:23:00,252.32,253.18,252.32,253.18,398
2025-03-12 07:24:00,252.38,252.97,252.05,252.11,726
2025-03-12 07:26:00,252.44,252.44,252.44,252.44,200
2025-03-12 07:27:00,252.45,252.5,252.11,252.11,322
2025-03-12 07:28:00,252.46,252.46,252.05,252.05,687
2025-03-12 07:31:00,252.0,252.0,252.0,252.0,2
2025-03-12 07:33:00,252.0,252.0,252.0,252.0,22
2025-03-12 07:34:00,252.0,252.47,252.0,252.47,154
2025-03-12 07:35:00,252.5,253.2,252.35,253.2,653
2025-03-12 07:38:00,253.2,254.14,252.9,253.99,927
2025-03-12 07:39:00,252.97,252.98,252.66,252.66,18
2025-03-12 07:44:00,252.97,252.97,252.97,252.97,50
2025-03-12 07:45:00,252.97,253.0,252.97,253.0,46
2025-03-12 07:46:00,253.0,253.0,253.0,253.0,2
2025-03-12 07:47:00,252.97,252.97,252.79,252.79,142
2025-03-12 07:48:00,252.84,252.84,252.84,252.84,40
2025-03-12 07:49:00,252.9,252.9,252.9,252.9,3
2025-03-12 07:51:00,252.66,252.66,252.66,252.66,5
2025-03-12 07:52:00,252.72,252.72,252.66,252.66,39
2025-03-12 07:53:00,252.5,252.54,252.23,252.23,150
2025-03-12 07:54:00,252.25,252.26,252.21,252.21,52
2025-03-12 07:55:00,252.26,252.27,252.25,252.25,4
2025-03-12 08:00:00,251.98,268.9988,248.3325,251.01,4450
2025-03-12 08:02:00,248.95,248.95,248.95,248.95,56
2025-03-12 08:03:00,248.95,248.95,248.95,248.95,9
2025-03-12 08:05:00,252.0,252.0,252.0,252.0,20
2025-03-12 08:06:00,252.25,252.25,252.25,252.25,2
2025-03-12 08:07:00,252.15,252.15,252.15,252.15,9
2025-03-12 08:08:00,252.15,252.15,252.15,252.15,1
2025-03-12 08:09:00,252.6,252.6,252.6,252.6,1
2025-03-12 08:10:00,252.15,252.15,252.01,252.01,106
2025-03-12 08:11:00,252.01,252.1,252.01,252.1,2
2025-03-12 08:13:00,252.46,252.585,252.46,252.585,13
2025-03-12 08:14:00,248.95,252.5,248.95,252.5,280
2025-03-12 08:15:00,252.1,252.15,252.1,252.1,117
2025-03-12 08:17:00,252.11,252.15,252.11,252.15,16
2025-03-12 08:19:00,252.6,252.6,252.1,252.1,13
2025-03-12 08:21:00,252.6,252.6,252.6,252.6,2
2025-03-12 08:22:00,252.14,252.14,252.02,252.11,84
2025-03-12 08:23:00,252.0,252.0,252.0,252.0,101
2025-03-12 08:24:00,251.87,251.87,251.87,251.87,20
2025-03-12 08:25:00,251.43,251.43,251.43,251.43,40
2025-03-12 08:27:00,252.27,252.27,252.27,252.27,19
2025-03-12 08:28:00,252.475,252.475,252.475,252.475,26
2025-03-12 08:29:00,252.05,252.05,252.05,252.05,1
2025-03-12 08:30:00,252.13,253.08,251.63,252.46,704
2025-03-12 08:32:00,252.63,252.63,252.5,252.5,155
2025-03-12 08:33:00,252.46,252.46,252.46,252.46,14
2025-03-12 08:34:00,252.5,252.5,251.43,251.88,202
2025-03-12 08:35:00,251.8,252.55,251.43,251.43,119
2025-03-12 08:36:00,251.4,251.8,251.01,251.8,59
2025-03-12 08:37:00,251.15,251.8,251.15,251.15,247
2025-03-12 08:38:00,251.21,251.21,250.96,250.96,50
2025-03-12 08:39:00,250.75,250.97,250.75,250.97,116
2025-03-12 08:40:00,250.7,251.5,250.7,251.0,251
2025-03-12 08:42:00,250.93,251.48,250.52,250.68,268
2025-03-12 08:43:00,250.73,252.42,250.6001,250.6001,153
2025-03-12 08:44:00,250.51,252.5358,250.1,250.1,265
2025-03-12 08:45:00,250.5,250.96,250.5,250.5,108
2025-03-12 08:48:00,250.5,251.32,250.5,251.32,60
2025-03-12 08:50:00,250.51,251.58,250.51,250.64,48
2025-03-12 08:51:00,249.9,251.32,249.9,251.32,126
2025-03-12 08:52:00,251.3,251.3,251.3,251.3,1500
2025-03-12 08:53:00,251.3,251.3,251.3,251.3,4
2025-03-12 08:54:00,251.3,251.52,251.13,251.52,97
2025-03-12 08:56:00,251.0,251.56,249.9,251.56,533
2025-03-12 08:58:00,251.11,251.11,251.08,251.08,44
2025-03-12 08:59:00,251.08,251.3,251.08,251.3,112
2025-03-12 09:00:00,251.3,251.32,251.01,251.01,28
2025-03-12 09:01:00,251.33,251.33,251.0,251.0,3
2025-03-12 09:02:00,251.32,251.62,251.32,251.58,50
2025-03-12 09:04:00,251.03,251.58,250.86,251.1,461
2025-03-12 09:05:00,251.1,251.18,251.07,251.07,22
2025-03-12 09:06:00,251.58,251.58,251.58,251.58,100
2025-03-12 09:07:00,251.12,251.58,251.12,251.5505,113
2025-03-12 09:09:00,251.11,251.32,251.04,251.32,29
2025-03-12 09:10:00,251.5628,251.58,251.04,251.04,616
2025-03-12 09:11:00,251.3,251.33,251.15,251.15,199
2025-03-12 09:12:00,251.3,251.3,251.15,251.15,31
2025-03-12 09:13:00,251.86,251.86,251.86,251.86,100
2025-03-12 09:14:00,251.25,251.25,251.15,251.15,25
2025-03-12 09:15:00,251.56,251.86,251.56,251.56,8
2025-03-12 09:16:00,251.15,251.15,251.08,251.08,525
2025-03-12 09:17:00,251.08,251.9496,251.08,251.9496,102
2025-03-12 09:18:00,251.08,251.53,251.01,251.01,125
2025-03-12 09:19:00,251.44,251.86,251.44,251.86,8
2025-03-12 09:20:00,251.47,251.86,251.0,251.0,45
2025-03-12 09:22:00,251.04,251.04,251.01,251.01,16
2025-03-12 09:23:00,251.01,251.975,251.01,251.975,204
2025-03-12 09:24:00,251.24,251.24,251.0,251.0,173
2025-03-12 09:25:00,250.8,251.72,250.8,251.72,11
2025-03-12 09:26:00,251.58,251.58,251.25,251.25,11
2025-03-12 09:27:00,251.0,251.0,251.0,251.0,10
2025-03-12 09:28:00,250.83,251.0,249.04,250.03,293
2025-03-12 09:29:00,250.11,250.11,250.11,250.11,10
2025-03-12 09:30:00,250.35,250.48,250.08,250.4,69048
2025-03-12 09:31:00,250.48,251.68,250.27,250.8971,17509
2025-03-12 09:32:00,251.02,251.145,250.2,250.84,11716
2025-03-12 09:33:00,250.84,251.3299,250.66,250.985,27416
2025-03-12 09:34:00,250.985,250.985,249.8,249.89,30275
2025-03-12 09:35:00,250.15,251.32,250.07,251.31,12633
2025-03-12 09:36:00,251.34,251.35,250.38,250.8749,15910
2025-03-12 09:37:00,250.65,250.867,250.32,250.3475,12136
2025-03-12 09:38:00,250.3525,250.4228,249.3545,249.835,9239
2025-03-12 09:39:00,250.13,251.0,250.04,250.93,15294
2025-03-12 09:40:00,250.9,251.03,250.41,250.68,15954
2025-03-12 09:41:00,250.3683,250.6,249.915,250.6,12559
2025-03-12 09:42:00,250.36,250.5452,249.9852,250.23,4445
2025-03-12 09:43:00,250.49,250.49,249.43,249.71,19315
2025-03-12 09:44:00,249.7,249.93,249.31,249.635,22411
2025-03-12 09:45:00,249.435,249.98,249.3201,249.53,10355
2025-03-12 09:46:00,249.315,249.495,248.94,249.1764,8601
2025-03-12 09:47:00,249.33,249.33,248.75,248.89,10969
2025-03-12 09:48:00,248.965,248.98,248.18,248.755,14434
2025-03-12 09:49:00,248.67,249.37,248.5443,249.29,14516
2025-03-12 09:50:00,249.1825,249.6159,249.18,249.335,34529
2025-03-12 09:51:00,249.405,249.6,249.28,249.29,23938
2025-03-12 09:52:00,249.35,249.99,249.17,249.28,24359
2025-03-12 09:53:00,249.285,249.33,248.92,249.01,14073
2025-03-12 09:54:00,249.01,249.19,248.401,248.54,7582
2025-03-12 09:55:00,248.34,248.66,248.34,248.49,5657
2025-03-12 09:56:00,248.515,248.74,248.25,248.49,10665
2025-03-12 09:57:00,248.315,248.54,248.315,248.325,11076
2025-03-12 09:58:00,248.325,248.325,247.6661,248.23,8721
2025-03-12 09:59:00,248.28,248.4077,247.7553,248.23,8200
2025-03-12 10:00:00,248.22,248.42,248.0575,248.175,9495
2025-03-12 10:01:00,248.175,248.6,248.0875,248.16,18725
2025-03-12 10:02:00,248.21,248.44,247.9,248.17,15662
2025-03-12 10:03:00,248.16,248.81,247.995,248.58,12617
2025-03-12 10:04:00,248.555,248.71,248.33,248.7,3939
2025-03-12 10:05:00,248.475,248.7,248.345,248.56,5554
2025-03-12 10:06:00,248.53,249.83,248.52,249.57,30928
2025-03-12 10:07:00,249.43,249.4897,249.0,249.3175,9392
2025-03-12 10:08:00,249.36,249.36,249.215,249.2175,2983
2025-03-12 10:09:00,249.41,249.685,249.165,249.165,11533
2025-03-12 10:10:00,249.165,249.38,248.909,249.3,3717
2025-03-12 10:11:00,249.35,249.58,248.97,249.24,11150
2025-03-12 10:12:00,249.33,253.1273,248.62,248.9,8505
2025-03-12 10:13:00,249.0,249.48,248.97,249.48,5139
2025-03-12 10:14:00,249.415,249.85,249.39,249.475,8868
2025-03-12 10:15:00,249.425,249.6,249.3575,249.36,5156
2025-03-12 10:16:00,249.36,249.38,248.79,248.79,10041
2025-03-12 10:17:00,248.9,249.13,248.52,248.845,5604
2025-03-12 10:18:00,248.845,248.87,248.2642,248.71,12722
2025-03-12 10:19:00,248.8387,248.88,248.635,248.725,4388
2025-03-12 10:20:00,248.91,249.13,248.67,248.9603,13680
2025-03-12 10:21:00,248.665,249.25,248.665,249.1099,10861
2025-03-12 10:22:00,248.76,249.03,248.4,248.645,8136
2025-03-12 10:23:00,248.58,248.58,247.83,247.995,8539
2025-03-12 10:24:00,247.995,248.26,247.75,247.93,9842
2025-03-12 10:25:00,247.93,248.085,247.51,247.56,9439
2025-03-12 10:26:00,247.8731,247.89,247.5742,247.82,2581
2025-03-12 10:27:00,247.9,249.11,247.83,248.675,66883
2025-03-12 10:28:00,248.4,248.642,248.3925,248.5,3767
2025-03-12 10:29:00,248.64,248.67,248.25,248.25,5352
2025-03-12 10:30:00,248.36,248.62,248.32,248.32,7183
2025-03-12 10:31:00,248.36,248.62,248.16,248.33,11803
2025-03-12 10:32:00,248.02,248.07,247.94,247.97,3465
2025-03-12 10:33:00,248.07,248.5,247.9,248.09,8736
2025-03-12 10:34:00,248.075,248.24,247.9,248.085,8764
2025-03-12 10:35:00,247.77,247.77,247.65,247.65,3878
2025-03-12 10:36:00,247.71,247.765,247.565,247.665,5297
2025-03-12 10:37:00,247.65,247.8737,247.63,247.765,11248
2025-03-12 10:38:00,247.755,248.12,247.67,248.12,10483
2025-03-12 10:39:00,248.15,248.15,247.72,247.78,8200
2025-03-12 10:40:00,247.755,247.9698,247.5,247.51,4342
2025-03-12 10:41:00,247.46,247.51,247.36,247.51,3061
2025-03-12 10:42:00,247.46,247.46,247.24,247.24,3938
2025-03-12 10:43:00,247.305,247.55,247.0,247.0125,24398
2025-03-12 10:44:00,247.01,247.0599,246.8236,246.865,3510
2025-03-12 10:45:00,246.86,247.03,246.75,246.81,15011
2025-03-12 10:46:00,246.9,247.07,246.8,246.81,7222
2025-03-12 10:47:00,246.775,247.035,246.745,246.91,45777
2025-03-12 10:48:00,246.86,246.86,246.68,246.695,4073
2025-03-12 10:49:00,246.65,246.66,246.23,246.33,4618
2025-03-12 10:50:00,246.5401,246.58,246.27,246.56,10773
2025-03-12 10:51:00,246.65,246.8,246.46,246.6,2262
2025-03-12 10:52:00,246.84,247.29,246.8,247.03,24683
2025-03-12 10:53:00,247.11,247.19,246.895,247.0,4290
2025-03-12 10:54:00,247.01,247.28,246.98,246.98,6089
2025-03-12 10:55:00,247.12,247.12,246.82,246.855,7053
2025-03-12 10:56:00,246.68,246.76,246.43,246.72,10021
2025-03-12 10:57:00,246.595,246.72,246.22,246.22,6759
2025-03-12 10:58:00,246.365,246.63,246.24,246.63,7671
2025-03-12 10:59:00,246.7,247.11,246.54,246.855,19408
2025-03-12 11:00:00,246.875,246.92,246.48,246.77,20126
2025-03-12 11:01:00,246.83,246.835,246.635,246.635,4491
2025-03-12 11:02:00,246.43,246.5826,246.34,246.39,8678
2025-03-12 11:03:00,246.39,246.64,246.2328,246.435,16823
2025-03-12 11:04:00,246.395,246.51,246.12,246.265,7444
2025-03-12 11:05:00,246.265,246.32,246.0,246.14,18005
2025-03-12 11:06:00,246.09,246.09,245.935,246.06,4604
2025-03-12 11:07:00,245.893,246.01,245.757,246.01,4160
2025-03-12 11:08:00,245.91,246.01,245.53,245.87,6099
2025-03-12 11:09:00,245.7577,246.31,245.7577,246.0047,6542
2025-03-12 11:10:00,246.11,246.11,245.91,245.91,1998
2025-03-12 11:11:00,245.86,246.35,245.78,246.155,8571
2025-03-12 11:12:00,246.175,246.3,246.0,246.14,5368
2025-03-12 11:13:00,246.1,246.35,246.1,246.265,3480
2025-03-12 11:14:00,246.1001,246.43,246.1001,246.24,4773
2025-03-12 11:15:00,246.335,246.52,246.25,246.52,4257
2025-03-12 11:16:00,246.27,246.51,246.15,246.51,10777
2025-03-12 11:17:00,246.455,247.02,246.455,247.01,13376
2025-03-12 11:18:00,247.15,247.56,247.15,247.435,2983
2025-03-12 11:19:00,247.535,247.535,247.15,247.24,5650
2025-03-12 11:20:00,247.2,247.37,247.02,247.02,4510
2025-03-12 11:21:00,247.14,247.14,246.945,246.945,2997
2025-03-12 11:22:00,246.945,247.13,246.945,247.03,3609
2025-03-12 11:23:00,247.0203,247.34,247.0,247.22,2834
2025-03-12 11:24:00,247.205,248.0,247.205,247.6,27869
2025-03-12 11:25:00,247.615,248.02,247.46,247.98,19551
2025-03-12 11:26:00,247.98,248.3,247.85,248.26,6554
2025-03-12 11:27:00,248.26,248.62,248.15,248.6,30821
2025-03-12 11:28:00,248.62,248.7699,248.43,248.43,9848
2025-03-12 11:29:00,248.43,248.72,248.2222,248.405,30867
2025-03-12 11:30:00,248.52,248.61,248.04,248.23,7359
2025-03-12 11:31:00,247.98,248.08,247.95,248.08,2935
2025-03-12 11:32:00,248.21,248.62,248.21,248.41,8960
2025-03-12 11:33:00,248.28,248.295,247.95,248.04,3640
2025-03-12 11:34:00,247.95,248.35,247.95,248.19,5363
2025-03-12 11:35:00,248.29,248.5,248.29,248.4,2403
2025-03-12 11:36:00,248.51,248.75,248.36,248.36,5095
2025-03-12 11:37:00,248.415,248.4525,248.4,248.4525,1401
2025-03-12 11:38:00,248.34,248.95,248.231,248.765,16040
2025-03-12 11:39:00,248.75,248.87,248.52,248.62,9234
2025-03-12 11:40:00,248.61,248.65,248.53,248.57,2026
2025-03-12 11:41:00,248.575,248.69,248.3835,248.55,2985
2025-03-12 11:42:00,248.69,248.69,248.4,248.4,1649
2025-03-12 11:43:00,248.42,248.8,248.41,248.735,16319
2025-03-12 11:44:00,248.755,249.05,248.6601,249.05,6323
2025-03-12 11:45:00,249.03,249.37,248.8877,249.22,4149
2025-03-12 11:46:00,249.34,249.36,249.235,249.28,2612
2025-03-12 11:47:00,249.14,249.49,249.14,249.1892,6996
2025-03-12 11:48:00,249.21,249.5,249.0949,249.3764,7661
2025-03-12 11:49:00,249.41,249.41,249.27,249.27,4778
2025-03-12 11:50:00,249.27,249.42,249.27,249.42,2749
2025-03-12 11:51:00,249.43,249.44,249.245,249.35,3261
2025-03-12 11:52:00,249.2424,249.47,249.21,249.21,1629
2025-03-12 11:53:00,249.35,249.48,249.28,249.335,3766
2025-03-12 11:54:00,249.335,249.43,249.24,249.43,3902
2025-03-12 11:55:00,249.325,249.685,249.325,249.685,14389
2025-03-12 11:56:00,249.685,249.75,249.415,249.5825,22518
2025-03-12 11:57:00,249.555,249.73,249.53,249.635,4449
2025-03-12 11:58:00,249.635,249.82,249.61,249.8,2597
2025-03-12 11:59:00,249.82,250.32,249.6812,249.99,30204
2025-03-12 12:00:00,250.11,250.12,249.7,249.745,13799
2025-03-12 12:01:00,249.8,250.01,249.7203,250.01,4495
2025-03-12 12:02:00,249.89,249.89,249.58,249.685,4252
2025-03-12 12:03:00,249.67,249.67,249.47,249.515,5351
2025-03-12 12:04:00,249.57,249.59,249.25,249.42,5785
2025-03-12 12:05:00,249.55,249.6638,249.54,249.64,4272
2025-03-12 12:06:00,249.6582,249.71,249.63,249.655,7346
2025-03-12 12:07:00,249.62,249.74,249.535,249.535,6696
2025-03-12 12:08:00,249.535,249.72,249.535,249.7,5474
2025-03-12 12:09:00,249.75,249.97,249.75,249.97,5788
2025-03-12 12:10:00,249.86,250.03,249.86,250.0282,4554
2025-03-12 12:11:00,249.99,250.12,249.83,250.015,13762
2025-03-12 12:12:00,249.935,250.1,249.935,250.0428,3467
2025-03-12 12:13:00,249.945,250.3996,249.945,250.09,24474
2025-03-12 12:14:00,250.09,250.56,250.09,250.42,6099
2025-03-12 12:15:00,250.52,250.54,250.19,250.315,7847
2025-03-12 12:16:00,250.144,250.355,250.1,250.28,5331
2025-03-12 12:17:00,250.29,250.29,250.19,250.24,2813
2025-03-12 12:18:00,250.1,250.3236,250.08,250.3236,6830
2025-03-12 12:19:00,250.235,250.38,250.18,250.38,4242
2025-03-12 12:20:00,250.46,250.58,250.46,250.46,3089
2025-03-12 12:21:00,250.48,250.49,250.3406,250.3856,5306
2025-03-12 12:22:00,250.4425,250.63,250.4425,250.62,9447
2025-03-12 12:23:00,250.705,250.91,250.51,250.91,35116
2025-03-12 12:24:00,250.93,250.95,250.46,250.56,21360
2025-03-12 12:25:00,250.46,250.56,250.1001,250.31,8900
2025-03-12 12:26:00,250.31,250.31,250.15,250.15,2903
2025-03-12 12:27:00,250.28,250.43,250.27,250.43,3412
2025-03-12 12:28:00,250.45,250.66,250.45,250.57,3996
2025-03-12 12:29:00,250.44,250.535,250.14,250.295,8719
2025-03-12 12:30:00,250.36,250.51,250.34,250.51,5307
2025-03-12 12:31:00,250.445,250.445,250.3657,250.37,1467
2025-03-12 12:32:00,250.395,250.59,250.39,250.505,5026
2025-03-12 12:33:00,250.56,250.64,250.3709,250.5,4699
2025-03-12 12:34:00,250.51,250.51,250.25,250.3432,8407
2025-03-12 12:35:00,250.4896,250.4896,250.3938,250.425,2135
2025-03-12 12:36:00,250.52,250.52,250.435,250.46,3146
2025-03-12 12:37:00,250.52,250.55,250.36,250.45,5685
2025-03-12 12:38:00,250.51,250.51,250.28,250.36,5817
2025-03-12 12:39:00,250.47,250.47,249.98,249.98,8647
2025-03-12 12:40:00,249.9667,249.9667,249.66,249.7,3188
2025-03-12 12:41:00,249.74,249.7574,249.4,249.58,5529
2025-03-12 12:42:00,249.23,249.32,249.205,249.28,6797
2025-03-12 12:43:00,249.31,249.3366,249.0228,249.0955,3461
2025-03-12 12:44:00,249.23,249.43,248.83,248.83,6388
2025-03-12 12:45:00,248.9175,249.19,248.9175,249.145,4186
2025-03-12 12:46:00,249.18,249.33,249.1,249.33,2899
2025-03-12 12:47:00,249.42,249.51,249.29,249.48,3291
2025-03-12 12:48:00,249.48,249.7,249.46,249.62,12243
2025-03-12 12:49:00,249.77,249.83,249.65,249.82,3748
2025-03-12 12:50:00,249.836,250.0399,249.77,249.98,6932
2025-03-12 12:51:00,249.85,250.06,249.85,249.98,2046
2025-03-12 12:52:00,249.935,249.935,249.7,249.7,3183
2025-03-12 12:53:00,249.69,249.7,249.38,249.38,3675
2025-03-12 12:54:00,249.385,249.76,249.2916,249.76,4936
2025-03-12 12:55:00,249.76,249.76,249.58,249.69,2362
2025-03-12 12:56:00,249.58,249.6482,249.48,249.48,3367
2025-03-12 12:57:00,249.39,249.48,249.33,249.48,1600
2025-03-12 12:58:00,249.29,249.335,249.1688,249.1688,3649
2025-03-12 12:59:00,249.19,249.19,248.9814,248.9814,2574
2025-03-12 13:00:00,249.0,249.03,248.85,248.985,2500
2025-03-12 13:01:00,249.04,249.14,248.9718,249.0016,2218
2025-03-12 13:02:00,249.15,249.22,249.07,249.07,2214
2025-03-12 13:03:00,249.025,249.025,248.87,248.89,1833
2025-03-12 13:04:00,248.8,248.93,248.75,248.93,2301
2025-03-12 13:05:00,248.88,248.95,248.66,248.95,3597
2025-03-12 13:06:00,249.11,249.11,248.94,249.055,1430
2025-03-12 13:07:00,248.85,249.0494,248.8233,248.98,5234
2025-03-12 13:08:00,248.84,249.13,248.84,249.04,2251
2025-03-12 13:09:00,249.2,249.375,249.185,249.375,2436
2025-03-12 13:10:00,249.51,249.51,249.495,249.495,2561
2025-03-12 13:11:00,249.505,249.59,249.4,249.505,3733
2025-03-12 13:12:00,249.475,249.55,249.43,249.55,2289
2025-03-12 13:13:00,249.555,249.64,249.4533,249.64,2849
2025-03-12 13:14:00,249.545,249.675,249.525,249.675,2646
2025-03-12 13:15:00,249.61,249.615,249.3131,249.3131,3450
2025-03-12 13:16:00,249.3259,249.4416,249.26,249.26,3014
2025-03-12 13:17:00,249.4499,249.4499,249.23,249.23,1454
2025-03-12 13:18:00,249.245,249.255,249.1,249.225,3952
2025-03-12 13:19:00,249.28,249.6679,249.2672,249.565,3843
2025-03-12 13:20:00,249.555,249.555,249.55,249.55,1275
2025-03-12 13:21:00,249.438,249.73,249.438,249.66,2416
2025-03-12 13:22:00,249.56,249.665,249.56,249.665,689
2025-03-12 13:23:00,249.65,249.65,249.64,249.64,1953
2025-03-12 13:24:00,249.73,249.81,249.6832,249.73,4460
2025-03-12 13:25:00,249.7174,249.8007,249.68,249.8007,3007
2025-03-12 13:26:00,249.82,249.84,249.75,249.75,1997
2025-03-12 13:27:00,249.7456,249.8406,249.7456,249.805,1252
2025-03-12 13:28:00,249.8,250.01,249.8,250.01,5943
2025-03-12 13:29:00,250.07,250.47,249.9376,250.3575,19242
2025-03-12 13:30:00,250.4769,250.4769,250.186,250.305,5136
2025-03-12 13:31:00,250.3,250.385,250.26,250.26,2818
2025-03-12 13:32:00,250.225,250.225,250.04,250.16,1693
2025-03-12 13:33:00,250.18,250.18,249.98,249.98,2629
2025-03-12 13:34:00,249.99,250.09,249.8,249.8,3478
2025-03-12 13:35:00,249.98,250.1052,249.9195,249.9195,1570
2025-03-12 13:36:00,249.98,250.31,249.98,250.17,5670
2025-03-12 13:37:00,250.1675,250.25,250.07,250.07,2384
2025-03-12 13:38:00,250.04,250.08,249.89,249.9475,4755
2025-03-12 13:39:00,249.95,250.035,249.81,249.81,4513
2025-03-12 13:40:00,249.88,250.0699,249.88,249.945,4256
2025-03-12 13:41:00,249.92,250.4477,249.88,250.4477,23951
2025-03-12 13:42:00,250.33,250.37,250.33,250.335,2732
2025-03-12 13:43:00,250.43,250.45,250.35,250.35,2782
2025-03-12 13:44:00,250.35,250.35,250.13,250.22,5044
2025-03-12 13:45:00,250.22,250.22,250.0623,250.15,3217
2025-03-12 13:46:00,250.166,250.25,250.166,250.245,2072
2025-03-12 13:47:00,250.225,250.2799,249.91,249.91,7304
2025-03-12 13:48:00,249.91,250.0,249.87,249.9725,2263
2025-03-12 13:49:00,249.89,249.965,249.6,249.6,2764
2025-03-12 13:50:00,249.705,249.705,249.47,249.645,4881
2025-03-12 13:51:00,249.705,249.705,249.63,249.705,1493
2025-03-12 13:52:00,249.61,249.62,249.43,249.515,2811
2025-03-12 13:53:00,249.44,249.49,249.36,249.37,2973
2025-03-12 13:54:00,249.37,249.37,249.18,249.255,3224
2025-03-12 13:55:00,249.255,249.26,249.08,249.1,2631
2025-03-12 13:56:00,249.1,249.116,248.7,248.76,4280
2025-03-12 13:57:00,248.79,248.79,248.5,248.56,3859
2025-03-12 13:58:00,248.72,248.85,248.62,248.69,4091
2025-03-12 13:59:00,248.805,248.805,248.57,248.57,2753
2025-03-12 14:00:00,248.59,248.86,248.4,248.815,4932
2025-03-12 14:01:00,248.73,248.96,248.45,248.96,17503
2025-03-12 14:02:00,248.85,249.07,248.85,248.93,3872
2025-03-12 14:03:00,248.885,248.9,248.74,248.74,3254
2025-03-12 14:04:00,248.73,248.73,248.63,248.63,2206
2025-03-12 14:05:00,248.6277,248.69,248.38,248.47,4765
2025-03-12 14:06:00,248.39,248.4165,248.24,248.27,3934
2025-03-12 14:07:00,248.32,248.61,248.2728,248.555,6081
2025-03-12 14:08:00,248.69,248.82,248.67,248.805,4161
2025-03-12 14:09:00,248.805,248.805,248.71,248.79,1961
2025-03-12 14:10:00,248.88,249.0,248.88,248.995,2101
2025-03-12 14:11:00,249.1179,249.3463,249.07,249.07,5584
2025-03-12 14:12:00,249.07,249.18,249.02,249.095,2363
2025-03-12 14:13:00,249.0756,249.19,249.01,249.14,2047
2025-03-12 14:14:00,249.09,249.24,249.0812,249.1856,3394
2025-03-12 14:15:00,249.25,249.2799,249.11,249.2799,2240
2025-03-12 14:16:00,249.195,249.195,249.032,249.032,2881
2025-03-12 14:17:00,249.114,249.6273,249.114,249.295,11059
2025-03-12 14:18:00,249.295,249.44,249.27,249.44,2405
2025-03-12 14:19:00,249.45,249.465,249.45,249.465,1206
2025-03-12 14:20:00,249.5,249.7,249.3695,249.68,3421
2025-03-12 14:21:00,249.66,249.69,249.31,249.31,5338
2025-03-12 14:22:00,249.415,249.4985,249.415,249.445,2051
2025-03-12 14:23:00,249.32,249.32,249.17,249.315,1955
2025-03-12 14:24:00,249.315,249.44,249.2574,249.435,3390
2025-03-12 14:25:00,249.45,249.45,249.35,249.35,1302
2025-03-12 14:26:00,249.44,249.44,249.2898,249.2898,1424
2025-03-12 14:27:00,249.47,249.6,249.4,249.4649,14216
2025-03-12 14:28:00,249.68,249.83,249.6436,249.6659,2656
2025-03-12 14:29:00,249.85,249.91,249.74,249.835,2849
2025-03-12 14:30:00,249.91,250.0,249.77,249.78,5346
2025-03-12 14:31:00,249.74,249.74,249.6739,249.7,1922
2025-03-12 14:32:00,249.69,249.73,249.58,249.73,3309
2025-03-12 14:33:00,249.68,249.8,249.6624,249.765,3297
2025-03-12 14:34:00,249.82,249.84,249.75,249.75,1900
2025-03-12 14:35:00,249.8,250.27,249.8,249.8,19171
2025-03-12 14:36:00,249.85,249.85,249.7383,249.7383,1802
2025-03-12 14:37:00,249.83,249.92,249.83,249.92,3863
2025-03-12 14:38:00,249.86,249.93,249.7303,249.91,4528
2025-03-12 14:39:00,249.82,249.92,249.76,249.855,4195
2025-03-12 14:40:00,249.96,250.02,249.96,250.01,3583
2025-03-12 14:41:00,250.09,250.17,250.075,250.09,2068
2025-03-12 14:42:00,250.07,250.17,250.07,250.17,2011
2025-03-12 14:43:00,250.095,250.2,250.0526,250.14,6452
2025-03-12 14:44:00,250.145,250.21,250.0921,250.0921,3576
2025-03-12 14:45:00,250.14,250.24,250.06,250.155,3090
2025-03-12 14:46:00,250.24,250.3,250.02,250.02,5638
2025-03-12 14:47:00,250.0263,250.1,250.0263,250.1,1330
2025-03-12 14:48:00,250.1131,250.295,250.1131,250.295,2479
2025-03-12 14:49:00,250.36,250.4,250.25,250.3265,5374
2025-03-12 14:50:00,250.165,250.21,250.06,250.2,5890
2025-03-12 14:51:00,250.3,250.3,250.1898,250.21,1761
2025-03-12 14:52:00,250.14,250.21,250.14,250.21,1662
2025-03-12 14:53:00,250.08,250.08,249.8438,249.8438,3719
2025-03-12 14:54:00,250.0,250.2076,250.0,250.032,5459
2025-03-12 14:55:00,250.13,250.13,249.79,249.85,8618
2025-03-12 14:56:00,249.905,250.08,249.83,250.065,6843
2025-03-12 14:57:00,250.18,250.358,250.168,250.22,3464
2025-03-12 14:58:00,250.26,250.27,250.04,250.19,8102
2025-03-12 14:59:00,250.09,250.3063,250.07,250.1734,7327
2025-03-12 15:00:00,250.13,250.13,249.945,249.945,2408
2025-03-12 15:01:00,249.8,249.9,249.56,249.61,6216
2025-03-12 15:02:00,249.56,250.0159,249.55,249.92,6605
2025-03-12 15:03:00,250.03,250.06,249.85,249.965,3492
2025-03-12 15:04:00,249.85,250.07,249.82,249.99,5740
2025-03-12 15:05:00,249.98,250.07,249.88,249.92,5695
2025-03-12 15:06:00,249.97,249.99,249.805,249.99,6854
2025-03-12 15:07:00,250.02,250.02,249.86,249.89,2484
2025-03-12 15:08:00,249.78,250.08,249.78,250.01,7557
2025-03-12 15:09:00,249.83,250.04,249.83,249.99,2804
2025-03-12 15:10:00,249.95,250.06,249.88,250.06,4357
2025-03-12 15:11:00,249.926,249.99,249.87,249.97,6103
2025-03-12 15:12:00,249.97,249.97,249.77,249.77,5623
2025-03-12 15:13:00,249.77,249.95,249.77,249.89,5015
2025-03-12 15:14:00,249.7822,250.0,249.7822,249.8037,2658
2025-03-12 15:15:00,249.875,250.05,249.875,250.05,6336
2025-03-12 15:16:00,249.91,249.945,249.59,249.59,5280
2025-03-12 15:17:00,249.63,249.8,249.58,249.755,6625
2025-03-12 15:18:00,249.69,249.88,249.65,249.82,3854
2025-03-12 15:19:00,249.85,250.14,249.85,250.0782,5183
2025-03-12 15:20:00,250.0339,250.14,250.0339,250.1275,3153
2025-03-12 15:21:00,250.04,250.06,249.62,249.7899,8019
2025-03-12 15:22:00,249.77,249.77,249.32,249.49,7981
2025-03-12 15:23:00,249.51,249.66,249.51,249.66,5195
2025-03-12 15:24:00,249.7,249.85,249.7,249.85,5153
2025-03-12 15:25:00,249.795,250.02,249.795,249.9,6886
2025-03-12 15:26:00,249.8506,249.87,249.761,249.795,3759
2025-03-12 15:27:00,249.79,250.02,249.79,250.02,4651
2025-03-12 15:28:00,250.05,250.19,250.04,250.0988,7193
2025-03-12 15:29:00,250.04,250.175,249.95,250.0736,7904
2025-03-12 15:30:00,250.17,250.48,250.17,250.45,10477
2025-03-12 15:31:00,250.385,250.385,249.91,249.925,6042
2025-03-12 15:32:00,250.0,250.05,249.81,249.95,6238
2025-03-12 15:33:00,249.95,250.13,249.92,250.13,7333
2025-03-12 15:34:00,250.06,250.13,249.925,249.925,5127
2025-03-12 15:35:00,250.01,250.01,249.67,249.81,8653
2025-03-12 15:36:00,249.73,249.85,249.58,249.85,10471
2025-03-12 15:37:00,249.87,249.98,249.791,249.8725,5137
2025-03-12 15:38:00,249.875,249.885,249.78,249.87,5955
2025-03-12 15:39:00,249.91,250.07,249.797,249.99,9672
2025-03-12 15:40:00,250.01,250.1,249.92,249.92,5725
2025-03-12 15:41:00,249.92,250.005,249.71,249.71,7586
2025-03-12 15:42:00,249.77,249.83,249.62,249.8,7511
2025-03-12 15:43:00,249.84,250.0299,249.77,250.0,7795
2025-03-12 15:44:00,250.01,250.11,249.9,250.11,13051
2025-03-12 15:45:00,250.084,250.27,249.98,250.24,10382
2025-03-12 15:46:00,250.205,250.205,249.86,249.935,6321
2025-03-12 15:47:00,249.93,250.01,249.77,249.9,10183
2025-03-12 15:48:00,249.87,250.11,249.87,250.075,9443
2025-03-12 15:49:00,250.02,250.23,249.94,250.18,7620
2025-03-12 15:50:00,250.18,250.2,249.8,249.83,18620
2025-03-12 15:51:00,249.87,249.87,249.59,249.61,11114
2025-03-12 15:52:00,249.7,249.7,249.39,249.44,17594
2025-03-12 15:53:00,249.5,249.67,249.485,249.565,16372
2025-03-12 15:54:00,249.69,249.87,249.52,249.8,23023
2025-03-12 15:55:00,249.81,250.26,249.81,250.14,33314
2025-03-12 15:56:00,250.07,250.095,249.46,249.59,33149
2025-03-12 15:57:00,249.57,249.6995,249.495,249.62,35530
2025-03-12 15:58:00,249.63,249.78,249.6,249.63,56476
2025-03-12 15:59:00,249.65,249.82,249.56,249.56,134108
2025-03-12 16:00:00,249.56,250.0,249.36,249.36,1039537
2025-03-12 16:01:00,249.63,249.63,249.63,249.63,6176
2025-03-12 16:02:00,249.63,249.63,249.63,249.63,819
2025-03-12 16:03:00,249.63,249.63,245.75,249.63,13101
2025-03-12 16:04:00,249.63,249.63,249.625,249.625,19929
2025-03-12 16:05:00,249.63,249.63,249.63,249.63,8
2025-03-12 16:06:00,249.63,249.63,249.63,249.63,808
2025-03-12 16:10:00,249.63,249.63,249.63,249.63,470700
2025-03-12 16:12:00,250.89,250.89,250.89,250.89,1
2025-03-12 16:15:00,249.63,249.63,249.63,249.63,2
2025-03-12 16:16:00,251.06,251.06,251.06,251.06,1
2025-03-12 16:18:00,249.63,249.63,249.63,249.63,386
2025-03-12 16:21:00,249.75,249.75,249.75,249.75,20
2025-03-12 16:25:00,249.76,249.76,249.75,249.75,4
2025-03-12 16:27:00,249.63,249.63,249.63,249.63,9
2025-03-12 16:34:00,249.5,249.5,249.5,249.5,1
2025-03-12 16:36:00,249.9,249.9,249.9,249.9,2
2025-03-12 16:37:00,250.0,250.0,249.63,249.63,14
2025-03-12 16:38:00,249.63,249.63,249.63,249.63,6657
2025-03-12 16:42:00,249.9999,249.9999,249.9999,249.9999,2
2025-03-12 16:43:00,250.0,250.0,250.0,250.0,1
2025-03-12 16:44:00,250.0,250.0,249.65,249.65,12
2025-03-12 16:51:00,250.0,250.0,250.0,250.0,2
2025-03-12 17:02:00,246.1,246.1,246.1,246.1,7
2025-03-12 17:05:00,249.99,249.99,249.97,249.97,7
2025-03-12 17:06:00,249.99,249.99,249.99,249.99,5
2025-03-12 17:12:00,249.9,249.9,249.9,249.9,14
2025-03-12 17:14:00,249.99,249.99,249.99,249.99,1
2025-03-12 17:19:00,249.95,249.95,249.95,249.95,2
2025-03-12 17:21:00,249.74,249.85,249.74,249.85,20
2025-03-12 17:29:00,249.5,249.5,249.5,249.5,2
2025-03-12 17:46:00,249.5,249.5,249.5,249.5,1
2025-03-12 17:49:00,249.99,249.99,249.99,249.99,3
2025-03-12 17:50:00,249.9888,249.9888,249.9888,249.9888,1
2025-03-12 17:53:00,249.5,249.5,249.5,249.5,500
2025-03-12 17:57:00,249.5,249.5,249.5,249.5,1
2025-03-12 17:58:00,249.99,249.99,249.99,249.99,25
2025-03-12 18:03:00,249.01,249.01,249.01,249.01,3
2025-03-12 18:06:00,249.5,249.5,249.5,249.5,4
2025-03-12 18:09:00,249.66,249.66,249.66,249.66,1
2025-03-12 18:10:00,249.66,249.66,249.66,249.66,1
2025-03-12 18:13:00,249.99,249.99,249.99,249.99,25
2025-03-12 18:14:00,249.55,249.55,249.55,249.55,10
2025-03-12 18:16:00,249.01,249.01,249.01,249.01,1
2025-03-12 18:18:00,249.63,249.63,249.63,249.63,22
2025-03-12 18:25:00,250.0,250.0,250.0,250.0,4
2025-03-12 18:28:00,249.53,249.53,249.51,249.51,15
2025-03-12 18:29:00,249.51,249.51,249.51,249.51,7
2025-03-12 18:30:00,249.63,249.63,249.45,249.45,470720
2025-03-12 18:31:00,249.51,249.51,249.51,249.51,10
2025-03-12 18:39:00,249.5,249.5,249.5,249.5,1
2025-03-12 18:55:00,249.5,249.5,249.5,249.5,5
2025-03-12 18:57:00,250.0,250.0,250.0,250.0,10
2025-03-12 18:59:00,249.95,249.95,249.95,249.95,3
2025-03-12 19:00:00,249.63,249.63,249.63,249.63,470700
2025-03-12 19:01:00,249.95,249.95,249.95,249.95,2
2025-03-12 19:13:00,250.0,250.0,250.0,250.0,15
2025-03-12 19:15:00,249.66,249.66,249.66,249.66,8
2025-03-12 19:21:00,249.68,249.68,249.63,249.63,5
2025-03-12 19:28:00,249.98,249.98,249.98,249.98,1
2025-03-12 19:36:00,249.95,249.95,249.95,249.95,5
2025-03-12 19:50:00,249.95,250.0,249.95,250.0,200
2025-03-12 19:51:00,250.0,250.0,249.95,250.0,22
2025-03-12 19:52:00,250.0,250.0,250.0,250.0,2
2025-03-12 19:53:00,249.87,249.87,249.87,249.87,5
2025-03-12 19:55:00,250.1,250.1,250.1,250.1,5
2025-03-12 19:58:00,250.11,250.5,250.11,250.5,46
2025-03-13 04:00:00,249.58,249.58,249.58,249.58,1
2025-03-13 04:01:00,249.0,249.0,249.0,249.0,83
2025-03-13 04:04:00,249.02,249.02,249.0,249.0,33
2025-03-13 04:06:00,248.51,249.0,248.51,249.0,8
2025-03-13 04:07:00,248.51,248.51,248.51,248.51,5
2025-03-13 04:09:00,248.97,248.97,248.97,248.97,6
2025-03-13 04:13:00,248.96,248.97,248.96,248.96,11
2025-03-13 04:16:00,249.0,249.0,249.0,249.0,3
2025-03-13 04:18:00,248.6,248.6,248.6,248.6,2
2025-03-13 04:20:00,248.6,248.6,248.6,248.6,1
2025-03-13 04:31:00,248.9,248.9,248.9,248.9,3
2025-03-13 04:32:00,248.3,248.3,248.3,248.3,5
2025-03-13 04:33:00,248.32,248.32,248.32,248.32,5
2025-03-13 04:34:00,248.61,248.61,248.36,248.36,10
2025-03-13 04:35:00,248.54,248.54,248.54,248.54,20
2025-03-13 04:37:00,248.9,248.9,248.8,248.88,23
2025-03-13 04:40:00,248.87,248.87,248.87,248.87,3
2025-03-13 04:43:00,248.81,248.81,248.81,248.81,11
2025-03-13 04:44:00,248.8,248.8,248.8,248.8,1
2025-03-13 04:45:00,248.8,248.8,248.8,248.8,2
2025-03-13 04:46:00,248.9,249.4,248.8,248.98,55
2025-03-13 04:47:00,249.4,249.4,249.4,249.4,3
2025-03-13 04:50:00,249.3,249.3,248.75,248.75,2
2025-03-13 04:56:00,249.01,249.01,249.01,249.01,1
2025-03-13 05:16:00,249.3,249.3,249.3,249.3,3
2025-03-13 05:18:00,249.6,249.6,249.6,249.6,1
2025-03-13 05:20:00,249.6,249.6,249.6,249.6,8
2025-03-13 05:21:00,249.6,249.62,249.6,249.62,53
2025-03-13 05:22:00,249.6,249.62,249.6,249.62,18
2025-03-13 05:45:00,249.56,249.56,249.56,249.56,1
2025-03-13 05:47:00,249.5,249.5,249.5,249.5,16
2025-03-13 05:48:00,249.52,249.53,249.52,249.53,24
2025-03-13 05:50:00,249.54,249.54,249.32,249.32,10
2025-03-13 06:00:00,249.62,249.63,249.62,249.63,18
2025-03-13 06:03:00,249.55,249.55,249.55,249.55,1
2025-03-13 06:06:00,249.63,249.63,249.63,249.63,1
2025-03-13 06:10:00,249.54,249.54,249.54,249.54,10
2025-03-13 06:15:00,249.9,249.9,249.9,249.9,1
2025-03-13 06:16:00,249.9,249.93,249.9,249.93,20
2025-03-13 06:17:00,250.01,250.01,250.01,250.01,1
2025-03-13 06:18:00,250.0,250.02,249.9,250.02,183
2025-03-13 06:23:00,250.03,250.03,250.03,250.03,2
2025-03-13 06:47:00,249.98,249.98,249.98,249.98,2
2025-03-13 07:00:00,249.9,249.96,249.56,249.75,89
2025-03-13 07:06:00,249.6,249.6,249.6,249.6,1
2025-03-13 07:07:00,249.86,249.86,249.86,249.86,1
2025-03-13 07:09:00,249.86,249.86,249.86,249.86,1
2025-03-13 07:14:00,249.55,249.55,249.55,249.55,1
2025-03-13 07:17:00,249.6,249.6,249.6,249.6,20
2025-03-13 07:18:00,249.85,249.89,249.85,249.89,18
2025-03-13 07:19:00,249.89,250.0,249.89,250.0,5
2025-03-13 07:28:00,249.61,249.61,249.5,249.5,40
2025-03-13 07:30:00,249.45,249.45,249.45,249.45,38
2025-03-13 07:40:00,249.5,249.51,249.5,249.51,38
2025-03-13 07:43:00,249.52,249.52,249.52,249.52,1
2025-03-13 07:44:00,249.52,249.52,248.55,249.41,176
2025-03-13 07:50:00,249.46,249.46,249.46,249.46,1
2025-03-13 07:56:00,249.46,249.46,249.46,249.46,4
2025-03-13 08:00:00,259.2588,259.2588,247.0,249.63,163
2025-03-13 08:02:00,249.63,249.63,249.63,249.63,54
2025-03-13 08:03:00,249.63,249.63,249.63,249.63,7
2025-03-13 08:05:00,249.63,249.63,249.63,249.63,3
2025-03-13 08:07:00,249.63,249.67,249.0,249.67,160
2025-03-13 08:08:00,249.02,249.02,248.73,248.73,16
2025-03-13 08:09:00,248.73,248.73,248.73,248.73,4
2025-03-13 08:10:00,248.75,248.75,248.75,248.75,16
2025-03-13 08:12:00,248.5,248.5,248.5,248.5,8
2025-03-13 08:14:00,248.74,248.74,248.74,248.74,1
2025-03-13 08:17:00,249.01,249.01,249.0,249.0,402
2025-03-13 08:18:00,248.5375,248.5375,248.5375,248.5375,1
2025-03-13 08:19:00,250.0,250.0,250.0,250.0,1
2025-03-13 08:22:00,248.5,249.99,248.5,249.99,302
2025-03-13 08:23:00,249.4,250.0,249.4,249.6,4
2025-03-13 08:24:00,249.42,249.42,249.42,249.42,3
2025-03-13 08:25:00,249.43,249.43,249.43,249.43,1
2025-03-13 08:28:00,249.04,249.04,249.04,249.04,1
2025-03-13 08:29:00,249.42,249.42,249.42,249.42,30
2025-03-13 08:32:00,249.42,249.42,248.5,248.5,2
2025-03-13 08:37:00,249.28,249.43,249.0,249.43,403
2025-03-13 08:38:00,249.43,249.43,248.5,248.7,6
2025-03-13 08:44:00,249.42,249.42,249.42,249.42,1
2025-03-13 08:48:00,249.01,249.01,249.01,249.01,1
2025-03-13 08:49:00,249.01,249.01,248.98,249.0,42
2025-03-13 08:50:00,249.32,249.38,249.3,249.38,23
2025-03-13 08:53:00,249.38,249.38,249.38,249.38,30
2025-03-13 08:55:00,248.5,248.5,248.5,248.5,40
2025-03-13 08:57:00,249.99,249.99,249.99,249.99,1
2025-03-13 08:58:00,249.3,249.3,248.5,248.5,4
2025-03-13 08:59:00,249.35,249.35,249.35,249.35,16
2025-03-13 09:01:00,249.32,249.32,249.3,249.3,49
2025-03-13 09:03:00,249.99,249.99,249.3,249.46,4
2025-03-13 09:04:00,249.31,249.31,249.31,249.31,1
2025-03-13 09:07:00,249.0,249.0,249.0,249.0,1
2025-03-13 09:08:00,249.19,249.19,249.19,249.19,28
2025-03-13 09:10:00,249.05,249.07,249.05,249.07,200
2025-03-13 09:12:00,249.01,249.01,249.0,249.0,3
2025-03-13 09:13:00,249.06,249.06,249.06,249.06,5
2025-03-13 09:15:00,249.0,249.0,249.0,249.0,30
2025-03-13 09:17:00,249.0,249.0,248.98,248.98,70
2025-03-13 09:18:00,248.88,248.88,248.88,248.88,5
2025-03-13 09:19:00,248.99,248.99,248.99,248.99,1
2025-03-13 09:20:00,248.5125,249.63,248.5,249.63,1274
2025-03-13 09:21:00,248.71,248.71,248.71,248.71,1
2025-03-13 09:22:00,248.75,248.75,248.75,248.75,6
2025-03-13 09:23:00,248.85,249.0,248.7,249.0,521
2025-03-13 09:25:00,249.0,249.0,249.0,249.0,11
2025-03-13 09:27:00,249.0,249.46,249.0,249.46,38
2025-03-13 09:28:00,249.4,249.63,248.85,248.85,348
2025-03-13 09:30:00,248.8,249.27,248.0,248.475,58398
2025-03-13 09:31:00,248.475,248.71,247.74,247.915,5260
2025-03-13 09:32:00,248.11,248.11,247.7799,247.7799,1909
2025-03-13 09:33:00,248.11,248.11,246.64,247.43,8109
2025-03-13 09:34:00,246.67,247.01,246.59,246.59,7877
2025-03-13 09:35:00,247.21,247.53,246.79,247.22,20043
2025-03-13 09:36:00,247.13,247.4,246.94,247.165,5185
2025-03-13 09:37:00,247.06,247.25,246.94,246.9615,2088
2025-03-13 09:38:00,247.13,247.51,247.0336,247.345,6326
2025-03-13 09:39:00,247.55,247.55,247.095,247.325,5852
2025-03-13 09:40:00,247.33,247.97,247.33,247.69,7957
2025-03-13 09:41:00,247.89,247.92,247.45,247.46,6671
2025-03-13 09:42:00,247.31,247.41,246.97,246.97,10934
2025-03-13 09:43:00,247.0432,247.25,246.76,247.03,16251
2025-03-13 09:44:00,247.111,247.111,246.97,246.99,3591
2025-03-13 09:45:00,246.99,247.36,246.86,247.28,11383
2025-03-13 09:46:00,247.22,247.22,246.96,246.96,3529
2025-03-13 09:47:00,246.905,247.11,246.69,247.11,14276
2025-03-13 09:48:00,246.8427,247.159,246.8427,246.96,3708
2025-03-13 09:49:00,247.065,247.345,246.83,247.345,7527
2025-03-13 09:50:00,247.43,247.6,247.09,247.09,6483
2025-03-13 09:51:00,247.09,247.36,246.99,247.29,7765
2025-03-13 09:52:00,247.29,247.34,247.12,247.34,2659
2025-03-13 09:53:00,247.345,247.345,246.99,247.1525,7599
2025-03-13 09:54:00,247.33,247.33,246.6505,246.6505,11922
2025-03-13 09:55:00,246.64,246.92,246.36,246.7491,8842
2025-03-13 09:56:00,246.85,246.85,246.74,246.75,3264
2025-03-13 09:57:00,246.795,247.02,246.716,246.98,6370
2025-03-13 09:58:00,246.8,246.8,246.7,246.767,4927
2025-03-13 09:59:00,246.9,246.95,246.7217,246.91,5992
2025-03-13 10:00:00,246.76,246.83,246.6,246.82,6034
2025-03-13 10:01:00,246.705,246.705,246.57,246.57,1951
2025-03-13 10:02:00,246.735,246.735,246.06,246.084,19357
2025-03-13 10:03:00,246.21,246.76,246.1,246.595,11913
2025-03-13 10:04:00,246.685,246.72,246.29,246.625,22268
2025-03-13 10:05:00,246.705,247.125,246.705,247.075,10656
2025-03-13 10:06:00,247.14,247.14,246.37,246.6,15962
2025-03-13 10:07:00,246.69,246.77,246.4438,246.4438,11648
2025-03-13 10:08:00,246.64,246.8199,246.5011,246.73,2336
2025-03-13 10:09:00,246.83,246.94,246.75,246.79,6446
2025-03-13 10:10:00,247.03,247.03,246.41,246.61,14791
2025-03-13 10:11:00,246.49,246.74,246.4583,246.4583,9526
2025-03-13 10:12:00,246.4401,247.1625,246.38,247.1625,12325
2025-03-13 10:13:00,247.22,247.22,246.94,246.96,5285
2025-03-13 10:14:00,246.92,247.5,246.8669,247.45,19029
2025-03-13 10:15:00,247.31,247.56,247.29,247.515,7084
2025-03-13 10:16:00,247.28,247.45,247.22,247.45,5086
2025-03-13 10:17:00,247.48,247.56,247.33,247.47,5069
2025-03-13 10:18:00,247.42,247.42,247.07,247.215,8532
2025-03-13 10:19:00,247.205,247.54,247.0929,247.54,4197
2025-03-13 10:20:00,247.46,247.53,247.31,247.345,7409
2025-03-13 10:21:00,247.345,247.345,247.0,247.0,4844
2025-03-13 10:22:00,246.915,246.915,246.68,246.86,8976
2025-03-13 10:23:00,246.75,247.17,246.75,247.13,10002
2025-03-13 10:24:00,247.16,247.57,247.15,247.48,12002
2025-03-13 10:25:00,247.67,248.09,247.67,247.8,12909
2025-03-13 10:26:00,247.72,247.85,247.67,247.73,4782
2025-03-13 10:27:00,247.7362,247.7362,247.295,247.5225,8792
2025-03-13 10:28:00,247.41,247.67,247.1819,247.285,11968
2025-03-13 10:29:00,247.3,247.48,247.23,247.3,9263
2025-03-13 10:30:00,247.45,247.73,247.3,247.59,26985
2025-03-13 10:31:00,247.575,247.575,247.28,247.28,16648
2025-03-13 10:32:00,247.43,247.51,247.34,247.48,6312
2025-03-13 10:33:00,247.4,247.47,247.225,247.26,8046
2025-03-13 10:34:00,247.2426,247.47,247.24,247.365,5245
2025-03-13 10:35:00,247.365,247.4202,247.01,247.04,8152
2025-03-13 10:36:00,247.01,247.2,246.9,246.91,8363
2025-03-13 10:37:00,246.71,247.13,246.71,247.0,9771
2025-03-13 10:38:00,247.025,247.025,246.86,246.96,7216
2025-03-13 10:39:00,246.98,246.98,246.58,246.705,5817
2025-03-13 10:40:00,246.74,246.84,246.41,246.56,14422
2025-03-13 10:41:00,246.61,246.61,246.36,246.4575,3840
2025-03-13 10:42:00,246.505,246.57,246.01,246.14,5471
2025-03-13 10:43:00,246.185,246.38,246.16,246.31,13277
2025-03-13 10:44:00,246.31,246.64,246.31,246.64,12921
2025-03-13 10:45:00,246.6,246.73,246.47,246.68,18990
2025-03-13 10:46:00,246.7,246.795,246.44,246.465,8648
2025-03-13 10:47:00,246.465,246.62,246.425,246.46,4415
2025-03-13 10:48:00,246.53,246.5364,246.26,246.39,8275
2025-03-13 10:49:00,246.38,246.51,246.31,246.485,5290
2025-03-13 10:50:00,246.49,246.58,246.36,246.405,7254
2025-03-13 10:51:00,246.4,246.68,246.36,246.49,9079
2025-03-13 10:52:00,246.495,246.61,246.34,246.34,3951
2025-03-13 10:53:00,246.42,246.825,246.395,246.825,6781
2025-03-13 10:54:00,246.8,246.8,246.49,246.49,2434
2025-03-13 10:55:00,246.35,246.77,246.35,246.69,4100
2025-03-13 10:56:00,246.69,246.69,246.34,246.57,5524
2025-03-13 10:57:00,246.465,246.465,246.13,246.16,5006
2025-03-13 10:58:00,246.14,246.47,246.1,246.335,6266
2025-03-13 10:59:00,246.46,246.98,246.46,246.86,9493
2025-03-13 11:00:00,246.835,247.25,246.8011,247.25,3744
2025-03-13 11:01:00,246.95,247.02,246.825,247.02,3436
2025-03-13 11:02:00,247.105,247.105,246.926,247.01,4512
2025-03-13 11:03:00,247.15,247.19,246.97,247.19,1276
2025-03-13 11:04:00,247.085,247.12,247.025,247.11,2468
2025-03-13 11:05:00,247.085,247.21,246.98,247.02,5262
2025-03-13 11:06:00,247.0104,247.05,246.8308,246.895,2046
2025-03-13 11:07:00,246.78,246.78,246.565,246.58,1499
2025-03-13 11:08:00,246.5149,246.7,246.5149,246.54,2440
2025-03-13 11:09:00,246.38,246.41,246.219,246.36,3655
2025-03-13 11:10:00,246.365,246.46,246.365,246.4,3662
2025-03-13 11:11:00,246.395,246.395,246.27,246.3,3962
2025-03-13 11:12:00,246.39,246.4,246.08,246.28,6481
2025-03-13 11:13:00,246.17,246.23,246.09,246.23,4216
2025-03-13 11:14:00,246.0432,246.1,246.0432,246.1,2065
2025-03-13 11:15:00,246.11,246.135,245.91,246.004,7771
2025-03-13 11:16:00,245.97,246.27,245.97,246.27,5817
2025-03-13 11:17:00,246.31,246.37,246.31,246.36,1886
2025-03-13 11:18:00,246.39,246.39,246.2521,246.36,3822
2025-03-13 11:19:00,246.345,246.69,246.345,246.69,4063
2025-03-13 11:20:00,246.65,246.78,246.62,246.78,1950
2025-03-13 11:21:00,246.86,246.86,246.62,246.64,3404
2025-03-13 11:22:00,246.69,246.76,246.6,246.64,3449
2025-03-13 11:23:00,246.51,246.7899,246.51,246.7899,4327
2025-03-13 11:24:00,246.715,246.77,246.6,246.77,10285
2025-03-13 11:25:00,246.79,246.87,246.53,246.53,3356
2025-03-13 11:26:00,246.52,246.52,246.52,246.52,1378
2025-03-13 11:27:00,246.43,246.45,246.28,246.35,9189
2025-03-13 11:28:00,246.2846,246.55,246.2846,246.345,11088
2025-03-13 11:29:00,246.35,246.45,246.2288,246.26,2587
2025-03-13 11:30:00,246.22,246.44,246.21,246.37,10911
2025-03-13 11:31:00,246.4,246.68,246.305,246.4401,6987
2025-03-13 11:32:00,246.7,246.7,246.44,246.5399,11265
2025-03-13 11:33:00,246.54,246.64,246.47,246.63,3401
2025-03-13 11:34:00,246.55,246.595,246.5,246.595,2262
2025-03-13 11:35:00,246.47,246.54,246.1846,246.1846,4674
2025-03-13 11:36:00,246.14,246.14,245.9229,245.985,3854
2025-03-13 11:37:00,245.985,246.08,245.9,245.9325,11547
2025-03-13 11:38:00,245.93,245.9496,245.44,245.65,5298
2025-03-13 11:39:00,245.46,245.545,245.4,245.4,5176
2025-03-13 11:40:00,245.33,245.33,244.68,244.94,37898
2025-03-13 11:41:00,245.1,245.14,245.1,245.14,2456
2025-03-13 11:42:00,244.93,245.8416,244.9,245.31,29052
2025-03-13 11:43:00,245.65,245.91,245.62,245.89,4061
2025-03-13 11:44:00,245.97,246.2992,245.875,246.03,7114
2025-03-13 11:45:00,246.13,246.13,245.9787,246.13,2637
2025-03-13 11:46:00,245.89,245.9503,245.71,245.71,3788
2025-03-13 11:47:00,245.64,245.78,245.57,245.57,1634
2025-03-13 11:48:00,245.57,245.65,245.405,245.51,6057
2025-03-13 11:49:00,245.5025,245.78,245.5025,245.75,4034
2025-03-13 11:50:00,245.58,245.71,245.36,245.57,2555
2025-03-13 11:51:00,245.36,245.42,244.89,244.89,9755
2025-03-13 11:52:00,244.88,244.95,244.77,244.94,17950
2025-03-13 11:53:00,244.91,244.95,244.8143,244.905,5424
2025-03-13 11:54:00,244.905,245.03,244.8221,244.96,4250
2025-03-13 11:55:00,244.99,244.99,244.73,244.85,3001
2025-03-13 11:56:00,244.69,244.69,244.42,244.565,11692
2025-03-13 11:57:00,244.565,244.735,244.555,244.735,6363
2025-03-13 11:58:00,244.75,244.81,244.54,244.54,8021
2025-03-13 11:59:00,244.7,244.7044,244.52,244.57,5434
2025-03-13 12:00:00,244.59,244.83,244.46,244.65,12799
2025-03-13 12:01:00,244.715,244.715,244.4,244.4,3486
2025-03-13 12:02:00,244.647,244.83,244.51,244.65,5782
2025-03-13 12:03:00,244.69,244.9372,244.58,244.9,6846
2025-03-13 12:04:00,244.8304,245.0,244.8101,244.94,5460
2025-03-13 12:05:00,244.92,245.09,244.92,244.985,5855
2025-03-13 12:06:00,244.985,245.099,244.84,244.84,10225
2025-03-13 12:07:00,244.93,245.05,244.83,244.91,6480
2025-03-13 12:08:00,244.915,245.17,244.76,244.96,5488
2025-03-13 12:09:00,244.96,245.11,244.89,245.0503,3060
2025-03-13 12:10:00,245.15,245.27,244.9201,245.095,15382
2025-03-13 12:11:00,245.05,245.05,244.7901,244.945,7726
2025-03-13 12:12:00,244.945,245.3192,244.8404,245.224,8585
2025-03-13 12:13:00,245.2,245.23,244.9,245.135,4911
2025-03-13 12:14:00,245.12,245.14,244.48,244.56,5898
2025-03-13 12:15:00,244.63,244.63,244.29,244.29,10633
2025-03-13 12:16:00,244.45,244.49,244.34,244.49,5091
2025-03-13 12:17:00,244.51,244.54,244.18,244.24,8876
2025-03-13 12:18:00,244.25,244.55,244.25,244.535,11914
2025-03-13 12:19:00,244.58,244.58,244.38,244.48,3303
2025-03-13 12:20:00,244.385,244.64,244.385,244.575,3990
2025-03-13 12:21:00,244.604,244.67,244.3,244.37,9571
2025-03-13 12:22:00,244.33,244.46,244.22,244.225,8258
2025-03-13 12:23:00,244.19,244.25,244.1,244.16,7182
2025-03-13 12:24:00,244.14,244.1731,243.94,243.995,9669
2025-03-13 12:25:00,243.92,244.11,243.8,244.01,12461
2025-03-13 12:26:00,243.93,244.07,243.85,243.85,3784
2025-03-13 12:27:00,243.79,244.0116,243.76,243.91,6565
2025-03-13 12:28:00,244.03,244.1,243.84,244.1,7540
2025-03-13 12:29:00,244.1,244.13,243.92,244.01,6735
2025-03-13 12:30:00,243.9,244.525,243.86,244.41,12161
2025-03-13 12:31:00,244.525,244.8699,244.4625,244.8458,5134
2025-03-13 12:32:00,244.83,244.84,244.53,244.6563,13319
2025-03-13 12:33:00,244.655,244.72,244.52,244.66,5242
2025-03-13 12:34:00,244.66,245.21,244.58,245.11,36662
2025-03-13 12:35:00,245.07,245.07,244.45,244.47,7813
2025-03-13 12:36:00,244.63,244.7,244.51,244.64,9902
2025-03-13 12:37:00,244.66,244.85,244.57,244.85,4502
2025-03-13 12:38:00,244.8,245.09,244.8,245.09,13216
2025-03-13 12:39:00,244.9736,245.355,244.9736,245.355,2587
2025-03-13 12:40:00,245.39,245.46,245.075,245.1,9042
2025-03-13 12:41:00,245.0,245.2505,244.95,244.95,7571
2025-03-13 12:42:00,244.98,245.04,244.855,245.04,4546
2025-03-13 12:43:00,244.94,245.0186,244.82,244.9825,6736
2025-03-13 12:44:00,244.985,245.07,244.82,244.86,5231
2025-03-13 12:45:00,244.75,244.8288,244.37,244.44,7562
2025-03-13 12:46:00,244.445,244.49,244.15,244.23,9238
2025-03-13 12:47:00,244.32,244.32,243.82,243.885,5654
2025-03-13 12:48:00,243.935,243.935,243.8,243.84,5702
2025-03-13 12:49:00,243.91,244.21,243.894,244.21,7741
2025-03-13 12:50:00,244.1365,244.29,244.02,244.14,7603
2025-03-13 12:51:00,244.095,244.315,244.02,244.09,12587
2025-03-13 12:52:00,244.28,244.58,244.28,244.45,5671
2025-03-13 12:53:00,244.41,244.41,244.1521,244.1521,2153
2025-03-13 12:54:00,244.31,244.31,244.1345,244.31,2743
2025-03-13 12:55:00,244.31,244.31,244.1866,244.31,1837
2025-03-13 12:56:00,244.18,244.41,244.07,244.355,5675
2025-03-13 12:57:00,244.32,244.32,244.2,244.255,3747
2025-03-13 12:58:00,244.32,244.53,244.315,244.53,4539
2025-03-13 12:59:00,244.5659,244.64,244.37,244.64,6193
2025-03-13 13:00:00,244.53,244.635,244.53,244.635,1656
2025-03-13 13:01:00,244.78,244.79,244.57,244.635,9274
2025-03-13 13:02:00,244.52,244.52,244.48,244.48,2323
2025-03-13 13:03:00,244.38,244.38,244.29,244.29,3927
2025-03-13 13:04:00,244.4237,244.87,244.355,244.87,5746
2025-03-13 13:05:00,244.87,244.94,244.75,244.82,5869
2025-03-13 13:06:00,244.74,244.84,244.61,244.61,3667
2025-03-13 13:07:00,244.4201,244.64,244.4201,244.64,2980
2025-03-13 13:08:00,244.72,244.8,244.625,244.8,5368
2025-03-13 13:09:00,244.85,244.97,244.71,244.71,7827
2025-03-13 13:10:00,244.72,244.845,244.65,244.73,9394
2025-03-13 13:11:00,244.73,244.73,244.1,244.185,5343
2025-03-13 13:12:00,244.185,244.31,244.08,244.165,8242
2025-03-13 13:13:00,244.23,244.3064,244.07,244.07,6728
2025-03-13 13:14:00,244.07,244.58,244.07,244.57,5894
2025-03-13 13:15:00,244.435,244.56,244.29,244.29,3079
2025-03-13 13:16:00,244.37,244.4,244.23,244.375,2989
2025-03-13 13:17:00,244.2245,244.3307,244.1803,244.1803,2735
2025-03-13 13:18:00,244.31,244.4,244.3,244.3192,3457
2025-03-13 13:19:00,244.42,244.47,244.26,244.47,3653
2025-03-13 13:20:00,244.5,244.62,244.2689,244.53,8448
2025-03-13 13:21:00,244.495,244.6,244.45,244.5803,2344
2025-03-13 13:22:00,244.5795,244.64,244.5,244.64,3845
2025-03-13 13:23:00,244.6,244.6704,244.45,244.57,3637
2025-03-13 13:24:00,244.59,244.595,244.4903,244.56,8919
2025-03-13 13:25:00,244.56,244.66,244.36,244.525,17183
2025-03-13 13:26:00,244.6,244.63,244.4996,244.63,10975
2025-03-13 13:27:00,244.65,244.66,244.45,244.66,5330
2025-03-13 13:28:00,244.585,244.77,244.585,244.71,6267
2025-03-13 13:29:00,244.715,244.715,244.44,244.615,3633
2025-03-13 13:30:00,244.4929,244.65,244.44,244.48,6149
2025-03-13 13:31:00,244.48,244.485,244.1501,244.22,6156
2025-03-13 13:32:00,244.215,244.215,244.04,244.15,2349
2025-03-13 13:33:00,244.12,244.26,243.92,244.14,5282
2025-03-13 13:34:00,244.09,244.115,244.09,244.095,3316
2025-03-13 13:35:00,244.1525,244.1525,243.7097,243.835,12378
2025-03-13 13:36:00,243.78,243.9019,243.69,243.69,3974
2025-03-13 13:37:00,243.67,243.72,243.44,243.5975,28568
2025-03-13 13:38:00,243.63,243.66,243.5,243.5837,4243
2025-03-13 13:39:00,243.6,243.78,243.58,243.735,13442
2025-03-13 13:40:00,243.78,244.01,243.78,243.8,7763
2025-03-13 13:41:00,243.8,243.8082,243.5,243.53,4673
2025-03-13 13:42:00,243.4801,243.71,243.4801,243.59,6274
2025-03-13 13:43:00,243.6,243.74,243.46,243.47,17668
2025-03-13 13:44:00,243.42,243.45,243.35,243.42,10059
2025-03-13 13:45:00,243.42,243.49,243.261,243.31,19780
2025-03-13 13:46:00,243.38,243.38,243.04,243.215,26858
2025-03-13 13:47:00,243.35,243.81,243.35,243.765,9107
2025-03-13 13:48:00,243.765,243.7868,243.4,243.4,2372
2025-03-13 13:49:00,243.4,243.65,243.4,243.605,4675
2025-03-13 13:50:00,243.71,243.88,243.62,243.88,2068
2025-03-13 13:51:00,243.93,244.0,243.8012,243.9486,4936
2025-03-13 13:52:00,244.05,244.23,244.05,244.225,5074
2025-03-13 13:53:00,244.1309,244.195,244.0742,244.085,4228
2025-03-13 13:54:00,244.02,244.23,243.99,244.12,7756
2025-03-13 13:55:00,244.11,244.12,243.9575,244.02,6803
2025-03-13 13:56:00,244.01,244.045,244.01,244.045,2503
2025-03-13 13:57:00,244.02,244.0925,243.78,243.855,4086
2025-03-13 13:58:00,243.85,243.855,243.71,243.755,2702
2025-03-13 13:59:00,243.755,243.755,243.55,243.64,2188
2025-03-13 14:00:00,243.6155,243.925,243.59,243.925,7416
2025-03-13 14:01:00,243.85,244.0,243.57,243.965,10339
2025-03-13 14:02:00,244.07,244.08,244.0,244.02,4447
2025-03-13 14:03:00,244.085,244.21,243.98,244.135,9624
2025-03-13 14:04:00,244.0856,244.22,244.05,244.16,4613
2025-03-13 14:05:00,244.19,244.265,244.19,244.225,1101
2025-03-13 14:06:00,244.36,244.37,244.21,244.305,3817
2025-03-13 14:07:00,244.3536,244.43,244.305,244.375,1899
2025-03-13 14:08:00,244.39,244.59,244.375,244.59,4518
2025-03-13 14:09:00,244.39,244.46,244.3,244.46,3346
2025-03-13 14:10:00,244.37,244.65,244.37,244.58,3891
2025-03-13 14:11:00,244.57,244.79,244.56,244.79,5318
2025-03-13 14:12:00,244.8,244.87,244.79,244.85,2951
2025-03-13 14:13:00,244.87,245.26,244.87,245.24,8858
2025-03-13 14:14:00,245.2,245.36,245.19,245.205,6918
2025-03-13 14:15:00,245.08,245.14,244.8724,245.08,4942
2025-03-13 14:16:00,245.08,245.08,244.89,245.01,8785
2025-03-13 14:17:00,244.87,245.13,244.87,245.13,7221
2025-03-13 14:18:00,245.13,245.14,244.99,245.11,7880
2025-03-13 14:19:00,245.045,245.24,245.045,245.105,5907
2025-03-13 14:20:00,244.97,245.33,244.97,245.33,7518
2025-03-13 14:21:00,245.31,245.31,245.2,245.265,2014
2025-03-13 14:22:00,245.28,245.42,245.26,245.35,3647
2025-03-13 14:23:00,245.35,245.5588,245.28,245.53,7219
2025-03-13 14:24:00,245.54,245.6399,245.48,245.56,7782
2025-03-13 14:25:00,245.56,245.715,245.53,245.71,5093
2025-03-13 14:26:00,245.69,245.73,245.5204,245.62,6265
2025-03-13 14:27:00,245.62,245.71,245.54,245.6175,11859
2025-03-13 14:28:00,245.6,245.66,245.3,245.65,17194
2025-03-13 14:29:00,245.66,245.76,245.62,245.76,5958
2025-03-13 14:30:00,245.7,245.74,245.51,245.59,7657
2025-03-13 14:31:00,245.67,245.81,245.66,245.71,3530
2025-03-13 14:32:00,245.71,245.87,245.71,245.81,2683
2025-03-13 14:33:00,245.795,246.165,245.74,246.165,7183
2025-03-13 14:34:00,246.18,246.3599,245.97,246.02,18592
2025-03-13 14:35:00,246.04,246.11,245.94,246.04,2496
2025-03-13 14:36:00,245.95,246.16,245.89,246.02,5847
2025-03-13 14:37:00,246.05,246.23,246.05,246.23,4121
2025-03-13 14:38:00,246.175,246.27,246.14,246.23,3271
2025-03-13 14:39:00,246.23,246.23,246.03,246.04,6410
2025-03-13 14:40:00,246.04,246.16,246.04,246.06,2790
2025-03-13 14:41:00,246.05,246.25,246.02,246.13,3249
2025-03-13 14:42:00,246.31,246.35,246.31,246.35,3681
2025-03-13 14:43:00,246.3,246.6475,246.28,246.585,6399
2025-03-13 14:44:00,246.68,246.8075,246.6416,246.73,6476
2025-03-13 14:45:00,246.73,246.77,246.58,246.685,7861
2025-03-13 14:46:00,246.77,246.95,246.64,246.95,3635
2025-03-13 14:47:00,246.86,247.07,246.86,247.04,2605
2025-03-13 14:48:00,247.03,247.27,246.99,247.215,7893
2025-03-13 14:49:00,247.16,247.18,247.07,247.075,5032
2025-03-13 14:50:00,246.98,247.08,246.82,246.835,4968
2025-03-13 14:51:00,247.0,247.1,246.84,246.84,6625
2025-03-13 14:52:00,246.9,246.94,246.57,246.665,5953
2025-03-13 14:53:00,246.76,246.76,246.36,246.36,5151
2025-03-13 14:54:00,246.4223,246.7,246.4223,246.68,5350
2025-03-13 14:55:00,246.6912,246.785,246.53,246.78,12992
2025-03-13 14:56:00,246.78,246.78,246.505,246.61,4539
2025-03-13 14:57:00,246.53,246.61,246.4446,246.61,2230
2025-03-13 14:58:00,246.7,246.84,246.7,246.82,4323
2025-03-13 14:59:00,246.9,246.9,246.69,246.69,8009
2025-03-13 15:00:00,246.725,246.9199,246.5434,246.9199,10133
2025-03-13 15:01:00,246.92,246.9577,246.64,246.9068,4233
2025-03-13 15:02:00,246.735,246.735,246.5,246.62,2537
2025-03-13 15:03:00,246.62,246.62,246.35,246.35,6549
2025-03-13 15:04:00,246.35,246.35,246.055,246.18,5374
2025-03-13 15:05:00,246.195,246.205,245.9501,245.9501,4015
2025-03-13 15:06:00,246.17,246.175,245.9484,246.035,4889
2025-03-13 15:07:00,246.0061,246.11,245.95,246.03,6588
2025-03-13 15:08:00,245.96,246.12,245.925,246.06,10347
2025-03-13 15:09:00,246.06,246.07,245.76,245.89,8129
2025-03-13 15:10:00,245.75,245.89,245.735,245.75,10698
2025-03-13 15:11:00,245.65,246.07,245.64,246.07,8112
2025-03-13 15:12:00,246.07,246.285,246.07,246.22,5704
2025-03-13 15:13:00,246.35,246.41,246.255,246.32,30515
2025-03-13 15:14:00,246.305,246.485,246.3,246.33,8107
2025-03-13 15:15:00,246.35,246.46,246.33,246.46,4009
2025-03-13 15:16:00,246.46,246.57,246.432,246.515,3624
2025-03-13 15:17:00,246.45,246.47,246.25,246.375,4231
2025-03-13 15:18:00,246.375,246.375,246.27,246.3,1938
2025-03-13 15:19:00,246.3,246.55,246.29,246.43,6011
2025-03-13 15:20:00,246.4609,246.4609,246.1,246.1609,5649
2025-03-13 15:21:00,246.185,246.28,246.09,246.09,5507
2025-03-13 15:22:00,246.0525,246.135,246.0525,246.135,2236
2025-03-13 15:23:00,246.12,246.1847,246.115,246.115,3999
2025-03-13 15:24:00,246.115,246.115,246.02,246.065,3653
2025-03-13 15:25:00,246.065,246.11,245.76,245.93,5153
2025-03-13 15:26:00,245.78,245.9,245.675,245.675,5034
2025-03-13 15:27:00,245.665,245.76,245.54,245.565,5695
2025-03-13 15:28:00,245.53,245.67,245.45,245.61,14059
2025-03-13 15:29:00,245.535,245.79,245.535,245.71,8151
2025-03-13 15:30:00,245.71,245.72,245.48,245.56,8601
2025-03-13 15:31:00,245.6,245.85,245.6,245.67,5907
2025-03-13 15:32:00,245.68,245.83,245.58,245.585,6583
2025-03-13 15:33:00,245.65,246.0,245.5819,246.0,9061
2025-03-13 15:34:00,246.02,246.18,245.92,246.11,8540
2025-03-13 15:35:00,246.15,246.15,245.76,245.77,14373
2025-03-13 15:36:00,245.78,245.85,245.6,245.68,13835
2025-03-13 15:37:00,245.651,245.651,245.445,245.54,15096
2025-03-13 15:38:00,245.54,245.57,245.33,245.33,15192
2025-03-13 15:39:00,245.34,245.63,245.34,245.59,14512
2025-03-13 15:40:00,245.51,245.7,245.495,245.7,8765
2025-03-13 15:41:00,245.745,245.82,245.55,245.55,8397
2025-03-13 15:42:00,245.68,245.7,245.46,245.545,7089
2025-03-13 15:43:00,245.5475,245.63,245.48,245.63,4873
2025-03-13 15:44:00,245.56,245.79,245.56,245.725,9759
2025-03-13 15:45:00,245.65,245.675,245.5,245.585,7049
2025-03-13 15:46:00,245.535,245.77,245.49,245.77,7987
2025-03-13 15:47:00,245.65,245.8,245.63,245.68,8761
2025-03-13 15:48:00,245.7372,245.75,245.55,245.55,19176
2025-03-13 15:49:00,245.63,245.7,245.54,245.6911,10224
2025-03-13 15:50:00,245.61,245.765,245.365,245.47,34404
2025-03-13 15:51:00,245.49,245.49,244.99,245.11,17487
2025-03-13 15:52:00,245.13,245.34,245.13,245.315,17335
2025-03-13 15:53:00,245.325,245.5,245.27,245.31,20277
2025-03-13 15:54:00,245.27,245.57,245.25,245.44,24821
2025-03-13 15:55:00,245.55,245.69,245.37,245.4,29631
2025-03-13 15:56:00,245.42,245.72,245.37,245.555,38871
2025-03-13 15:57:00,245.58,245.675,245.49,245.585,37506
2025-03-13 15:58:00,245.56,245.7,245.56,245.67,44150
2025-03-13 15:59:00,245.66,245.87,245.55,245.63,103306
2025-03-13 16:00:00,245.63,245.8,245.54,245.8,1085457
2025-03-13 16:01:00,245.8,247.33,245.8,245.8,9062
2025-03-13 16:02:00,245.8,245.8,245.4,245.8,41023
2025-03-13 16:03:00,245.8,245.8,244.18,244.18,11255
2025-03-13 16:05:00,245.8,245.8,245.8,245.8,317
2025-03-13 16:07:00,245.55,245.55,245.55,245.55,1
2025-03-13 16:09:00,244.18,245.55,244.18,245.55,61
2025-03-13 16:10:00,245.8,245.8,245.55,245.8,508870
2025-03-13 16:11:00,245.8,245.8,245.8,245.8,3
2025-03-13 16:12:00,247.0,247.0,247.0,247.0,1
2025-03-13 16:13:00,246.3,246.3,246.3,246.3,4
2025-03-13 16:15:00,245.8,245.8,245.8,245.8,2
2025-03-13 16:17:00,245.8382,245.8382,245.8382,245.8382,2
2025-03-13 16:19:00,245.8,245.8,245.8,245.8,115
2025-03-13 16:20:00,246.3,246.3,246.3,246.3,2
2025-03-13 16:26:00,246.5,246.5,246.5,246.5,41
2025-03-13 16:29:00,246.32,246.32,246.32,246.32,1
2025-03-13 16:39:00,247.0,247.0,247.0,247.0,1
2025-03-13 16:41:00,246.94,246.94,245.8,245.8,28647
2025-03-13 16:42:00,246.5,246.5,245.99,246.0,54
2025-03-13 16:44:00,246.0,246.0,246.0,246.0,93
2025-03-13 16:53:00,246.0,246.0,246.0,246.0,1
2025-03-13 16:57:00,246.0,246.0,246.0,246.0,2
2025-03-13 16:58:00,246.05,246.05,246.05,246.05,2
2025-03-13 17:00:00,245.82,245.82,245.82,245.82,1
2025-03-13 17:04:00,246.03,246.03,246.03,246.03,50
2025-03-13 17:05:00,247.0,247.0,245.82,245.82,3
2025-03-13 17:09:00,245.8,245.8,245.8,245.8,955
2025-03-13 17:14:00,246.05,246.05,246.05,246.05,50
2025-03-13 17:16:00,246.03,246.03,246.03,246.03,14
2025-03-13 17:17:00,246.67,246.67,245.8495,245.8495,5
2025-03-13 17:18:00,245.82,245.82,245.82,245.82,1
2025-03-13 17:21:00,246.03,246.03,246.03,246.03,1
2025-03-13 17:23:00,246.03,246.97,246.03,246.97,43
2025-03-13 17:24:00,246.05,246.05,246.05,246.05,1
2025-03-13 17:32:00,247.0,247.0,247.0,247.0,1
2025-03-13 17:39:00,246.03,246.03,246.03,246.03,5
2025-03-13 17:41:00,246.03,246.05,246.03,246.05,6
2025-03-13 17:46:00,247.0,247.0,247.0,247.0,5
2025-03-13 17:50:00,246.03,246.03,246.03,246.03,12
2025-03-13 17:52:00,246.04,246.04,246.04,246.04,4
2025-03-13 17:54:00,246.97,246.97,246.97,246.97,1
2025-03-13 17:56:00,246.97,246.97,246.97,246.97,2
2025-03-13 18:05:00,246.03,246.03,246.03,246.03,1
2025-03-13 18:06:00,246.69,246.69,246.69,246.69,1
2025-03-13 18:11:00,246.69,246.69,246.69,246.69,15
2025-03-13 18:12:00,246.23,246.7,246.05,246.7,4
2025-03-13 18:15:00,246.84,246.85,246.82,246.84,114
2025-03-13 18:19:00,246.9988,246.9988,246.9988,246.9988,1
2025-03-13 18:20:00,246.95,246.95,246.95,246.95,5
2025-03-13 18:22:00,246.75,246.75,246.69,246.69,24
2025-03-13 18:28:00,247.0,247.0,247.0,247.0,4
2025-03-13 18:30:00,245.8,245.8,245.8,245.8,507004
2025-03-13 18:31:00,246.98,246.98,246.98,246.98,5
2025-03-13 18:39:00,246.98,246.98,246.98,246.98,15
2025-03-13 18:41:00,246.95,246.95,246.95,246.95,35
2025-03-13 18:44:00,246.98,246.98,246.98,246.98,1
2025-03-13 18:46:00,246.9753,246.9753,246.9753,246.9753,5
2025-03-13 18:47:00,246.01,246.01,246.01,246.01,20
2025-03-13 18:50:00,246.71,246.71,246.71,246.71,3
2025-03-13 18:55:00,246.7,246.7,246.7,246.7,20
2025-03-13 19:00:00,245.8,245.8,245.8,245.8,507004
2025-03-13 19:01:00,246.0737,246.0737,246.0737,246.0737,5
2025-03-13 19:04:00,247.0,247.01,247.0,247.01,150
2025-03-13 19:11:00,247.0082,247.31,247.0082,247.31,20
2025-03-13 19:22:00,247.0,247.1,247.0,247.1,3
2025-03-13 19:26:00,246.82,246.82,246.82,246.82,1
2025-03-13 19:28:00,247.33,247.33,247.33,247.33,1
2025-03-13 19:31:00,246.81,246.81,246.81,246.81,20
2025-03-13 19:35:00,247.0,247.0,247.0,247.0,42
2025-03-13 19:39:00,247.33,247.33,247.33,247.33,10
2025-03-13 19:40:00,247.2,247.2,247.2,247.2,2
2025-03-13 19:46:00,247.0,247.0,247.0,247.0,1
2025-03-13 19:48:00,247.0,247.0,246.8,247.0,81
2025-03-13 19:55:00,246.425,246.425,246.425,246.425,3
2025-03-13 19:56:00,246.8,246.8,246.8,246.8,2
2025-03-13 19:58:00,246.69,246.69,246.5,246.5,30
